incident_id,timestamp,service,region,severity,metric_type,metric_value,description,action_taken,resolution_time_minutes
I00001,01-01-2026 00:00,Search,North,Critical,CPU,381.59,Auto generated incident log,Rolled back deployment,105
I00002,01-01-2026 01:00,Billing,South,Medium,Latency,915.89,Auto generated incident log,Rolled back deployment,67
I00003,01-01-2026 02:00,Payment,North,Low,CPU,69.25,Auto generated incident log,Optimized queries,102
I00004,01-01-2026 03:00,Auth,West,Low,CPU,507.42,Auto generated incident log,Increased cache,110
I00005,01-01-2026 04:00,Search,West,Medium,CPU,841.59,Auto generated incident log,Increased cache,104
I00006,01-01-2026 05:00,Payment,East,Medium,Throughput,854.4,Auto generated incident log,Optimized queries,17
I00007,01-01-2026 06:00,Payment,North,Low,CPU,514.23,Auto generated incident log,Restarted service,52
I00008,01-01-2026 07:00,Auth,South,Low,CPU,71.26,Auto generated incident log,Increased cache,20
I00009,01-01-2026 08:00,Billing,East,High,CPU,156.48,Auto generated incident log,Restarted service,9
I00010,01-01-2026 09:00,Billing,South,Low,Throughput,93.67,Auto generated incident log,Scaled up instances,109
I00011,01-01-2026 10:00,Auth,North,Low,Latency,676.52,Auto generated incident log,Rolled back deployment,119
I00012,01-01-2026 11:00,Orders,West,Low,CPU,640.35,Auto generated incident log,Scaled up instances,73
I00013,01-01-2026 12:00,Billing,North,Medium,ErrorRate,104.91,Auto generated incident log,Optimized queries,84
I00014,01-01-2026 13:00,Orders,East,Medium,Memory,891.67,Auto generated incident log,Optimized queries,33
I00015,01-01-2026 14:00,Billing,North,High,Throughput,487.99,Auto generated incident log,Optimized queries,102
I00016,01-01-2026 15:00,Search,West,High,Memory,444.08,Auto generated incident log,Optimized queries,22
I00017,01-01-2026 16:00,Billing,North,Medium,ErrorRate,660.46,Auto generated incident log,Optimized queries,16
I00018,01-01-2026 17:00,Orders,West,High,Latency,979.98,Auto generated incident log,Optimized queries,13
I00019,01-01-2026 18:00,Billing,North,Low,Throughput,317.95,Auto generated incident log,Increased cache,42
I00020,01-01-2026 19:00,Orders,West,Low,Latency,806.19,Auto generated incident log,Restarted service,43
I00021,01-01-2026 20:00,Billing,South,Low,Memory,246.92,Auto generated incident log,Scaled up instances,65
I00022,01-01-2026 21:00,Auth,West,High,Throughput,123.35,Auto generated incident log,Rolled back deployment,102
I00023,01-01-2026 22:00,Auth,West,High,Latency,980.15,Auto generated incident log,Optimized queries,71
I00024,01-01-2026 23:00,Payment,North,High,Memory,835.69,Auto generated incident log,Increased cache,62
I00025,02-01-2026 00:00,Auth,West,Low,Memory,38.13,Auto generated incident log,Optimized queries,76
I00026,02-01-2026 01:00,Auth,North,Medium,Latency,451.72,Auto generated incident log,Optimized queries,75
I00027,02-01-2026 02:00,Auth,North,Medium,ErrorRate,879.63,Auto generated incident log,Rolled back deployment,95
I00028,02-01-2026 03:00,Auth,North,Medium,Latency,316.31,Auto generated incident log,Optimized queries,91
I00029,02-01-2026 04:00,Payment,North,Low,Throughput,911.67,Auto generated incident log,Restarted service,42
I00030,02-01-2026 05:00,Billing,East,Low,Throughput,872.04,Auto generated incident log,Optimized queries,95
I00031,02-01-2026 06:00,Auth,South,Low,Memory,428.85,Auto generated incident log,Increased cache,75
I00032,02-01-2026 07:00,Payment,East,Low,Latency,276.32,Auto generated incident log,Optimized queries,50
I00033,02-01-2026 08:00,Payment,West,High,Memory,857.34,Auto generated incident log,Scaled up instances,29
I00034,02-01-2026 09:00,Search,North,Low,Memory,356.85,Auto generated incident log,Optimized queries,118
I00035,02-01-2026 10:00,Orders,East,Medium,ErrorRate,584.95,Auto generated incident log,Rolled back deployment,7
I00036,02-01-2026 11:00,Auth,West,Medium,Latency,872.96,Auto generated incident log,Optimized queries,32
I00037,02-01-2026 12:00,Payment,South,Low,Memory,26.3,Auto generated incident log,Increased cache,49
I00038,02-01-2026 13:00,Search,North,Medium,Memory,820.87,Auto generated incident log,Optimized queries,75
I00039,02-01-2026 14:00,Auth,South,Low,Throughput,270.29,Auto generated incident log,Rolled back deployment,21
I00040,02-01-2026 15:00,Auth,South,Low,Throughput,138.51,Auto generated incident log,Optimized queries,96
I00041,02-01-2026 16:00,Search,South,High,CPU,635.52,Auto generated incident log,Scaled up instances,90
I00042,02-01-2026 17:00,Billing,East,Low,Throughput,293.13,Auto generated incident log,Rolled back deployment,94
I00043,02-01-2026 18:00,Payment,North,Low,CPU,973.23,Auto generated incident log,Scaled up instances,20
I00044,02-01-2026 19:00,Auth,South,Critical,Throughput,664.43,Auto generated incident log,Scaled up instances,18
I00045,02-01-2026 20:00,Search,South,Low,Latency,713.05,Auto generated incident log,Restarted service,61
I00046,02-01-2026 21:00,Billing,East,Medium,Latency,318.9,Auto generated incident log,Increased cache,21
I00047,02-01-2026 22:00,Orders,North,Low,ErrorRate,421.08,Auto generated incident log,Scaled up instances,86
I00048,02-01-2026 23:00,Billing,South,Low,ErrorRate,729.03,Auto generated incident log,Restarted service,64
I00049,03-01-2026 00:00,Payment,South,Low,CPU,951.58,Auto generated incident log,Scaled up instances,26
I00050,03-01-2026 01:00,Search,North,High,Throughput,450.16,Auto generated incident log,Rolled back deployment,49
I00051,03-01-2026 02:00,Auth,East,High,Latency,77.17,Auto generated incident log,Scaled up instances,73
I00052,03-01-2026 03:00,Orders,South,Low,CPU,430.1,Auto generated incident log,Optimized queries,104
I00053,03-01-2026 04:00,Payment,East,Low,ErrorRate,67.21,Auto generated incident log,Restarted service,81
I00054,03-01-2026 05:00,Billing,North,Medium,Throughput,904.39,Auto generated incident log,Scaled up instances,12
I00055,03-01-2026 06:00,Auth,North,High,Memory,999.58,Auto generated incident log,Increased cache,73
I00056,03-01-2026 07:00,Orders,South,High,ErrorRate,304.32,Auto generated incident log,Restarted service,46
I00057,03-01-2026 08:00,Orders,West,Low,CPU,450.56,Auto generated incident log,Optimized queries,84
I00058,03-01-2026 09:00,Auth,North,Medium,Memory,225.46,Auto generated incident log,Restarted service,51
I00059,03-01-2026 10:00,Payment,West,High,Memory,269.51,Auto generated incident log,Scaled up instances,45
I00060,03-01-2026 11:00,Auth,West,Medium,Throughput,38.28,Auto generated incident log,Rolled back deployment,66
I00061,03-01-2026 12:00,Search,South,Medium,Latency,443.04,Auto generated incident log,Rolled back deployment,105
I00062,03-01-2026 13:00,Billing,North,Low,Throughput,18.57,Auto generated incident log,Optimized queries,115
I00063,03-01-2026 14:00,Search,West,Medium,Throughput,848.87,Auto generated incident log,Scaled up instances,39
I00064,03-01-2026 15:00,Auth,South,Low,Throughput,525.28,Auto generated incident log,Scaled up instances,80
I00065,03-01-2026 16:00,Search,South,Low,Throughput,519.37,Auto generated incident log,Rolled back deployment,84
I00066,03-01-2026 17:00,Payment,North,Medium,CPU,993.98,Auto generated incident log,Optimized queries,42
I00067,03-01-2026 18:00,Payment,North,Medium,ErrorRate,892.81,Auto generated incident log,Rolled back deployment,51
I00068,03-01-2026 19:00,Orders,East,Critical,Throughput,211.37,Auto generated incident log,Rolled back deployment,56
I00069,03-01-2026 20:00,Orders,North,Low,Latency,209.01,Auto generated incident log,Increased cache,116
I00070,03-01-2026 21:00,Auth,East,Medium,Latency,539.18,Auto generated incident log,Increased cache,96
I00071,03-01-2026 22:00,Search,East,High,CPU,626.93,Auto generated incident log,Increased cache,68
I00072,03-01-2026 23:00,Billing,South,Medium,Latency,877.29,Auto generated incident log,Optimized queries,61
I00073,04-01-2026 00:00,Orders,West,High,Memory,216.6,Auto generated incident log,Optimized queries,59
I00074,04-01-2026 01:00,Payment,South,Low,ErrorRate,38.72,Auto generated incident log,Rolled back deployment,7
I00075,04-01-2026 02:00,Payment,South,High,Latency,36.6,Auto generated incident log,Scaled up instances,30
I00076,04-01-2026 03:00,Auth,South,Low,Throughput,508.45,Auto generated incident log,Restarted service,67
I00077,04-01-2026 04:00,Auth,South,Medium,CPU,71.46,Auto generated incident log,Scaled up instances,34
I00078,04-01-2026 05:00,Search,South,Low,ErrorRate,195.04,Auto generated incident log,Scaled up instances,97
I00079,04-01-2026 06:00,Payment,West,Medium,Latency,18.37,Auto generated incident log,Rolled back deployment,55
I00080,04-01-2026 07:00,Payment,North,High,Throughput,353.84,Auto generated incident log,Restarted service,92
I00081,04-01-2026 08:00,Billing,West,Medium,Throughput,756.23,Auto generated incident log,Optimized queries,59
I00082,04-01-2026 09:00,Orders,West,Low,ErrorRate,844.4,Auto generated incident log,Restarted service,56
I00083,04-01-2026 10:00,Billing,West,Low,CPU,531.53,Auto generated incident log,Optimized queries,48
I00084,04-01-2026 11:00,Search,West,Low,Latency,652.89,Auto generated incident log,Scaled up instances,13
I00085,04-01-2026 12:00,Search,West,Medium,Throughput,523.92,Auto generated incident log,Rolled back deployment,87
I00086,04-01-2026 13:00,Payment,South,Medium,Throughput,608.11,Auto generated incident log,Restarted service,17
I00087,04-01-2026 14:00,Search,North,Low,Latency,705.61,Auto generated incident log,Restarted service,99
I00088,04-01-2026 15:00,Billing,West,Low,ErrorRate,240.87,Auto generated incident log,Optimized queries,111
I00089,04-01-2026 16:00,Search,West,Critical,Latency,928.46,Auto generated incident log,Rolled back deployment,90
I00090,04-01-2026 17:00,Billing,North,Low,Memory,392.59,Auto generated incident log,Rolled back deployment,34
I00091,04-01-2026 18:00,Billing,South,Medium,Latency,748.19,Auto generated incident log,Rolled back deployment,105
I00092,04-01-2026 19:00,Billing,East,Medium,Latency,60.41,Auto generated incident log,Restarted service,74
I00093,04-01-2026 20:00,Auth,East,High,Latency,967.62,Auto generated incident log,Rolled back deployment,73
I00094,04-01-2026 21:00,Payment,West,Low,CPU,999.39,Auto generated incident log,Rolled back deployment,35
I00095,04-01-2026 22:00,Billing,South,Low,Throughput,808.29,Auto generated incident log,Scaled up instances,38
I00096,04-01-2026 23:00,Orders,South,Critical,Memory,291.36,Auto generated incident log,Restarted service,37
I00097,05-01-2026 00:00,Payment,East,Low,CPU,5.22,Auto generated incident log,Increased cache,67
I00098,05-01-2026 01:00,Orders,North,High,CPU,757.36,Auto generated incident log,Scaled up instances,89
I00099,05-01-2026 02:00,Billing,West,High,ErrorRate,276.83,Auto generated incident log,Rolled back deployment,10
I00100,05-01-2026 03:00,Auth,North,Medium,ErrorRate,12.55,Auto generated incident log,Optimized queries,46
I00101,05-01-2026 04:00,Auth,North,Low,CPU,785.33,Auto generated incident log,Restarted service,28
I00102,05-01-2026 05:00,Payment,West,High,Throughput,517.92,Auto generated incident log,Increased cache,92
I00103,05-01-2026 06:00,Orders,West,High,Throughput,929.04,Auto generated incident log,Rolled back deployment,21
I00104,05-01-2026 07:00,Billing,West,Medium,CPU,280.11,Auto generated incident log,Increased cache,93
I00105,05-01-2026 08:00,Billing,North,Medium,CPU,184.78,Auto generated incident log,Rolled back deployment,22
I00106,05-01-2026 09:00,Payment,North,Medium,ErrorRate,268.78,Auto generated incident log,Scaled up instances,59
I00107,05-01-2026 10:00,Billing,South,Low,ErrorRate,42.75,Auto generated incident log,Increased cache,108
I00108,05-01-2026 11:00,Auth,South,Medium,ErrorRate,450.99,Auto generated incident log,Rolled back deployment,69
I00109,05-01-2026 12:00,Billing,West,Medium,Latency,226,Auto generated incident log,Rolled back deployment,93
I00110,05-01-2026 13:00,Auth,North,Low,ErrorRate,449.91,Auto generated incident log,Scaled up instances,91
I00111,05-01-2026 14:00,Payment,East,High,CPU,146.81,Auto generated incident log,Optimized queries,78
I00112,05-01-2026 15:00,Orders,West,Low,Throughput,183.65,Auto generated incident log,Rolled back deployment,22
I00113,05-01-2026 16:00,Search,South,Low,CPU,252.12,Auto generated incident log,Restarted service,78
I00114,05-01-2026 17:00,Auth,West,High,CPU,9.42,Auto generated incident log,Optimized queries,89
I00115,05-01-2026 18:00,Orders,North,Medium,Throughput,44.41,Auto generated incident log,Scaled up instances,21
I00116,05-01-2026 19:00,Billing,East,High,Memory,989.75,Auto generated incident log,Scaled up instances,104
I00117,05-01-2026 20:00,Billing,East,Medium,ErrorRate,19.3,Auto generated incident log,Increased cache,76
I00118,05-01-2026 21:00,Orders,East,Critical,CPU,758.94,Auto generated incident log,Increased cache,51
I00119,05-01-2026 22:00,Orders,North,High,Memory,714.22,Auto generated incident log,Optimized queries,34
I00120,05-01-2026 23:00,Payment,East,Low,CPU,406.68,Auto generated incident log,Increased cache,53
I00121,06-01-2026 00:00,Auth,South,Medium,CPU,182.77,Auto generated incident log,Increased cache,105
I00122,06-01-2026 01:00,Orders,East,High,Throughput,356.97,Auto generated incident log,Scaled up instances,58
I00123,06-01-2026 02:00,Orders,West,Low,Memory,174.44,Auto generated incident log,Scaled up instances,96
I00124,06-01-2026 03:00,Payment,South,High,CPU,610.68,Auto generated incident log,Increased cache,31
I00125,06-01-2026 04:00,Auth,East,Medium,Latency,53.43,Auto generated incident log,Scaled up instances,9
I00126,06-01-2026 05:00,Orders,East,Low,Throughput,448.72,Auto generated incident log,Scaled up instances,84
I00127,06-01-2026 06:00,Billing,East,Low,Latency,732.98,Auto generated incident log,Increased cache,47
I00128,06-01-2026 07:00,Payment,East,Low,Memory,254.32,Auto generated incident log,Scaled up instances,17
I00129,06-01-2026 08:00,Auth,East,Medium,Memory,166.72,Auto generated incident log,Scaled up instances,26
I00130,06-01-2026 09:00,Orders,South,Critical,Memory,256.34,Auto generated incident log,Increased cache,6
I00131,06-01-2026 10:00,Auth,North,High,ErrorRate,784.34,Auto generated incident log,Optimized queries,118
I00132,06-01-2026 11:00,Billing,East,Low,Throughput,85.81,Auto generated incident log,Restarted service,30
I00133,06-01-2026 12:00,Orders,North,Medium,Latency,537.57,Auto generated incident log,Restarted service,10
I00134,06-01-2026 13:00,Payment,East,Low,CPU,126.56,Auto generated incident log,Increased cache,86
I00135,06-01-2026 14:00,Payment,North,Low,ErrorRate,580.87,Auto generated incident log,Optimized queries,113
I00136,06-01-2026 15:00,Auth,East,Low,Memory,835.4,Auto generated incident log,Optimized queries,39
I00137,06-01-2026 16:00,Payment,North,Medium,Memory,910.17,Auto generated incident log,Restarted service,34
I00138,06-01-2026 17:00,Auth,East,Medium,CPU,523.27,Auto generated incident log,Rolled back deployment,78
I00139,06-01-2026 18:00,Search,East,Low,Latency,315.13,Auto generated incident log,Increased cache,30
I00140,06-01-2026 19:00,Auth,North,Low,CPU,646.31,Auto generated incident log,Scaled up instances,18
I00141,06-01-2026 20:00,Auth,South,Low,Memory,889.11,Auto generated incident log,Rolled back deployment,23
I00142,06-01-2026 21:00,Billing,West,Low,Latency,392.19,Auto generated incident log,Optimized queries,56
I00143,06-01-2026 22:00,Billing,North,Low,Throughput,568.18,Auto generated incident log,Restarted service,49
I00144,06-01-2026 23:00,Search,North,High,ErrorRate,6.59,Auto generated incident log,Restarted service,100
I00145,07-01-2026 00:00,Payment,East,Low,Throughput,793.81,Auto generated incident log,Rolled back deployment,92
I00146,07-01-2026 01:00,Search,North,Low,Memory,520.8,Auto generated incident log,Restarted service,31
I00147,07-01-2026 02:00,Payment,North,Low,ErrorRate,531.19,Auto generated incident log,Increased cache,90
I00148,07-01-2026 03:00,Search,South,Medium,ErrorRate,335.61,Auto generated incident log,Rolled back deployment,56
I00149,07-01-2026 04:00,Auth,West,Low,CPU,768.58,Auto generated incident log,Rolled back deployment,17
I00150,07-01-2026 05:00,Orders,South,Low,Throughput,975.05,Auto generated incident log,Restarted service,61
I00151,07-01-2026 06:00,Billing,East,High,Latency,711.28,Auto generated incident log,Increased cache,91
I00152,07-01-2026 07:00,Payment,West,Medium,ErrorRate,796.29,Auto generated incident log,Restarted service,28
I00153,07-01-2026 08:00,Payment,South,Low,Latency,112.8,Auto generated incident log,Optimized queries,53
I00154,07-01-2026 09:00,Search,West,Low,Throughput,830.95,Auto generated incident log,Scaled up instances,68
I00155,07-01-2026 10:00,Auth,North,Low,ErrorRate,12.22,Auto generated incident log,Restarted service,77
I00156,07-01-2026 11:00,Auth,North,Low,Throughput,297.96,Auto generated incident log,Optimized queries,52
I00157,07-01-2026 12:00,Payment,South,High,ErrorRate,772.79,Auto generated incident log,Restarted service,25
I00158,07-01-2026 13:00,Payment,South,Low,Memory,388.82,Auto generated incident log,Optimized queries,31
I00159,07-01-2026 14:00,Billing,South,Medium,CPU,658.5,Auto generated incident log,Optimized queries,45
I00160,07-01-2026 15:00,Orders,West,Medium,Throughput,985.59,Auto generated incident log,Scaled up instances,76
I00161,07-01-2026 16:00,Search,South,Low,Memory,10.88,Auto generated incident log,Scaled up instances,62
I00162,07-01-2026 17:00,Billing,East,High,ErrorRate,523.94,Auto generated incident log,Rolled back deployment,44
I00163,07-01-2026 18:00,Orders,South,Low,Throughput,888.97,Auto generated incident log,Optimized queries,98
I00164,07-01-2026 19:00,Payment,South,Medium,Throughput,309.46,Auto generated incident log,Optimized queries,22
I00165,07-01-2026 20:00,Search,South,Medium,Throughput,647.04,Auto generated incident log,Restarted service,70
I00166,07-01-2026 21:00,Search,South,Low,CPU,568.96,Auto generated incident log,Optimized queries,20
I00167,07-01-2026 22:00,Auth,East,High,Throughput,723.49,Auto generated incident log,Scaled up instances,77
I00168,07-01-2026 23:00,Orders,South,Critical,Latency,908.05,Auto generated incident log,Increased cache,117
I00169,08-01-2026 00:00,Billing,South,Low,Throughput,882.06,Auto generated incident log,Restarted service,98
I00170,08-01-2026 01:00,Search,West,Low,Latency,930.9,Auto generated incident log,Rolled back deployment,68
I00171,08-01-2026 02:00,Payment,North,Medium,ErrorRate,803.61,Auto generated incident log,Scaled up instances,78
I00172,08-01-2026 03:00,Payment,East,High,Latency,530.65,Auto generated incident log,Scaled up instances,7
I00173,08-01-2026 04:00,Billing,West,Medium,ErrorRate,533.9,Auto generated incident log,Increased cache,113
I00174,08-01-2026 05:00,Orders,South,Low,Latency,383.42,Auto generated incident log,Optimized queries,106
I00175,08-01-2026 06:00,Billing,East,Low,CPU,238.97,Auto generated incident log,Rolled back deployment,41
I00176,08-01-2026 07:00,Orders,South,Medium,Throughput,678.03,Auto generated incident log,Restarted service,114
I00177,08-01-2026 08:00,Payment,West,Medium,CPU,367.63,Auto generated incident log,Rolled back deployment,96
I00178,08-01-2026 09:00,Search,East,Medium,Throughput,556.88,Auto generated incident log,Optimized queries,110
I00179,08-01-2026 10:00,Payment,North,Low,Latency,604.44,Auto generated incident log,Optimized queries,9
I00180,08-01-2026 11:00,Payment,East,Medium,CPU,434.17,Auto generated incident log,Optimized queries,98
I00181,08-01-2026 12:00,Billing,East,Medium,ErrorRate,523.67,Auto generated incident log,Scaled up instances,119
I00182,08-01-2026 13:00,Orders,South,High,ErrorRate,382.09,Auto generated incident log,Scaled up instances,91
I00183,08-01-2026 14:00,Auth,East,Low,Latency,852.72,Auto generated incident log,Restarted service,29
I00184,08-01-2026 15:00,Payment,West,High,Memory,895.39,Auto generated incident log,Restarted service,67
I00185,08-01-2026 16:00,Billing,East,Low,Throughput,554.44,Auto generated incident log,Increased cache,109
I00186,08-01-2026 17:00,Search,East,High,Latency,907.07,Auto generated incident log,Optimized queries,44
I00187,08-01-2026 18:00,Payment,West,Low,ErrorRate,63.19,Auto generated incident log,Restarted service,77
I00188,08-01-2026 19:00,Auth,North,High,Latency,95.35,Auto generated incident log,Rolled back deployment,46
I00189,08-01-2026 20:00,Orders,East,High,ErrorRate,552.18,Auto generated incident log,Increased cache,17
I00190,08-01-2026 21:00,Billing,West,Medium,Throughput,985.54,Auto generated incident log,Scaled up instances,91
I00191,08-01-2026 22:00,Billing,West,Critical,ErrorRate,878.77,Auto generated incident log,Rolled back deployment,72
I00192,08-01-2026 23:00,Search,West,Low,CPU,618.91,Auto generated incident log,Optimized queries,19
I00193,09-01-2026 00:00,Search,North,Low,CPU,435.82,Auto generated incident log,Scaled up instances,99
I00194,09-01-2026 01:00,Search,South,Low,Throughput,492.18,Auto generated incident log,Scaled up instances,67
I00195,09-01-2026 02:00,Search,East,High,Latency,403.22,Auto generated incident log,Increased cache,24
I00196,09-01-2026 03:00,Orders,North,High,CPU,876.47,Auto generated incident log,Rolled back deployment,94
I00197,09-01-2026 04:00,Search,North,High,Latency,725.67,Auto generated incident log,Restarted service,50
I00198,09-01-2026 05:00,Search,East,Low,Throughput,38.22,Auto generated incident log,Optimized queries,53
I00199,09-01-2026 06:00,Billing,North,Low,ErrorRate,915.83,Auto generated incident log,Scaled up instances,86
I00200,09-01-2026 07:00,Search,South,Critical,Throughput,213.19,Auto generated incident log,Restarted service,94
I00201,09-01-2026 08:00,Orders,West,Medium,Latency,225.15,Auto generated incident log,Restarted service,89
I00202,09-01-2026 09:00,Billing,West,High,CPU,732.11,Auto generated incident log,Restarted service,28
I00203,09-01-2026 10:00,Billing,West,Medium,Latency,831.84,Auto generated incident log,Scaled up instances,112
I00204,09-01-2026 11:00,Payment,South,Low,Memory,217.56,Auto generated incident log,Rolled back deployment,65
I00205,09-01-2026 12:00,Search,North,High,Memory,868.08,Auto generated incident log,Increased cache,119
I00206,09-01-2026 13:00,Search,South,Critical,Memory,70.71,Auto generated incident log,Optimized queries,106
I00207,09-01-2026 14:00,Payment,East,Critical,CPU,468.81,Auto generated incident log,Scaled up instances,22
I00208,09-01-2026 15:00,Search,North,Low,Memory,380.9,Auto generated incident log,Increased cache,15
I00209,09-01-2026 16:00,Auth,East,Critical,Memory,406.24,Auto generated incident log,Restarted service,46
I00210,09-01-2026 17:00,Payment,South,Low,Latency,652.58,Auto generated incident log,Scaled up instances,47
I00211,09-01-2026 18:00,Orders,North,Critical,Latency,949.04,Auto generated incident log,Scaled up instances,62
I00212,09-01-2026 19:00,Orders,North,Low,Latency,581.7,Auto generated incident log,Optimized queries,55
I00213,09-01-2026 20:00,Orders,North,Medium,Memory,240.63,Auto generated incident log,Restarted service,35
I00214,09-01-2026 21:00,Payment,South,High,Latency,524.45,Auto generated incident log,Increased cache,71
I00215,09-01-2026 22:00,Orders,North,High,ErrorRate,612.28,Auto generated incident log,Scaled up instances,6
I00216,09-01-2026 23:00,Auth,East,High,Memory,360.54,Auto generated incident log,Rolled back deployment,97
I00217,10-01-2026 00:00,Billing,North,Low,CPU,340.9,Auto generated incident log,Rolled back deployment,104
I00218,10-01-2026 01:00,Payment,West,Medium,CPU,991.3,Auto generated incident log,Restarted service,107
I00219,10-01-2026 02:00,Billing,East,Medium,ErrorRate,326.38,Auto generated incident log,Optimized queries,34
I00220,10-01-2026 03:00,Billing,North,Low,ErrorRate,728.58,Auto generated incident log,Scaled up instances,40
I00221,10-01-2026 04:00,Auth,South,Medium,CPU,925.45,Auto generated incident log,Optimized queries,13
I00222,10-01-2026 05:00,Search,East,Medium,Memory,555.16,Auto generated incident log,Restarted service,58
I00223,10-01-2026 06:00,Auth,West,High,Throughput,661.2,Auto generated incident log,Rolled back deployment,23
I00224,10-01-2026 07:00,Billing,West,High,CPU,963.24,Auto generated incident log,Restarted service,35
I00225,10-01-2026 08:00,Auth,East,Medium,Latency,50.75,Auto generated incident log,Increased cache,70
I00226,10-01-2026 09:00,Orders,West,Low,ErrorRate,924.4,Auto generated incident log,Restarted service,23
I00227,10-01-2026 10:00,Auth,West,Low,Latency,769.95,Auto generated incident log,Increased cache,107
I00228,10-01-2026 11:00,Payment,East,High,ErrorRate,680.59,Auto generated incident log,Restarted service,69
I00229,10-01-2026 12:00,Payment,South,High,Latency,18.04,Auto generated incident log,Rolled back deployment,15
I00230,10-01-2026 13:00,Orders,East,Low,ErrorRate,325.1,Auto generated incident log,Increased cache,41
I00231,10-01-2026 14:00,Billing,East,Low,CPU,592.01,Auto generated incident log,Increased cache,54
I00232,10-01-2026 15:00,Auth,South,Low,ErrorRate,602.56,Auto generated incident log,Increased cache,49
I00233,10-01-2026 16:00,Payment,East,High,Memory,682.06,Auto generated incident log,Restarted service,29
I00234,10-01-2026 17:00,Payment,West,Critical,Latency,914.21,Auto generated incident log,Scaled up instances,80
I00235,10-01-2026 18:00,Search,West,High,CPU,178.41,Auto generated incident log,Scaled up instances,62
I00236,10-01-2026 19:00,Auth,West,High,Latency,132.57,Auto generated incident log,Increased cache,61
I00237,10-01-2026 20:00,Payment,South,Low,Throughput,659.51,Auto generated incident log,Increased cache,31
I00238,10-01-2026 21:00,Billing,East,High,Memory,633.48,Auto generated incident log,Increased cache,96
I00239,10-01-2026 22:00,Search,South,Medium,Memory,154.47,Auto generated incident log,Scaled up instances,49
I00240,10-01-2026 23:00,Orders,North,Low,Throughput,539.83,Auto generated incident log,Rolled back deployment,111
I00241,11-01-2026 00:00,Search,East,Medium,Memory,512.49,Auto generated incident log,Increased cache,12
I00242,11-01-2026 01:00,Billing,North,Critical,CPU,778.82,Auto generated incident log,Scaled up instances,61
I00243,11-01-2026 02:00,Billing,South,Low,Latency,512.29,Auto generated incident log,Restarted service,63
I00244,11-01-2026 03:00,Search,East,Low,Latency,682.3,Auto generated incident log,Restarted service,9
I00245,11-01-2026 04:00,Payment,East,Low,Throughput,879.98,Auto generated incident log,Optimized queries,58
I00246,11-01-2026 05:00,Payment,South,Medium,Throughput,580.31,Auto generated incident log,Increased cache,16
I00247,11-01-2026 06:00,Payment,East,Low,CPU,510.64,Auto generated incident log,Increased cache,82
I00248,11-01-2026 07:00,Billing,South,Low,Throughput,333.78,Auto generated incident log,Scaled up instances,89
I00249,11-01-2026 08:00,Auth,North,Medium,Memory,672.39,Auto generated incident log,Increased cache,39
I00250,11-01-2026 09:00,Billing,South,High,Latency,237.52,Auto generated incident log,Increased cache,94
I00251,11-01-2026 10:00,Auth,East,Medium,CPU,338.42,Auto generated incident log,Increased cache,33
I00252,11-01-2026 11:00,Orders,North,Low,CPU,334.15,Auto generated incident log,Increased cache,105
I00253,11-01-2026 12:00,Orders,East,Low,Throughput,948.8,Auto generated incident log,Rolled back deployment,21
I00254,11-01-2026 13:00,Billing,North,Medium,CPU,752.95,Auto generated incident log,Rolled back deployment,67
I00255,11-01-2026 14:00,Search,East,Low,Memory,356,Auto generated incident log,Optimized queries,32
I00256,11-01-2026 15:00,Billing,North,High,CPU,738.8,Auto generated incident log,Restarted service,105
I00257,11-01-2026 16:00,Billing,West,Low,Memory,630,Auto generated incident log,Restarted service,36
I00258,11-01-2026 17:00,Payment,North,Medium,Throughput,139.11,Auto generated incident log,Optimized queries,27
I00259,11-01-2026 18:00,Search,West,Medium,ErrorRate,616.7,Auto generated incident log,Rolled back deployment,39
I00260,11-01-2026 19:00,Orders,West,Critical,Memory,789.72,Auto generated incident log,Increased cache,44
I00261,11-01-2026 20:00,Billing,East,Low,Throughput,933.49,Auto generated incident log,Optimized queries,20
I00262,11-01-2026 21:00,Search,North,Critical,ErrorRate,38.34,Auto generated incident log,Optimized queries,47
I00263,11-01-2026 22:00,Billing,East,Low,Latency,766.22,Auto generated incident log,Scaled up instances,79
I00264,11-01-2026 23:00,Orders,West,Low,Memory,189.24,Auto generated incident log,Optimized queries,54
I00265,12-01-2026 00:00,Search,South,Medium,ErrorRate,579.25,Auto generated incident log,Scaled up instances,29
I00266,12-01-2026 01:00,Payment,North,High,ErrorRate,601.75,Auto generated incident log,Rolled back deployment,14
I00267,12-01-2026 02:00,Orders,East,Low,Memory,76.55,Auto generated incident log,Restarted service,35
I00268,12-01-2026 03:00,Auth,North,Low,Latency,748.59,Auto generated incident log,Scaled up instances,63
I00269,12-01-2026 04:00,Search,South,Medium,Throughput,462.72,Auto generated incident log,Optimized queries,8
I00270,12-01-2026 05:00,Orders,North,Medium,Latency,974.72,Auto generated incident log,Restarted service,35
I00271,12-01-2026 06:00,Payment,South,Medium,CPU,791.62,Auto generated incident log,Scaled up instances,101
I00272,12-01-2026 07:00,Auth,South,High,CPU,115.1,Auto generated incident log,Rolled back deployment,10
I00273,12-01-2026 08:00,Billing,East,Low,Memory,214.89,Auto generated incident log,Scaled up instances,56
I00274,12-01-2026 09:00,Auth,West,Low,Throughput,155.09,Auto generated incident log,Scaled up instances,76
I00275,12-01-2026 10:00,Search,West,Low,Latency,485.59,Auto generated incident log,Optimized queries,39
I00276,12-01-2026 11:00,Search,East,Low,Throughput,826.76,Auto generated incident log,Optimized queries,90
I00277,12-01-2026 12:00,Auth,North,Medium,CPU,559.91,Auto generated incident log,Restarted service,69
I00278,12-01-2026 13:00,Orders,East,Low,Throughput,457.45,Auto generated incident log,Restarted service,66
I00279,12-01-2026 14:00,Payment,West,Critical,CPU,266.01,Auto generated incident log,Optimized queries,16
I00280,12-01-2026 15:00,Orders,West,Low,Memory,96.44,Auto generated incident log,Optimized queries,9
I00281,12-01-2026 16:00,Billing,West,High,Latency,131,Auto generated incident log,Optimized queries,98
I00282,12-01-2026 17:00,Payment,North,Medium,Latency,335.78,Auto generated incident log,Increased cache,49
I00283,12-01-2026 18:00,Orders,West,High,ErrorRate,244.76,Auto generated incident log,Increased cache,109
I00284,12-01-2026 19:00,Billing,North,Low,CPU,455.86,Auto generated incident log,Restarted service,58
I00285,12-01-2026 20:00,Search,West,Low,CPU,596.61,Auto generated incident log,Increased cache,39
I00286,12-01-2026 21:00,Billing,North,Medium,Throughput,551.87,Auto generated incident log,Restarted service,57
I00287,12-01-2026 22:00,Search,West,Low,ErrorRate,43.17,Auto generated incident log,Rolled back deployment,50
I00288,12-01-2026 23:00,Payment,West,Medium,Latency,228.48,Auto generated incident log,Rolled back deployment,119
I00289,13-01-2026 00:00,Billing,South,Low,Throughput,153.57,Auto generated incident log,Restarted service,49
I00290,13-01-2026 01:00,Orders,North,Medium,CPU,881.14,Auto generated incident log,Rolled back deployment,43
I00291,13-01-2026 02:00,Orders,East,Critical,Memory,595.28,Auto generated incident log,Optimized queries,90
I00292,13-01-2026 03:00,Billing,North,Low,Memory,739.3,Auto generated incident log,Optimized queries,61
I00293,13-01-2026 04:00,Auth,South,High,Latency,756.64,Auto generated incident log,Increased cache,97
I00294,13-01-2026 05:00,Orders,East,High,ErrorRate,411.12,Auto generated incident log,Rolled back deployment,46
I00295,13-01-2026 06:00,Auth,North,Low,Latency,179.85,Auto generated incident log,Scaled up instances,21
I00296,13-01-2026 07:00,Auth,West,Medium,Memory,372.06,Auto generated incident log,Rolled back deployment,104
I00297,13-01-2026 08:00,Auth,West,Low,Latency,279.96,Auto generated incident log,Restarted service,48
I00298,13-01-2026 09:00,Payment,South,Medium,Throughput,30.19,Auto generated incident log,Restarted service,107
I00299,13-01-2026 10:00,Billing,South,Low,CPU,81.89,Auto generated incident log,Rolled back deployment,112
I00300,13-01-2026 11:00,Billing,South,Medium,CPU,107.32,Auto generated incident log,Restarted service,107
I00301,13-01-2026 12:00,Orders,North,High,CPU,83.88,Auto generated incident log,Scaled up instances,102
I00302,13-01-2026 13:00,Orders,West,Medium,ErrorRate,375.99,Auto generated incident log,Rolled back deployment,75
I00303,13-01-2026 14:00,Search,South,Medium,Latency,981.32,Auto generated incident log,Rolled back deployment,15
I00304,13-01-2026 15:00,Auth,West,High,Latency,791.94,Auto generated incident log,Restarted service,91
I00305,13-01-2026 16:00,Billing,South,Critical,ErrorRate,23.56,Auto generated incident log,Scaled up instances,34
I00306,13-01-2026 17:00,Payment,North,Critical,ErrorRate,771.46,Auto generated incident log,Increased cache,42
I00307,13-01-2026 18:00,Payment,West,High,CPU,776.32,Auto generated incident log,Optimized queries,6
I00308,13-01-2026 19:00,Search,West,Low,ErrorRate,439,Auto generated incident log,Scaled up instances,91
I00309,13-01-2026 20:00,Orders,West,Medium,CPU,225.11,Auto generated incident log,Rolled back deployment,40
I00310,13-01-2026 21:00,Billing,North,Low,CPU,504.74,Auto generated incident log,Increased cache,77
I00311,13-01-2026 22:00,Auth,East,Low,Throughput,301.91,Auto generated incident log,Rolled back deployment,10
I00312,13-01-2026 23:00,Search,North,Low,Throughput,514.26,Auto generated incident log,Restarted service,52
I00313,14-01-2026 00:00,Auth,North,Low,ErrorRate,334.53,Auto generated incident log,Restarted service,50
I00314,14-01-2026 01:00,Auth,South,High,ErrorRate,99.82,Auto generated incident log,Rolled back deployment,23
I00315,14-01-2026 02:00,Orders,South,Low,Memory,683,Auto generated incident log,Rolled back deployment,80
I00316,14-01-2026 03:00,Billing,East,Low,Latency,516.4,Auto generated incident log,Increased cache,43
I00317,14-01-2026 04:00,Payment,North,Low,CPU,35.64,Auto generated incident log,Rolled back deployment,71
I00318,14-01-2026 05:00,Search,South,Medium,Latency,117.15,Auto generated incident log,Rolled back deployment,8
I00319,14-01-2026 06:00,Payment,East,Medium,ErrorRate,107.97,Auto generated incident log,Restarted service,67
I00320,14-01-2026 07:00,Billing,East,High,Memory,490.26,Auto generated incident log,Scaled up instances,100
I00321,14-01-2026 08:00,Orders,East,Medium,Latency,594.57,Auto generated incident log,Restarted service,5
I00322,14-01-2026 09:00,Search,East,High,Latency,604.05,Auto generated incident log,Restarted service,77
I00323,14-01-2026 10:00,Auth,South,Medium,ErrorRate,575.33,Auto generated incident log,Optimized queries,94
I00324,14-01-2026 11:00,Auth,West,Medium,Latency,339.56,Auto generated incident log,Restarted service,53
I00325,14-01-2026 12:00,Billing,North,High,Memory,19.63,Auto generated incident log,Optimized queries,40
I00326,14-01-2026 13:00,Billing,East,Low,CPU,74.44,Auto generated incident log,Increased cache,74
I00327,14-01-2026 14:00,Payment,South,Low,Memory,58.12,Auto generated incident log,Increased cache,5
I00328,14-01-2026 15:00,Orders,East,Low,Throughput,924.38,Auto generated incident log,Scaled up instances,114
I00329,14-01-2026 16:00,Auth,South,Medium,ErrorRate,680.56,Auto generated incident log,Restarted service,108
I00330,14-01-2026 17:00,Search,East,High,Memory,875.46,Auto generated incident log,Restarted service,102
I00331,14-01-2026 18:00,Payment,North,Low,Memory,648.93,Auto generated incident log,Increased cache,109
I00332,14-01-2026 19:00,Auth,North,Medium,Latency,615.45,Auto generated incident log,Rolled back deployment,110
I00333,14-01-2026 20:00,Payment,South,High,Throughput,53.1,Auto generated incident log,Scaled up instances,91
I00334,14-01-2026 21:00,Orders,North,High,Throughput,842.99,Auto generated incident log,Increased cache,68
I00335,14-01-2026 22:00,Orders,North,Medium,ErrorRate,777.02,Auto generated incident log,Rolled back deployment,115
I00336,14-01-2026 23:00,Billing,South,High,ErrorRate,815.26,Auto generated incident log,Rolled back deployment,99
I00337,15-01-2026 00:00,Search,West,Medium,Latency,294.79,Auto generated incident log,Scaled up instances,47
I00338,15-01-2026 01:00,Orders,West,Low,ErrorRate,914.7,Auto generated incident log,Restarted service,119
I00339,15-01-2026 02:00,Orders,South,Critical,ErrorRate,773.27,Auto generated incident log,Scaled up instances,33
I00340,15-01-2026 03:00,Orders,North,Critical,CPU,879.1,Auto generated incident log,Scaled up instances,22
I00341,15-01-2026 04:00,Payment,South,Low,ErrorRate,741.13,Auto generated incident log,Increased cache,93
I00342,15-01-2026 05:00,Orders,West,Medium,ErrorRate,183.45,Auto generated incident log,Scaled up instances,35
I00343,15-01-2026 06:00,Payment,North,Medium,ErrorRate,100.77,Auto generated incident log,Optimized queries,32
I00344,15-01-2026 07:00,Billing,West,Medium,Memory,602.45,Auto generated incident log,Optimized queries,76
I00345,15-01-2026 08:00,Auth,North,Low,Throughput,35.63,Auto generated incident log,Scaled up instances,7
I00346,15-01-2026 09:00,Payment,West,Critical,CPU,104.17,Auto generated incident log,Restarted service,21
I00347,15-01-2026 10:00,Orders,East,Medium,CPU,978.93,Auto generated incident log,Optimized queries,49
I00348,15-01-2026 11:00,Search,West,Low,Memory,628.33,Auto generated incident log,Scaled up instances,118
I00349,15-01-2026 12:00,Payment,East,Medium,ErrorRate,623.6,Auto generated incident log,Scaled up instances,14
I00350,15-01-2026 13:00,Billing,West,Low,ErrorRate,765.32,Auto generated incident log,Increased cache,95
I00351,15-01-2026 14:00,Search,West,Low,Latency,759.02,Auto generated incident log,Restarted service,50
I00352,15-01-2026 15:00,Search,West,Low,Latency,916.83,Auto generated incident log,Restarted service,115
I00353,15-01-2026 16:00,Search,East,Low,Latency,818.3,Auto generated incident log,Optimized queries,10
I00354,15-01-2026 17:00,Payment,West,Low,CPU,894.64,Auto generated incident log,Scaled up instances,32
I00355,15-01-2026 18:00,Search,South,Medium,CPU,216.18,Auto generated incident log,Optimized queries,118
I00356,15-01-2026 19:00,Auth,North,Critical,Latency,12.1,Auto generated incident log,Rolled back deployment,100
I00357,15-01-2026 20:00,Orders,North,High,Latency,157.63,Auto generated incident log,Scaled up instances,43
I00358,15-01-2026 21:00,Payment,South,Low,ErrorRate,154.83,Auto generated incident log,Rolled back deployment,102
I00359,15-01-2026 22:00,Auth,South,High,Throughput,592.12,Auto generated incident log,Restarted service,76
I00360,15-01-2026 23:00,Billing,South,Low,CPU,81.27,Auto generated incident log,Restarted service,82
I00361,16-01-2026 00:00,Orders,North,Low,Latency,588.75,Auto generated incident log,Increased cache,10
I00362,16-01-2026 01:00,Search,North,Low,CPU,849.06,Auto generated incident log,Increased cache,20
I00363,16-01-2026 02:00,Billing,West,Medium,Throughput,219.68,Auto generated incident log,Optimized queries,116
I00364,16-01-2026 03:00,Billing,West,Medium,ErrorRate,528.72,Auto generated incident log,Rolled back deployment,32
I00365,16-01-2026 04:00,Orders,North,Medium,ErrorRate,634.58,Auto generated incident log,Scaled up instances,87
I00366,16-01-2026 05:00,Auth,South,Low,CPU,234.56,Auto generated incident log,Optimized queries,86
I00367,16-01-2026 06:00,Orders,South,Low,Memory,944.58,Auto generated incident log,Scaled up instances,106
I00368,16-01-2026 07:00,Payment,North,Medium,Memory,83.09,Auto generated incident log,Optimized queries,53
I00369,16-01-2026 08:00,Search,North,High,Latency,141.18,Auto generated incident log,Increased cache,87
I00370,16-01-2026 09:00,Search,West,Low,Memory,79.27,Auto generated incident log,Scaled up instances,95
I00371,16-01-2026 10:00,Orders,East,High,Throughput,125.75,Auto generated incident log,Scaled up instances,90
I00372,16-01-2026 11:00,Payment,South,Medium,Throughput,642.9,Auto generated incident log,Increased cache,33
I00373,16-01-2026 12:00,Payment,East,Critical,ErrorRate,616.49,Auto generated incident log,Increased cache,110
I00374,16-01-2026 13:00,Payment,South,Low,ErrorRate,818.08,Auto generated incident log,Increased cache,49
I00375,16-01-2026 14:00,Payment,North,Low,Latency,369.9,Auto generated incident log,Scaled up instances,51
I00376,16-01-2026 15:00,Orders,North,Medium,CPU,845.04,Auto generated incident log,Optimized queries,93
I00377,16-01-2026 16:00,Billing,North,Medium,Memory,537.61,Auto generated incident log,Restarted service,119
I00378,16-01-2026 17:00,Payment,East,Low,CPU,766.68,Auto generated incident log,Increased cache,101
I00379,16-01-2026 18:00,Billing,North,Medium,CPU,438.94,Auto generated incident log,Optimized queries,88
I00380,16-01-2026 19:00,Auth,North,Medium,Memory,3.59,Auto generated incident log,Rolled back deployment,72
I00381,16-01-2026 20:00,Orders,East,Low,Latency,827.95,Auto generated incident log,Restarted service,64
I00382,16-01-2026 21:00,Auth,West,Medium,Memory,604.16,Auto generated incident log,Increased cache,115
I00383,16-01-2026 22:00,Orders,North,High,CPU,921.5,Auto generated incident log,Restarted service,31
I00384,16-01-2026 23:00,Billing,North,High,Memory,770,Auto generated incident log,Rolled back deployment,5
I00385,17-01-2026 00:00,Auth,North,Low,CPU,163.14,Auto generated incident log,Scaled up instances,49
I00386,17-01-2026 01:00,Search,West,Medium,Latency,801.05,Auto generated incident log,Rolled back deployment,43
I00387,17-01-2026 02:00,Auth,North,High,Memory,341.44,Auto generated incident log,Rolled back deployment,64
I00388,17-01-2026 03:00,Auth,West,Low,Memory,578.96,Auto generated incident log,Optimized queries,89
I00389,17-01-2026 04:00,Orders,North,Low,ErrorRate,838.3,Auto generated incident log,Rolled back deployment,49
I00390,17-01-2026 05:00,Billing,South,High,Latency,965.63,Auto generated incident log,Increased cache,45
I00391,17-01-2026 06:00,Auth,North,Low,CPU,739.82,Auto generated incident log,Scaled up instances,20
I00392,17-01-2026 07:00,Payment,North,High,Memory,166.17,Auto generated incident log,Scaled up instances,64
I00393,17-01-2026 08:00,Orders,South,Medium,ErrorRate,646.74,Auto generated incident log,Increased cache,7
I00394,17-01-2026 09:00,Auth,East,Low,CPU,625.56,Auto generated incident log,Rolled back deployment,105
I00395,17-01-2026 10:00,Orders,West,Low,Latency,908.19,Auto generated incident log,Scaled up instances,96
I00396,17-01-2026 11:00,Payment,West,Critical,Latency,750.37,Auto generated incident log,Rolled back deployment,19
I00397,17-01-2026 12:00,Payment,East,Medium,Latency,141.26,Auto generated incident log,Scaled up instances,60
I00398,17-01-2026 13:00,Search,East,Medium,Memory,634.32,Auto generated incident log,Restarted service,101
I00399,17-01-2026 14:00,Billing,North,Critical,Memory,114.53,Auto generated incident log,Rolled back deployment,15
I00400,17-01-2026 15:00,Auth,West,Medium,Throughput,452.6,Auto generated incident log,Restarted service,83
I00401,17-01-2026 16:00,Payment,South,Low,CPU,602.37,Auto generated incident log,Optimized queries,28
I00402,17-01-2026 17:00,Billing,North,Low,ErrorRate,45.14,Auto generated incident log,Optimized queries,56
I00403,17-01-2026 18:00,Payment,South,Low,Throughput,786.62,Auto generated incident log,Increased cache,107
I00404,17-01-2026 19:00,Search,West,Low,ErrorRate,95.56,Auto generated incident log,Increased cache,94
I00405,17-01-2026 20:00,Orders,East,Low,ErrorRate,528.62,Auto generated incident log,Optimized queries,96
I00406,17-01-2026 21:00,Billing,East,Low,Latency,281.83,Auto generated incident log,Restarted service,51
I00407,17-01-2026 22:00,Search,West,Low,CPU,721.47,Auto generated incident log,Scaled up instances,24
I00408,17-01-2026 23:00,Orders,South,Low,ErrorRate,663.64,Auto generated incident log,Optimized queries,39
I00409,18-01-2026 00:00,Billing,North,Medium,Throughput,180.49,Auto generated incident log,Rolled back deployment,64
I00410,18-01-2026 01:00,Orders,North,High,CPU,575.25,Auto generated incident log,Optimized queries,51
I00411,18-01-2026 02:00,Billing,West,Low,Throughput,262.42,Auto generated incident log,Restarted service,6
I00412,18-01-2026 03:00,Payment,East,Low,ErrorRate,153.87,Auto generated incident log,Restarted service,27
I00413,18-01-2026 04:00,Payment,North,High,Memory,932.74,Auto generated incident log,Increased cache,87
I00414,18-01-2026 05:00,Billing,North,High,Latency,702.7,Auto generated incident log,Scaled up instances,74
I00415,18-01-2026 06:00,Orders,North,Low,Latency,66.99,Auto generated incident log,Scaled up instances,15
I00416,18-01-2026 07:00,Orders,South,Medium,CPU,826.77,Auto generated incident log,Rolled back deployment,89
I00417,18-01-2026 08:00,Billing,North,Low,CPU,39.59,Auto generated incident log,Optimized queries,27
I00418,18-01-2026 09:00,Orders,North,Medium,Latency,408.42,Auto generated incident log,Rolled back deployment,55
I00419,18-01-2026 10:00,Search,East,High,ErrorRate,916.2,Auto generated incident log,Optimized queries,18
I00420,18-01-2026 11:00,Payment,East,Low,CPU,222.21,Auto generated incident log,Increased cache,60
I00421,18-01-2026 12:00,Payment,West,Low,Memory,684.3,Auto generated incident log,Restarted service,97
I00422,18-01-2026 13:00,Billing,South,Low,Latency,432.15,Auto generated incident log,Increased cache,64
I00423,18-01-2026 14:00,Search,South,Low,Memory,465.34,Auto generated incident log,Increased cache,16
I00424,18-01-2026 15:00,Billing,North,Medium,ErrorRate,412.98,Auto generated incident log,Increased cache,62
I00425,18-01-2026 16:00,Search,East,Low,Latency,926.94,Auto generated incident log,Optimized queries,59
I00426,18-01-2026 17:00,Search,North,High,Latency,433,Auto generated incident log,Restarted service,42
I00427,18-01-2026 18:00,Billing,West,Medium,Memory,58.91,Auto generated incident log,Rolled back deployment,44
I00428,18-01-2026 19:00,Payment,East,Medium,Latency,887.55,Auto generated incident log,Scaled up instances,20
I00429,18-01-2026 20:00,Search,West,High,ErrorRate,773.38,Auto generated incident log,Rolled back deployment,111
I00430,18-01-2026 21:00,Auth,South,Low,Throughput,272.92,Auto generated incident log,Restarted service,23
I00431,18-01-2026 22:00,Billing,North,High,Memory,844.31,Auto generated incident log,Restarted service,43
I00432,18-01-2026 23:00,Billing,North,Low,Latency,598.87,Auto generated incident log,Restarted service,45
I00433,19-01-2026 00:00,Search,East,Medium,Memory,39.67,Auto generated incident log,Scaled up instances,39
I00434,19-01-2026 01:00,Orders,East,Low,Memory,632.92,Auto generated incident log,Scaled up instances,114
I00435,19-01-2026 02:00,Orders,East,High,Memory,113.65,Auto generated incident log,Optimized queries,55
I00436,19-01-2026 03:00,Orders,East,Medium,Throughput,876.75,Auto generated incident log,Rolled back deployment,15
I00437,19-01-2026 04:00,Orders,North,Medium,CPU,988.26,Auto generated incident log,Rolled back deployment,43
I00438,19-01-2026 05:00,Orders,North,Low,Memory,920.15,Auto generated incident log,Rolled back deployment,91
I00439,19-01-2026 06:00,Payment,South,Medium,ErrorRate,774.28,Auto generated incident log,Optimized queries,8
I00440,19-01-2026 07:00,Orders,South,Low,CPU,759.36,Auto generated incident log,Optimized queries,32
I00441,19-01-2026 08:00,Auth,South,Medium,ErrorRate,806.46,Auto generated incident log,Restarted service,30
I00442,19-01-2026 09:00,Orders,North,High,ErrorRate,24.92,Auto generated incident log,Restarted service,53
I00443,19-01-2026 10:00,Search,South,Low,Latency,320.24,Auto generated incident log,Restarted service,111
I00444,19-01-2026 11:00,Payment,South,Low,Latency,967.11,Auto generated incident log,Optimized queries,31
I00445,19-01-2026 12:00,Payment,North,Medium,Throughput,325.17,Auto generated incident log,Optimized queries,108
I00446,19-01-2026 13:00,Auth,East,Low,Throughput,686.46,Auto generated incident log,Rolled back deployment,49
I00447,19-01-2026 14:00,Auth,South,High,Throughput,834.83,Auto generated incident log,Scaled up instances,88
I00448,19-01-2026 15:00,Search,East,Medium,CPU,603.02,Auto generated incident log,Scaled up instances,97
I00449,19-01-2026 16:00,Search,North,High,Latency,623.82,Auto generated incident log,Increased cache,39
I00450,19-01-2026 17:00,Search,North,Medium,CPU,211.96,Auto generated incident log,Optimized queries,29
I00451,19-01-2026 18:00,Auth,North,High,CPU,794.02,Auto generated incident log,Scaled up instances,54
I00452,19-01-2026 19:00,Search,North,Low,Memory,694.49,Auto generated incident log,Optimized queries,9
I00453,19-01-2026 20:00,Search,East,High,CPU,704.25,Auto generated incident log,Restarted service,46
I00454,19-01-2026 21:00,Search,South,Low,CPU,567.48,Auto generated incident log,Optimized queries,88
I00455,19-01-2026 22:00,Auth,West,Low,ErrorRate,522.22,Auto generated incident log,Optimized queries,77
I00456,19-01-2026 23:00,Search,East,Low,ErrorRate,331.41,Auto generated incident log,Scaled up instances,11
I00457,20-01-2026 00:00,Payment,West,Low,Latency,802.13,Auto generated incident log,Optimized queries,101
I00458,20-01-2026 01:00,Billing,South,Critical,Latency,153.04,Auto generated incident log,Scaled up instances,28
I00459,20-01-2026 02:00,Payment,South,High,CPU,397.64,Auto generated incident log,Scaled up instances,107
I00460,20-01-2026 03:00,Orders,West,High,Latency,122.14,Auto generated incident log,Optimized queries,74
I00461,20-01-2026 04:00,Billing,West,Medium,ErrorRate,433.51,Auto generated incident log,Scaled up instances,15
I00462,20-01-2026 05:00,Billing,North,Medium,Latency,935.99,Auto generated incident log,Increased cache,68
I00463,20-01-2026 06:00,Orders,East,Medium,Memory,377.24,Auto generated incident log,Optimized queries,104
I00464,20-01-2026 07:00,Payment,North,Medium,Throughput,961.93,Auto generated incident log,Restarted service,36
I00465,20-01-2026 08:00,Search,South,High,ErrorRate,370.41,Auto generated incident log,Increased cache,35
I00466,20-01-2026 09:00,Orders,North,Low,ErrorRate,951.9,Auto generated incident log,Optimized queries,91
I00467,20-01-2026 10:00,Billing,East,Medium,ErrorRate,802.46,Auto generated incident log,Restarted service,88
I00468,20-01-2026 11:00,Payment,South,Critical,ErrorRate,992.14,Auto generated incident log,Scaled up instances,93
I00469,20-01-2026 12:00,Billing,West,Medium,Throughput,244.9,Auto generated incident log,Increased cache,84
I00470,20-01-2026 13:00,Orders,North,High,ErrorRate,314.84,Auto generated incident log,Optimized queries,52
I00471,20-01-2026 14:00,Search,West,Medium,Latency,151.08,Auto generated incident log,Optimized queries,100
I00472,20-01-2026 15:00,Billing,South,Medium,Memory,738.81,Auto generated incident log,Restarted service,55
I00473,20-01-2026 16:00,Orders,West,Low,Memory,896.98,Auto generated incident log,Scaled up instances,38
I00474,20-01-2026 17:00,Billing,North,High,Memory,718.99,Auto generated incident log,Optimized queries,62
I00475,20-01-2026 18:00,Auth,North,Low,Memory,604.4,Auto generated incident log,Rolled back deployment,20
I00476,20-01-2026 19:00,Search,West,Medium,Memory,711.92,Auto generated incident log,Optimized queries,63
I00477,20-01-2026 20:00,Billing,South,Low,Throughput,317.7,Auto generated incident log,Increased cache,113
I00478,20-01-2026 21:00,Search,South,Low,Latency,958.93,Auto generated incident log,Restarted service,82
I00479,20-01-2026 22:00,Payment,East,Medium,ErrorRate,534.57,Auto generated incident log,Restarted service,53
I00480,20-01-2026 23:00,Search,East,Critical,Latency,34.09,Auto generated incident log,Scaled up instances,38
I00481,21-01-2026 00:00,Payment,South,Low,CPU,725.81,Auto generated incident log,Optimized queries,21
I00482,21-01-2026 01:00,Billing,North,Low,Latency,942.24,Auto generated incident log,Rolled back deployment,60
I00483,21-01-2026 02:00,Search,West,Low,CPU,51.85,Auto generated incident log,Rolled back deployment,6
I00484,21-01-2026 03:00,Payment,South,Medium,ErrorRate,203.38,Auto generated incident log,Rolled back deployment,48
I00485,21-01-2026 04:00,Search,East,High,Throughput,46.74,Auto generated incident log,Rolled back deployment,61
I00486,21-01-2026 05:00,Auth,North,Critical,CPU,906.63,Auto generated incident log,Scaled up instances,114
I00487,21-01-2026 06:00,Billing,West,Medium,CPU,783.43,Auto generated incident log,Rolled back deployment,97
I00488,21-01-2026 07:00,Billing,West,Low,Latency,754.49,Auto generated incident log,Scaled up instances,68
I00489,21-01-2026 08:00,Orders,North,Low,Throughput,482.37,Auto generated incident log,Scaled up instances,112
I00490,21-01-2026 09:00,Orders,West,High,Latency,647.96,Auto generated incident log,Scaled up instances,109
I00491,21-01-2026 10:00,Billing,East,Medium,Latency,938.12,Auto generated incident log,Optimized queries,32
I00492,21-01-2026 11:00,Orders,North,Critical,ErrorRate,461.39,Auto generated incident log,Scaled up instances,99
I00493,21-01-2026 12:00,Auth,West,High,Memory,194.59,Auto generated incident log,Scaled up instances,42
I00494,21-01-2026 13:00,Orders,West,Medium,Memory,50.66,Auto generated incident log,Optimized queries,110
I00495,21-01-2026 14:00,Search,West,Medium,CPU,168.56,Auto generated incident log,Rolled back deployment,69
I00496,21-01-2026 15:00,Auth,North,High,Memory,351.96,Auto generated incident log,Scaled up instances,99
I00497,21-01-2026 16:00,Search,South,Medium,Memory,167.42,Auto generated incident log,Scaled up instances,13
I00498,21-01-2026 17:00,Search,West,Low,CPU,983.28,Auto generated incident log,Restarted service,96
I00499,21-01-2026 18:00,Payment,East,Low,ErrorRate,596.99,Auto generated incident log,Increased cache,107
I00500,21-01-2026 19:00,Billing,East,Medium,CPU,827.78,Auto generated incident log,Restarted service,27
I00501,21-01-2026 20:00,Search,East,Low,Latency,830.77,Auto generated incident log,Rolled back deployment,65
I00502,21-01-2026 21:00,Search,South,High,CPU,896.28,Auto generated incident log,Increased cache,85
I00503,21-01-2026 22:00,Search,North,Medium,Latency,45.41,Auto generated incident log,Scaled up instances,10
I00504,21-01-2026 23:00,Search,West,High,Memory,658.99,Auto generated incident log,Restarted service,36
I00505,22-01-2026 00:00,Payment,North,High,Throughput,721.19,Auto generated incident log,Rolled back deployment,28
I00506,22-01-2026 01:00,Orders,South,High,Throughput,957.8,Auto generated incident log,Restarted service,102
I00507,22-01-2026 02:00,Search,South,Critical,CPU,534.23,Auto generated incident log,Rolled back deployment,52
I00508,22-01-2026 03:00,Auth,West,Medium,ErrorRate,633.52,Auto generated incident log,Increased cache,25
I00509,22-01-2026 04:00,Search,South,Critical,Latency,809.2,Auto generated incident log,Optimized queries,86
I00510,22-01-2026 05:00,Orders,South,High,Throughput,112.09,Auto generated incident log,Restarted service,6
I00511,22-01-2026 06:00,Search,East,Low,Memory,385.53,Auto generated incident log,Optimized queries,28
I00512,22-01-2026 07:00,Orders,East,Critical,Memory,686.41,Auto generated incident log,Restarted service,60
I00513,22-01-2026 08:00,Orders,West,High,Latency,136.79,Auto generated incident log,Restarted service,32
I00514,22-01-2026 09:00,Payment,West,Low,Latency,898.09,Auto generated incident log,Scaled up instances,26
I00515,22-01-2026 10:00,Billing,East,Low,Throughput,638.4,Auto generated incident log,Optimized queries,12
I00516,22-01-2026 11:00,Payment,West,Critical,CPU,237.75,Auto generated incident log,Optimized queries,91
I00517,22-01-2026 12:00,Auth,East,Medium,ErrorRate,380.51,Auto generated incident log,Restarted service,108
I00518,22-01-2026 13:00,Search,North,Medium,Throughput,667.74,Auto generated incident log,Restarted service,13
I00519,22-01-2026 14:00,Payment,North,Low,CPU,45.84,Auto generated incident log,Restarted service,22
I00520,22-01-2026 15:00,Payment,South,Medium,Throughput,77.27,Auto generated incident log,Scaled up instances,24
I00521,22-01-2026 16:00,Payment,North,Medium,Latency,730.09,Auto generated incident log,Increased cache,113
I00522,22-01-2026 17:00,Auth,East,High,Throughput,330.15,Auto generated incident log,Rolled back deployment,59
I00523,22-01-2026 18:00,Orders,North,Low,ErrorRate,188.66,Auto generated incident log,Restarted service,14
I00524,22-01-2026 19:00,Billing,East,Medium,Memory,277.2,Auto generated incident log,Increased cache,69
I00525,22-01-2026 20:00,Billing,North,Medium,Memory,131.65,Auto generated incident log,Scaled up instances,57
I00526,22-01-2026 21:00,Orders,East,Medium,Memory,181.03,Auto generated incident log,Optimized queries,7
I00527,22-01-2026 22:00,Payment,South,Low,Memory,540.32,Auto generated incident log,Optimized queries,100
I00528,22-01-2026 23:00,Auth,East,Critical,Memory,192.09,Auto generated incident log,Restarted service,62
I00529,23-01-2026 00:00,Payment,North,Medium,Latency,297.68,Auto generated incident log,Restarted service,114
I00530,23-01-2026 01:00,Payment,South,Low,CPU,72.77,Auto generated incident log,Increased cache,79
I00531,23-01-2026 02:00,Orders,West,Low,Latency,108.49,Auto generated incident log,Optimized queries,76
I00532,23-01-2026 03:00,Billing,East,Critical,Throughput,366.92,Auto generated incident log,Optimized queries,50
I00533,23-01-2026 04:00,Search,North,Low,Throughput,477.45,Auto generated incident log,Rolled back deployment,6
I00534,23-01-2026 05:00,Payment,North,Medium,ErrorRate,1.96,Auto generated incident log,Optimized queries,91
I00535,23-01-2026 06:00,Orders,South,Medium,CPU,17.64,Auto generated incident log,Restarted service,95
I00536,23-01-2026 07:00,Auth,South,Low,Memory,23.75,Auto generated incident log,Scaled up instances,53
I00537,23-01-2026 08:00,Search,North,Critical,Latency,766.83,Auto generated incident log,Scaled up instances,81
I00538,23-01-2026 09:00,Search,North,Low,Throughput,525.62,Auto generated incident log,Scaled up instances,102
I00539,23-01-2026 10:00,Auth,West,Low,Latency,687,Auto generated incident log,Rolled back deployment,14
I00540,23-01-2026 11:00,Billing,South,Low,Memory,679.19,Auto generated incident log,Rolled back deployment,51
I00541,23-01-2026 12:00,Billing,North,Medium,Latency,741.44,Auto generated incident log,Optimized queries,96
I00542,23-01-2026 13:00,Billing,East,Medium,Memory,173.88,Auto generated incident log,Increased cache,83
I00543,23-01-2026 14:00,Payment,East,High,Throughput,968.31,Auto generated incident log,Optimized queries,102
I00544,23-01-2026 15:00,Auth,East,High,CPU,629.37,Auto generated incident log,Restarted service,56
I00545,23-01-2026 16:00,Payment,South,Low,Memory,831.49,Auto generated incident log,Increased cache,57
I00546,23-01-2026 17:00,Auth,North,High,CPU,192.83,Auto generated incident log,Optimized queries,107
I00547,23-01-2026 18:00,Orders,South,Low,ErrorRate,791.5,Auto generated incident log,Scaled up instances,107
I00548,23-01-2026 19:00,Orders,North,High,CPU,917.71,Auto generated incident log,Increased cache,34
I00549,23-01-2026 20:00,Billing,East,Low,Latency,131.84,Auto generated incident log,Rolled back deployment,15
I00550,23-01-2026 21:00,Orders,South,Low,CPU,674.09,Auto generated incident log,Optimized queries,85
I00551,23-01-2026 22:00,Billing,South,Low,ErrorRate,344.66,Auto generated incident log,Restarted service,105
I00552,23-01-2026 23:00,Payment,East,Low,Memory,261.99,Auto generated incident log,Scaled up instances,51
I00553,24-01-2026 00:00,Orders,North,Low,ErrorRate,139.77,Auto generated incident log,Rolled back deployment,60
I00554,24-01-2026 01:00,Billing,North,Low,CPU,726.91,Auto generated incident log,Optimized queries,85
I00555,24-01-2026 02:00,Billing,North,Low,Memory,570.44,Auto generated incident log,Optimized queries,79
I00556,24-01-2026 03:00,Auth,South,High,Latency,647.46,Auto generated incident log,Restarted service,91
I00557,24-01-2026 04:00,Auth,North,High,Latency,77.77,Auto generated incident log,Optimized queries,28
I00558,24-01-2026 05:00,Auth,West,Low,ErrorRate,24.79,Auto generated incident log,Optimized queries,44
I00559,24-01-2026 06:00,Auth,West,Medium,Latency,770.34,Auto generated incident log,Restarted service,27
I00560,24-01-2026 07:00,Billing,North,Low,Latency,695.72,Auto generated incident log,Restarted service,60
I00561,24-01-2026 08:00,Search,North,Low,CPU,240.92,Auto generated incident log,Optimized queries,70
I00562,24-01-2026 09:00,Billing,East,Medium,Throughput,936.55,Auto generated incident log,Optimized queries,23
I00563,24-01-2026 10:00,Auth,West,Low,Latency,129.95,Auto generated incident log,Rolled back deployment,9
I00564,24-01-2026 11:00,Auth,North,Low,Latency,327.64,Auto generated incident log,Increased cache,99
I00565,24-01-2026 12:00,Auth,East,Medium,CPU,316.14,Auto generated incident log,Optimized queries,63
I00566,24-01-2026 13:00,Orders,West,Low,ErrorRate,205.32,Auto generated incident log,Restarted service,11
I00567,24-01-2026 14:00,Billing,North,Medium,Latency,110.58,Auto generated incident log,Rolled back deployment,117
I00568,24-01-2026 15:00,Search,South,Low,ErrorRate,158.63,Auto generated incident log,Scaled up instances,23
I00569,24-01-2026 16:00,Orders,South,Low,CPU,286.13,Auto generated incident log,Increased cache,41
I00570,24-01-2026 17:00,Search,West,Low,Throughput,30.17,Auto generated incident log,Optimized queries,96
I00571,24-01-2026 18:00,Search,North,Low,ErrorRate,789.13,Auto generated incident log,Optimized queries,112
I00572,24-01-2026 19:00,Orders,West,Critical,Latency,574,Auto generated incident log,Restarted service,77
I00573,24-01-2026 20:00,Search,South,Low,Throughput,91.01,Auto generated incident log,Increased cache,11
I00574,24-01-2026 21:00,Payment,North,Medium,Throughput,676.94,Auto generated incident log,Increased cache,46
I00575,24-01-2026 22:00,Orders,West,Low,Throughput,667.86,Auto generated incident log,Optimized queries,18
I00576,24-01-2026 23:00,Payment,West,Low,Throughput,260.76,Auto generated incident log,Optimized queries,119
I00577,25-01-2026 00:00,Auth,North,Medium,ErrorRate,49.84,Auto generated incident log,Optimized queries,92
I00578,25-01-2026 01:00,Payment,South,Medium,CPU,550.79,Auto generated incident log,Rolled back deployment,79
I00579,25-01-2026 02:00,Payment,South,Low,Throughput,484.5,Auto generated incident log,Scaled up instances,9
I00580,25-01-2026 03:00,Search,West,Low,Memory,300.5,Auto generated incident log,Rolled back deployment,63
I00581,25-01-2026 04:00,Billing,West,High,Throughput,723.93,Auto generated incident log,Rolled back deployment,49
I00582,25-01-2026 05:00,Payment,South,Low,Latency,747.82,Auto generated incident log,Increased cache,24
I00583,25-01-2026 06:00,Payment,East,Critical,Throughput,478.14,Auto generated incident log,Increased cache,12
I00584,25-01-2026 07:00,Payment,South,High,Throughput,403.38,Auto generated incident log,Optimized queries,73
I00585,25-01-2026 08:00,Payment,South,Low,Memory,552.9,Auto generated incident log,Optimized queries,52
I00586,25-01-2026 09:00,Auth,West,Medium,ErrorRate,455.09,Auto generated incident log,Rolled back deployment,117
I00587,25-01-2026 10:00,Payment,South,Low,CPU,892.43,Auto generated incident log,Rolled back deployment,76
I00588,25-01-2026 11:00,Auth,East,Low,ErrorRate,617.07,Auto generated incident log,Scaled up instances,55
I00589,25-01-2026 12:00,Search,East,Medium,CPU,274.12,Auto generated incident log,Rolled back deployment,94
I00590,25-01-2026 13:00,Search,North,Low,CPU,81.34,Auto generated incident log,Optimized queries,30
I00591,25-01-2026 14:00,Billing,South,Critical,Latency,347.42,Auto generated incident log,Scaled up instances,28
I00592,25-01-2026 15:00,Payment,West,High,Throughput,975.15,Auto generated incident log,Rolled back deployment,23
I00593,25-01-2026 16:00,Auth,North,Low,Throughput,847.45,Auto generated incident log,Scaled up instances,29
I00594,25-01-2026 17:00,Payment,South,Low,Memory,65.58,Auto generated incident log,Increased cache,57
I00595,25-01-2026 18:00,Search,South,Low,Memory,277.1,Auto generated incident log,Scaled up instances,54
I00596,25-01-2026 19:00,Orders,West,Medium,Latency,484.25,Auto generated incident log,Restarted service,64
I00597,25-01-2026 20:00,Auth,South,Low,Latency,349.08,Auto generated incident log,Optimized queries,49
I00598,25-01-2026 21:00,Auth,North,High,CPU,52.19,Auto generated incident log,Scaled up instances,67
I00599,25-01-2026 22:00,Payment,South,Low,CPU,746.81,Auto generated incident log,Rolled back deployment,56
I00600,25-01-2026 23:00,Payment,South,Medium,Throughput,324.39,Auto generated incident log,Scaled up instances,15
I00601,26-01-2026 00:00,Auth,West,High,Latency,364.3,Auto generated incident log,Increased cache,11
I00602,26-01-2026 01:00,Auth,North,Medium,Throughput,184.49,Auto generated incident log,Increased cache,44
I00603,26-01-2026 02:00,Search,West,Medium,Latency,19.38,Auto generated incident log,Optimized queries,17
I00604,26-01-2026 03:00,Search,East,High,Memory,794.41,Auto generated incident log,Increased cache,72
I00605,26-01-2026 04:00,Search,West,Low,Latency,356.25,Auto generated incident log,Optimized queries,96
I00606,26-01-2026 05:00,Billing,West,Low,Memory,762.74,Auto generated incident log,Restarted service,92
I00607,26-01-2026 06:00,Orders,West,Medium,ErrorRate,430.65,Auto generated incident log,Optimized queries,102
I00608,26-01-2026 07:00,Search,West,Low,ErrorRate,253.81,Auto generated incident log,Optimized queries,52
I00609,26-01-2026 08:00,Payment,North,Low,Latency,737.78,Auto generated incident log,Increased cache,27
I00610,26-01-2026 09:00,Orders,East,Low,Latency,663.54,Auto generated incident log,Increased cache,20
I00611,26-01-2026 10:00,Orders,North,Critical,Latency,713.18,Auto generated incident log,Scaled up instances,28
I00612,26-01-2026 11:00,Payment,North,Low,ErrorRate,854.33,Auto generated incident log,Restarted service,13
I00613,26-01-2026 12:00,Orders,West,Medium,Memory,183.45,Auto generated incident log,Increased cache,74
I00614,26-01-2026 13:00,Orders,South,Critical,Latency,384.86,Auto generated incident log,Scaled up instances,82
I00615,26-01-2026 14:00,Auth,West,High,Memory,11.83,Auto generated incident log,Increased cache,31
I00616,26-01-2026 15:00,Payment,West,Medium,Memory,747.17,Auto generated incident log,Optimized queries,34
I00617,26-01-2026 16:00,Auth,West,Low,Latency,315.63,Auto generated incident log,Restarted service,85
I00618,26-01-2026 17:00,Billing,West,Low,ErrorRate,263.39,Auto generated incident log,Optimized queries,35
I00619,26-01-2026 18:00,Search,East,Low,Throughput,462.39,Auto generated incident log,Rolled back deployment,105
I00620,26-01-2026 19:00,Auth,North,Low,Throughput,676.79,Auto generated incident log,Rolled back deployment,101
I00621,26-01-2026 20:00,Billing,South,Critical,Memory,116.01,Auto generated incident log,Increased cache,95
I00622,26-01-2026 21:00,Payment,North,Low,Latency,992.77,Auto generated incident log,Scaled up instances,55
I00623,26-01-2026 22:00,Payment,West,Low,Memory,422.22,Auto generated incident log,Restarted service,58
I00624,26-01-2026 23:00,Payment,North,Medium,Throughput,847.77,Auto generated incident log,Rolled back deployment,82
I00625,27-01-2026 00:00,Orders,East,Medium,CPU,190.68,Auto generated incident log,Increased cache,79
I00626,27-01-2026 01:00,Payment,West,Medium,Throughput,553.52,Auto generated incident log,Optimized queries,66
I00627,27-01-2026 02:00,Billing,West,High,ErrorRate,935.62,Auto generated incident log,Rolled back deployment,94
I00628,27-01-2026 03:00,Auth,West,Medium,Memory,415.52,Auto generated incident log,Restarted service,93
I00629,27-01-2026 04:00,Billing,South,Medium,Memory,602.15,Auto generated incident log,Rolled back deployment,71
I00630,27-01-2026 05:00,Payment,East,High,CPU,875.4,Auto generated incident log,Increased cache,72
I00631,27-01-2026 06:00,Orders,South,High,CPU,791.98,Auto generated incident log,Increased cache,116
I00632,27-01-2026 07:00,Search,South,Critical,ErrorRate,461.95,Auto generated incident log,Increased cache,51
I00633,27-01-2026 08:00,Orders,South,Critical,CPU,648.42,Auto generated incident log,Increased cache,60
I00634,27-01-2026 09:00,Auth,North,Critical,Latency,130.27,Auto generated incident log,Rolled back deployment,30
I00635,27-01-2026 10:00,Search,East,Medium,Memory,109.77,Auto generated incident log,Restarted service,79
I00636,27-01-2026 11:00,Auth,South,High,Throughput,530.89,Auto generated incident log,Increased cache,42
I00637,27-01-2026 12:00,Auth,East,Medium,Memory,395.46,Auto generated incident log,Optimized queries,34
I00638,27-01-2026 13:00,Orders,North,High,Memory,650.72,Auto generated incident log,Restarted service,105
I00639,27-01-2026 14:00,Payment,West,Low,Throughput,384.26,Auto generated incident log,Scaled up instances,59
I00640,27-01-2026 15:00,Billing,South,Critical,Latency,55.94,Auto generated incident log,Increased cache,12
I00641,27-01-2026 16:00,Billing,South,High,Memory,999.24,Auto generated incident log,Rolled back deployment,50
I00642,27-01-2026 17:00,Orders,South,High,Latency,106.69,Auto generated incident log,Scaled up instances,52
I00643,27-01-2026 18:00,Orders,East,Low,Throughput,892.18,Auto generated incident log,Optimized queries,79
I00644,27-01-2026 19:00,Billing,West,Medium,ErrorRate,372.34,Auto generated incident log,Rolled back deployment,42
I00645,27-01-2026 20:00,Payment,East,Low,CPU,908.7,Auto generated incident log,Scaled up instances,48
I00646,27-01-2026 21:00,Payment,South,Low,Memory,347.92,Auto generated incident log,Optimized queries,9
I00647,27-01-2026 22:00,Search,West,Medium,Memory,51.77,Auto generated incident log,Increased cache,116
I00648,27-01-2026 23:00,Billing,North,Medium,ErrorRate,703.93,Auto generated incident log,Rolled back deployment,25
I00649,28-01-2026 00:00,Billing,East,Low,Latency,407.22,Auto generated incident log,Rolled back deployment,87
I00650,28-01-2026 01:00,Search,North,Medium,CPU,77.46,Auto generated incident log,Scaled up instances,42
I00651,28-01-2026 02:00,Auth,South,Low,Latency,920.22,Auto generated incident log,Increased cache,43
I00652,28-01-2026 03:00,Payment,South,Medium,ErrorRate,130.9,Auto generated incident log,Rolled back deployment,48
I00653,28-01-2026 04:00,Search,North,Critical,Memory,764.24,Auto generated incident log,Restarted service,96
I00654,28-01-2026 05:00,Auth,East,High,CPU,112,Auto generated incident log,Restarted service,108
I00655,28-01-2026 06:00,Orders,North,Low,Latency,714.63,Auto generated incident log,Increased cache,5
I00656,28-01-2026 07:00,Search,South,Low,ErrorRate,293.61,Auto generated incident log,Optimized queries,60
I00657,28-01-2026 08:00,Search,East,Low,Memory,455.98,Auto generated incident log,Scaled up instances,24
I00658,28-01-2026 09:00,Auth,North,Low,Latency,39.25,Auto generated incident log,Optimized queries,31
I00659,28-01-2026 10:00,Payment,West,Critical,CPU,970.84,Auto generated incident log,Scaled up instances,64
I00660,28-01-2026 11:00,Billing,West,Medium,Latency,932.76,Auto generated incident log,Scaled up instances,92
I00661,28-01-2026 12:00,Payment,East,Medium,CPU,437.41,Auto generated incident log,Scaled up instances,29
I00662,28-01-2026 13:00,Auth,North,Medium,Latency,849.59,Auto generated incident log,Optimized queries,46
I00663,28-01-2026 14:00,Auth,East,High,ErrorRate,327.17,Auto generated incident log,Scaled up instances,9
I00664,28-01-2026 15:00,Search,East,Medium,Memory,86.26,Auto generated incident log,Optimized queries,7
I00665,28-01-2026 16:00,Billing,South,Low,ErrorRate,452.9,Auto generated incident log,Rolled back deployment,89
I00666,28-01-2026 17:00,Billing,North,Medium,CPU,260.41,Auto generated incident log,Restarted service,108
I00667,28-01-2026 18:00,Orders,North,Low,ErrorRate,143.02,Auto generated incident log,Scaled up instances,98
I00668,28-01-2026 19:00,Orders,West,Medium,Latency,626.73,Auto generated incident log,Rolled back deployment,91
I00669,28-01-2026 20:00,Orders,East,Low,Memory,444.94,Auto generated incident log,Optimized queries,90
I00670,28-01-2026 21:00,Orders,West,Low,Memory,394.24,Auto generated incident log,Optimized queries,78
I00671,28-01-2026 22:00,Search,South,High,CPU,435,Auto generated incident log,Scaled up instances,24
I00672,28-01-2026 23:00,Billing,North,Medium,ErrorRate,956.78,Auto generated incident log,Rolled back deployment,49
I00673,29-01-2026 00:00,Auth,East,Critical,CPU,670.45,Auto generated incident log,Increased cache,94
I00674,29-01-2026 01:00,Search,East,Medium,Memory,604.19,Auto generated incident log,Rolled back deployment,107
I00675,29-01-2026 02:00,Auth,East,High,Latency,950.97,Auto generated incident log,Scaled up instances,78
I00676,29-01-2026 03:00,Auth,East,High,ErrorRate,658.98,Auto generated incident log,Optimized queries,79
I00677,29-01-2026 04:00,Billing,South,High,Latency,173.37,Auto generated incident log,Restarted service,103
I00678,29-01-2026 05:00,Auth,West,Low,Throughput,88.52,Auto generated incident log,Scaled up instances,40
I00679,29-01-2026 06:00,Search,East,Medium,Memory,841.41,Auto generated incident log,Scaled up instances,62
I00680,29-01-2026 07:00,Payment,East,Low,Throughput,958.34,Auto generated incident log,Optimized queries,66
I00681,29-01-2026 08:00,Billing,West,High,Memory,492.37,Auto generated incident log,Rolled back deployment,9
I00682,29-01-2026 09:00,Payment,East,Low,Latency,151.98,Auto generated incident log,Scaled up instances,35
I00683,29-01-2026 10:00,Billing,West,Critical,ErrorRate,731.48,Auto generated incident log,Restarted service,61
I00684,29-01-2026 11:00,Auth,West,Critical,Throughput,719.46,Auto generated incident log,Optimized queries,104
I00685,29-01-2026 12:00,Orders,North,Medium,Latency,962.06,Auto generated incident log,Optimized queries,113
I00686,29-01-2026 13:00,Payment,West,Low,CPU,690.96,Auto generated incident log,Increased cache,13
I00687,29-01-2026 14:00,Orders,North,High,Memory,297.55,Auto generated incident log,Optimized queries,47
I00688,29-01-2026 15:00,Billing,South,Medium,Memory,84.57,Auto generated incident log,Restarted service,7
I00689,29-01-2026 16:00,Billing,West,Medium,ErrorRate,236.86,Auto generated incident log,Optimized queries,52
I00690,29-01-2026 17:00,Auth,South,Low,ErrorRate,367.11,Auto generated incident log,Optimized queries,41
I00691,29-01-2026 18:00,Payment,West,High,CPU,649.78,Auto generated incident log,Rolled back deployment,32
I00692,29-01-2026 19:00,Auth,North,Medium,ErrorRate,359.1,Auto generated incident log,Optimized queries,118
I00693,29-01-2026 20:00,Billing,East,High,ErrorRate,802.08,Auto generated incident log,Rolled back deployment,50
I00694,29-01-2026 21:00,Auth,South,High,Throughput,605.42,Auto generated incident log,Restarted service,103
I00695,29-01-2026 22:00,Search,North,Medium,Throughput,818.15,Auto generated incident log,Rolled back deployment,112
I00696,29-01-2026 23:00,Payment,East,Low,CPU,233.14,Auto generated incident log,Optimized queries,52
I00697,30-01-2026 00:00,Orders,South,Medium,Latency,310.08,Auto generated incident log,Optimized queries,80
I00698,30-01-2026 01:00,Auth,South,Medium,Throughput,25.09,Auto generated incident log,Increased cache,69
I00699,30-01-2026 02:00,Auth,North,Low,CPU,392.87,Auto generated incident log,Scaled up instances,56
I00700,30-01-2026 03:00,Auth,West,High,Latency,940.56,Auto generated incident log,Optimized queries,88
I00701,30-01-2026 04:00,Orders,South,Low,CPU,698.43,Auto generated incident log,Increased cache,93
I00702,30-01-2026 05:00,Billing,West,Low,Latency,14.76,Auto generated incident log,Restarted service,83
I00703,30-01-2026 06:00,Payment,West,High,ErrorRate,982.73,Auto generated incident log,Rolled back deployment,44
I00704,30-01-2026 07:00,Orders,West,Medium,Memory,697.73,Auto generated incident log,Increased cache,63
I00705,30-01-2026 08:00,Payment,West,Low,ErrorRate,904.06,Auto generated incident log,Optimized queries,89
I00706,30-01-2026 09:00,Billing,North,Critical,CPU,469.68,Auto generated incident log,Rolled back deployment,43
I00707,30-01-2026 10:00,Orders,North,Medium,ErrorRate,90.6,Auto generated incident log,Scaled up instances,86
I00708,30-01-2026 11:00,Search,East,Medium,CPU,833.9,Auto generated incident log,Optimized queries,66
I00709,30-01-2026 12:00,Orders,South,Critical,ErrorRate,415.69,Auto generated incident log,Restarted service,46
I00710,30-01-2026 13:00,Payment,West,High,CPU,172.22,Auto generated incident log,Rolled back deployment,87
I00711,30-01-2026 14:00,Billing,West,Medium,Memory,351.55,Auto generated incident log,Optimized queries,77
I00712,30-01-2026 15:00,Orders,West,Low,CPU,388,Auto generated incident log,Restarted service,107
I00713,30-01-2026 16:00,Search,West,Low,Latency,341.78,Auto generated incident log,Increased cache,33
I00714,30-01-2026 17:00,Auth,East,Medium,CPU,229.41,Auto generated incident log,Scaled up instances,9
I00715,30-01-2026 18:00,Payment,West,Medium,ErrorRate,327.26,Auto generated incident log,Increased cache,35
I00716,30-01-2026 19:00,Payment,West,Medium,Throughput,361.9,Auto generated incident log,Scaled up instances,67
I00717,30-01-2026 20:00,Orders,West,High,Memory,69.16,Auto generated incident log,Optimized queries,34
I00718,30-01-2026 21:00,Orders,West,Critical,Throughput,555.62,Auto generated incident log,Rolled back deployment,65
I00719,30-01-2026 22:00,Orders,East,Medium,Throughput,336.81,Auto generated incident log,Optimized queries,25
I00720,30-01-2026 23:00,Payment,West,Critical,ErrorRate,986.89,Auto generated incident log,Scaled up instances,25
I00721,31-01-2026 00:00,Search,East,Low,Memory,913.83,Auto generated incident log,Scaled up instances,50
I00722,31-01-2026 01:00,Auth,West,Medium,Latency,8.76,Auto generated incident log,Optimized queries,40
I00723,31-01-2026 02:00,Auth,East,Low,Latency,162.9,Auto generated incident log,Rolled back deployment,112
I00724,31-01-2026 03:00,Auth,West,High,ErrorRate,285.07,Auto generated incident log,Rolled back deployment,36
I00725,31-01-2026 04:00,Search,South,High,Latency,12.78,Auto generated incident log,Increased cache,103
I00726,31-01-2026 05:00,Orders,South,Medium,Memory,99.25,Auto generated incident log,Increased cache,61
I00727,31-01-2026 06:00,Auth,North,Medium,ErrorRate,302.64,Auto generated incident log,Restarted service,40
I00728,31-01-2026 07:00,Auth,West,Low,Memory,263.93,Auto generated incident log,Rolled back deployment,92
I00729,31-01-2026 08:00,Orders,North,Medium,Latency,376.24,Auto generated incident log,Restarted service,36
I00730,31-01-2026 09:00,Orders,South,Low,CPU,501.49,Auto generated incident log,Scaled up instances,111
I00731,31-01-2026 10:00,Billing,North,Low,ErrorRate,433.78,Auto generated incident log,Rolled back deployment,10
I00732,31-01-2026 11:00,Search,South,High,Throughput,425.28,Auto generated incident log,Optimized queries,53
I00733,31-01-2026 12:00,Auth,East,High,Latency,124.42,Auto generated incident log,Increased cache,10
I00734,31-01-2026 13:00,Billing,West,Low,Memory,10.91,Auto generated incident log,Optimized queries,74
I00735,31-01-2026 14:00,Search,East,Low,CPU,343.7,Auto generated incident log,Restarted service,50
I00736,31-01-2026 15:00,Search,West,Medium,CPU,558.75,Auto generated incident log,Scaled up instances,102
I00737,31-01-2026 16:00,Payment,North,Low,Latency,854.79,Auto generated incident log,Restarted service,20
I00738,31-01-2026 17:00,Orders,South,High,ErrorRate,728.59,Auto generated incident log,Rolled back deployment,91
I00739,31-01-2026 18:00,Auth,South,Medium,ErrorRate,224.78,Auto generated incident log,Restarted service,5
I00740,31-01-2026 19:00,Billing,West,Critical,ErrorRate,887.77,Auto generated incident log,Rolled back deployment,61
I00741,31-01-2026 20:00,Auth,West,Low,Throughput,763.28,Auto generated incident log,Optimized queries,100
I00742,31-01-2026 21:00,Billing,North,Medium,CPU,792.19,Auto generated incident log,Optimized queries,102
I00743,31-01-2026 22:00,Auth,South,High,Throughput,337.82,Auto generated incident log,Scaled up instances,78
I00744,31-01-2026 23:00,Search,West,High,Memory,881.29,Auto generated incident log,Scaled up instances,16
I00745,01-02-2026 00:00,Search,North,Medium,Latency,889.7,Auto generated incident log,Restarted service,84
I00746,01-02-2026 01:00,Orders,North,Medium,Latency,240.72,Auto generated incident log,Optimized queries,112
I00747,01-02-2026 02:00,Payment,South,Medium,ErrorRate,851.86,Auto generated incident log,Optimized queries,65
I00748,01-02-2026 03:00,Billing,South,Low,ErrorRate,48.41,Auto generated incident log,Rolled back deployment,31
I00749,01-02-2026 04:00,Payment,South,Critical,CPU,385.02,Auto generated incident log,Rolled back deployment,108
I00750,01-02-2026 05:00,Billing,West,Low,ErrorRate,526.76,Auto generated incident log,Rolled back deployment,88
I00751,01-02-2026 06:00,Auth,East,Medium,Throughput,114.86,Auto generated incident log,Optimized queries,24
I00752,01-02-2026 07:00,Search,West,Low,Latency,322.29,Auto generated incident log,Increased cache,42
I00753,01-02-2026 08:00,Payment,West,Low,CPU,309.96,Auto generated incident log,Rolled back deployment,28
I00754,01-02-2026 09:00,Orders,West,Medium,Throughput,465.83,Auto generated incident log,Increased cache,18
I00755,01-02-2026 10:00,Payment,North,Low,ErrorRate,746.54,Auto generated incident log,Restarted service,42
I00756,01-02-2026 11:00,Auth,South,Medium,ErrorRate,580.17,Auto generated incident log,Optimized queries,96
I00757,01-02-2026 12:00,Orders,North,Low,Throughput,134.03,Auto generated incident log,Increased cache,98
I00758,01-02-2026 13:00,Orders,South,Medium,Throughput,744.78,Auto generated incident log,Rolled back deployment,75
I00759,01-02-2026 14:00,Orders,North,Low,Latency,471.25,Auto generated incident log,Optimized queries,89
I00760,01-02-2026 15:00,Search,North,Medium,Memory,133.12,Auto generated incident log,Restarted service,12
I00761,01-02-2026 16:00,Auth,West,Low,Memory,860.72,Auto generated incident log,Optimized queries,97
I00762,01-02-2026 17:00,Orders,North,Critical,Memory,715.39,Auto generated incident log,Scaled up instances,94
I00763,01-02-2026 18:00,Orders,East,Medium,CPU,380.39,Auto generated incident log,Restarted service,20
I00764,01-02-2026 19:00,Billing,North,High,Memory,887.59,Auto generated incident log,Rolled back deployment,90
I00765,01-02-2026 20:00,Auth,South,Critical,Memory,136.69,Auto generated incident log,Rolled back deployment,101
I00766,01-02-2026 21:00,Auth,West,Low,ErrorRate,726.44,Auto generated incident log,Scaled up instances,64
I00767,01-02-2026 22:00,Payment,West,Medium,Latency,42.35,Auto generated incident log,Scaled up instances,104
I00768,01-02-2026 23:00,Auth,East,High,Throughput,639.92,Auto generated incident log,Restarted service,113
I00769,02-02-2026 00:00,Payment,West,Low,Throughput,862.9,Auto generated incident log,Optimized queries,67
I00770,02-02-2026 01:00,Auth,West,High,Latency,974.45,Auto generated incident log,Optimized queries,58
I00771,02-02-2026 02:00,Orders,South,Low,ErrorRate,284.37,Auto generated incident log,Restarted service,10
I00772,02-02-2026 03:00,Auth,North,Low,Latency,619.74,Auto generated incident log,Scaled up instances,81
I00773,02-02-2026 04:00,Payment,North,Medium,Latency,967.79,Auto generated incident log,Scaled up instances,32
I00774,02-02-2026 05:00,Search,North,Low,Latency,657.9,Auto generated incident log,Scaled up instances,34
I00775,02-02-2026 06:00,Payment,West,Medium,Latency,9.72,Auto generated incident log,Scaled up instances,111
I00776,02-02-2026 07:00,Payment,North,Critical,CPU,168.82,Auto generated incident log,Scaled up instances,32
I00777,02-02-2026 08:00,Payment,East,Low,Latency,390.28,Auto generated incident log,Restarted service,79
I00778,02-02-2026 09:00,Orders,East,Low,CPU,459.17,Auto generated incident log,Optimized queries,18
I00779,02-02-2026 10:00,Search,North,Low,Latency,522.44,Auto generated incident log,Increased cache,23
I00780,02-02-2026 11:00,Auth,West,Low,Throughput,634.35,Auto generated incident log,Scaled up instances,63
I00781,02-02-2026 12:00,Search,East,Low,Memory,314.29,Auto generated incident log,Scaled up instances,80
I00782,02-02-2026 13:00,Search,South,High,Throughput,140.9,Auto generated incident log,Rolled back deployment,83
I00783,02-02-2026 14:00,Orders,North,Medium,Latency,201.35,Auto generated incident log,Increased cache,77
I00784,02-02-2026 15:00,Orders,East,Low,Throughput,183.07,Auto generated incident log,Increased cache,67
I00785,02-02-2026 16:00,Auth,East,Low,Throughput,931.75,Auto generated incident log,Rolled back deployment,99
I00786,02-02-2026 17:00,Search,North,Critical,Throughput,654.81,Auto generated incident log,Optimized queries,25
I00787,02-02-2026 18:00,Search,South,High,CPU,462.34,Auto generated incident log,Optimized queries,91
I00788,02-02-2026 19:00,Orders,North,Low,CPU,644.69,Auto generated incident log,Rolled back deployment,83
I00789,02-02-2026 20:00,Orders,West,Critical,CPU,123.12,Auto generated incident log,Optimized queries,14
I00790,02-02-2026 21:00,Search,South,Medium,Latency,31.39,Auto generated incident log,Scaled up instances,109
I00791,02-02-2026 22:00,Orders,North,Low,Throughput,818.86,Auto generated incident log,Optimized queries,14
I00792,02-02-2026 23:00,Search,South,Medium,Throughput,776.2,Auto generated incident log,Rolled back deployment,107
I00793,03-02-2026 00:00,Search,North,Medium,CPU,368.37,Auto generated incident log,Increased cache,96
I00794,03-02-2026 01:00,Search,West,Low,CPU,240.35,Auto generated incident log,Increased cache,46
I00795,03-02-2026 02:00,Auth,North,Medium,Memory,165.96,Auto generated incident log,Optimized queries,108
I00796,03-02-2026 03:00,Search,South,High,Latency,272.43,Auto generated incident log,Optimized queries,81
I00797,03-02-2026 04:00,Billing,North,Low,CPU,795.84,Auto generated incident log,Optimized queries,36
I00798,03-02-2026 05:00,Payment,South,Medium,Memory,936.84,Auto generated incident log,Scaled up instances,119
I00799,03-02-2026 06:00,Auth,North,Critical,Throughput,949.41,Auto generated incident log,Increased cache,42
I00800,03-02-2026 07:00,Payment,South,Low,CPU,456.78,Auto generated incident log,Increased cache,82
I00801,03-02-2026 08:00,Billing,East,High,Latency,989.94,Auto generated incident log,Scaled up instances,80
I00802,03-02-2026 09:00,Billing,West,High,Memory,182.12,Auto generated incident log,Optimized queries,103
I00803,03-02-2026 10:00,Auth,North,High,Latency,435.23,Auto generated incident log,Optimized queries,42
I00804,03-02-2026 11:00,Billing,North,Low,Throughput,411.29,Auto generated incident log,Scaled up instances,97
I00805,03-02-2026 12:00,Search,North,Medium,ErrorRate,976.93,Auto generated incident log,Restarted service,75
I00806,03-02-2026 13:00,Orders,North,Medium,Throughput,436.56,Auto generated incident log,Rolled back deployment,109
I00807,03-02-2026 14:00,Search,South,Medium,Latency,597.05,Auto generated incident log,Rolled back deployment,17
I00808,03-02-2026 15:00,Orders,North,Critical,Latency,379.1,Auto generated incident log,Optimized queries,82
I00809,03-02-2026 16:00,Payment,East,Low,ErrorRate,349.67,Auto generated incident log,Increased cache,5
I00810,03-02-2026 17:00,Search,South,Medium,CPU,657.92,Auto generated incident log,Increased cache,110
I00811,03-02-2026 18:00,Orders,West,Low,Latency,21.62,Auto generated incident log,Restarted service,22
I00812,03-02-2026 19:00,Billing,South,Medium,Latency,937.98,Auto generated incident log,Scaled up instances,31
I00813,03-02-2026 20:00,Payment,East,Medium,ErrorRate,53.27,Auto generated incident log,Rolled back deployment,119
I00814,03-02-2026 21:00,Auth,South,Critical,Memory,177.23,Auto generated incident log,Optimized queries,72
I00815,03-02-2026 22:00,Orders,West,High,Memory,385.39,Auto generated incident log,Restarted service,79
I00816,03-02-2026 23:00,Billing,East,Medium,CPU,918.08,Auto generated incident log,Rolled back deployment,61
I00817,04-02-2026 00:00,Auth,South,Medium,ErrorRate,988.64,Auto generated incident log,Restarted service,67
I00818,04-02-2026 01:00,Billing,East,Low,CPU,477.61,Auto generated incident log,Scaled up instances,76
I00819,04-02-2026 02:00,Orders,North,Low,CPU,188.07,Auto generated incident log,Rolled back deployment,53
I00820,04-02-2026 03:00,Auth,South,Low,CPU,246.31,Auto generated incident log,Restarted service,19
I00821,04-02-2026 04:00,Billing,East,Low,ErrorRate,986.14,Auto generated incident log,Optimized queries,87
I00822,04-02-2026 05:00,Search,West,Low,Throughput,337.1,Auto generated incident log,Optimized queries,31
I00823,04-02-2026 06:00,Search,East,Low,Throughput,719.37,Auto generated incident log,Scaled up instances,11
I00824,04-02-2026 07:00,Auth,North,Medium,Latency,723.77,Auto generated incident log,Optimized queries,105
I00825,04-02-2026 08:00,Orders,North,Low,Throughput,116.32,Auto generated incident log,Increased cache,47
I00826,04-02-2026 09:00,Auth,East,Medium,ErrorRate,960.21,Auto generated incident log,Optimized queries,8
I00827,04-02-2026 10:00,Auth,West,High,CPU,2.28,Auto generated incident log,Optimized queries,36
I00828,04-02-2026 11:00,Auth,South,Low,Memory,655.73,Auto generated incident log,Rolled back deployment,119
I00829,04-02-2026 12:00,Orders,West,Critical,Memory,183.04,Auto generated incident log,Scaled up instances,66
I00830,04-02-2026 13:00,Payment,South,Low,ErrorRate,808.08,Auto generated incident log,Scaled up instances,106
I00831,04-02-2026 14:00,Billing,North,Low,CPU,865.77,Auto generated incident log,Rolled back deployment,44
I00832,04-02-2026 15:00,Billing,South,Medium,CPU,884.6,Auto generated incident log,Increased cache,76
I00833,04-02-2026 16:00,Search,West,Low,Throughput,970.9,Auto generated incident log,Increased cache,107
I00834,04-02-2026 17:00,Search,South,Medium,CPU,354.55,Auto generated incident log,Increased cache,56
I00835,04-02-2026 18:00,Orders,West,Medium,CPU,554.86,Auto generated incident log,Rolled back deployment,57
I00836,04-02-2026 19:00,Payment,East,Critical,ErrorRate,88.67,Auto generated incident log,Scaled up instances,6
I00837,04-02-2026 20:00,Orders,West,High,ErrorRate,222.57,Auto generated incident log,Rolled back deployment,66
I00838,04-02-2026 21:00,Billing,West,Medium,ErrorRate,460.32,Auto generated incident log,Increased cache,73
I00839,04-02-2026 22:00,Billing,East,High,Latency,827.26,Auto generated incident log,Scaled up instances,59
I00840,04-02-2026 23:00,Auth,East,High,Throughput,9.86,Auto generated incident log,Rolled back deployment,102
I00841,05-02-2026 00:00,Orders,South,Low,Memory,251.25,Auto generated incident log,Restarted service,25
I00842,05-02-2026 01:00,Orders,West,Medium,Latency,864.24,Auto generated incident log,Optimized queries,60
I00843,05-02-2026 02:00,Search,East,High,Memory,700.85,Auto generated incident log,Scaled up instances,117
I00844,05-02-2026 03:00,Auth,East,Medium,Throughput,336.84,Auto generated incident log,Increased cache,26
I00845,05-02-2026 04:00,Billing,North,Medium,Memory,651.41,Auto generated incident log,Optimized queries,10
I00846,05-02-2026 05:00,Search,South,Low,Memory,296.37,Auto generated incident log,Restarted service,41
I00847,05-02-2026 06:00,Search,West,Low,CPU,64.98,Auto generated incident log,Scaled up instances,105
I00848,05-02-2026 07:00,Billing,North,Low,CPU,523.5,Auto generated incident log,Restarted service,53
I00849,05-02-2026 08:00,Auth,West,Low,ErrorRate,137.79,Auto generated incident log,Scaled up instances,6
I00850,05-02-2026 09:00,Payment,South,High,CPU,47.76,Auto generated incident log,Rolled back deployment,77
I00851,05-02-2026 10:00,Orders,West,Medium,CPU,389.82,Auto generated incident log,Increased cache,86
I00852,05-02-2026 11:00,Payment,North,Low,Latency,410.34,Auto generated incident log,Increased cache,73
I00853,05-02-2026 12:00,Search,West,Critical,Latency,377.55,Auto generated incident log,Rolled back deployment,74
I00854,05-02-2026 13:00,Orders,North,Low,ErrorRate,918.12,Auto generated incident log,Rolled back deployment,27
I00855,05-02-2026 14:00,Search,East,High,Throughput,466.97,Auto generated incident log,Optimized queries,85
I00856,05-02-2026 15:00,Auth,West,Low,Memory,496.95,Auto generated incident log,Restarted service,62
I00857,05-02-2026 16:00,Search,East,Low,CPU,530.91,Auto generated incident log,Scaled up instances,112
I00858,05-02-2026 17:00,Orders,South,Medium,CPU,601.77,Auto generated incident log,Optimized queries,101
I00859,05-02-2026 18:00,Search,East,Low,ErrorRate,886.14,Auto generated incident log,Restarted service,117
I00860,05-02-2026 19:00,Payment,North,Medium,Latency,575.71,Auto generated incident log,Scaled up instances,67
I00861,05-02-2026 20:00,Payment,South,Low,Memory,424.13,Auto generated incident log,Restarted service,108
I00862,05-02-2026 21:00,Billing,West,Medium,Memory,432.19,Auto generated incident log,Rolled back deployment,7
I00863,05-02-2026 22:00,Payment,East,Low,Latency,854.93,Auto generated incident log,Increased cache,34
I00864,05-02-2026 23:00,Orders,South,Low,Memory,420.93,Auto generated incident log,Restarted service,36
I00865,06-02-2026 00:00,Orders,South,High,Latency,976.24,Auto generated incident log,Scaled up instances,39
I00866,06-02-2026 01:00,Payment,West,Low,Latency,395.49,Auto generated incident log,Increased cache,10
I00867,06-02-2026 02:00,Search,East,Low,CPU,868.37,Auto generated incident log,Increased cache,55
I00868,06-02-2026 03:00,Orders,West,Low,Latency,290.02,Auto generated incident log,Increased cache,65
I00869,06-02-2026 04:00,Search,South,High,ErrorRate,180.92,Auto generated incident log,Increased cache,46
I00870,06-02-2026 05:00,Billing,West,High,ErrorRate,586.96,Auto generated incident log,Rolled back deployment,109
I00871,06-02-2026 06:00,Auth,South,Critical,Throughput,283.07,Auto generated incident log,Scaled up instances,20
I00872,06-02-2026 07:00,Search,East,Critical,ErrorRate,877.56,Auto generated incident log,Scaled up instances,107
I00873,06-02-2026 08:00,Orders,West,Medium,Latency,479.12,Auto generated incident log,Scaled up instances,65
I00874,06-02-2026 09:00,Billing,West,Low,Throughput,541.68,Auto generated incident log,Restarted service,113
I00875,06-02-2026 10:00,Auth,West,Medium,Latency,270.96,Auto generated incident log,Restarted service,42
I00876,06-02-2026 11:00,Orders,South,High,CPU,209.9,Auto generated incident log,Increased cache,82
I00877,06-02-2026 12:00,Search,West,High,Throughput,152.83,Auto generated incident log,Scaled up instances,36
I00878,06-02-2026 13:00,Auth,South,Low,Throughput,174.75,Auto generated incident log,Rolled back deployment,105
I00879,06-02-2026 14:00,Orders,West,Low,Latency,48.35,Auto generated incident log,Increased cache,76
I00880,06-02-2026 15:00,Auth,West,High,Latency,992.84,Auto generated incident log,Increased cache,33
I00881,06-02-2026 16:00,Billing,South,Low,Throughput,558.02,Auto generated incident log,Increased cache,74
I00882,06-02-2026 17:00,Search,South,Medium,Latency,511.22,Auto generated incident log,Rolled back deployment,89
I00883,06-02-2026 18:00,Payment,East,High,Memory,659.67,Auto generated incident log,Optimized queries,69
I00884,06-02-2026 19:00,Orders,South,Medium,Throughput,370.96,Auto generated incident log,Rolled back deployment,45
I00885,06-02-2026 20:00,Orders,South,Low,CPU,859,Auto generated incident log,Scaled up instances,42
I00886,06-02-2026 21:00,Search,West,Medium,ErrorRate,480.7,Auto generated incident log,Restarted service,6
I00887,06-02-2026 22:00,Billing,West,Critical,Memory,339.06,Auto generated incident log,Increased cache,14
I00888,06-02-2026 23:00,Search,East,Low,CPU,666.46,Auto generated incident log,Optimized queries,67
I00889,07-02-2026 00:00,Billing,South,Low,CPU,819.93,Auto generated incident log,Increased cache,39
I00890,07-02-2026 01:00,Auth,East,Medium,Throughput,547.81,Auto generated incident log,Restarted service,14
I00891,07-02-2026 02:00,Orders,South,High,Throughput,483.85,Auto generated incident log,Increased cache,66
I00892,07-02-2026 03:00,Orders,North,High,Memory,331.76,Auto generated incident log,Restarted service,58
I00893,07-02-2026 04:00,Billing,North,High,Latency,60.62,Auto generated incident log,Increased cache,94
I00894,07-02-2026 05:00,Search,South,Medium,CPU,400.83,Auto generated incident log,Rolled back deployment,48
I00895,07-02-2026 06:00,Payment,West,Low,CPU,153.7,Auto generated incident log,Increased cache,115
I00896,07-02-2026 07:00,Orders,West,Medium,CPU,600.63,Auto generated incident log,Optimized queries,22
I00897,07-02-2026 08:00,Orders,East,Medium,Latency,883.66,Auto generated incident log,Restarted service,16
I00898,07-02-2026 09:00,Search,South,Low,Throughput,403.59,Auto generated incident log,Restarted service,89
I00899,07-02-2026 10:00,Search,South,Low,ErrorRate,468.35,Auto generated incident log,Restarted service,100
I00900,07-02-2026 11:00,Billing,East,Medium,ErrorRate,57.65,Auto generated incident log,Scaled up instances,14
I00901,07-02-2026 12:00,Orders,South,Low,Throughput,623.41,Auto generated incident log,Rolled back deployment,34
I00902,07-02-2026 13:00,Orders,South,Medium,ErrorRate,201.03,Auto generated incident log,Rolled back deployment,112
I00903,07-02-2026 14:00,Billing,South,Medium,Throughput,790.39,Auto generated incident log,Restarted service,90
I00904,07-02-2026 15:00,Orders,South,Medium,ErrorRate,339,Auto generated incident log,Restarted service,91
I00905,07-02-2026 16:00,Billing,East,Low,Throughput,79.17,Auto generated incident log,Rolled back deployment,92
I00906,07-02-2026 17:00,Orders,South,Medium,Latency,208.8,Auto generated incident log,Increased cache,5
I00907,07-02-2026 18:00,Payment,East,Critical,Memory,314.06,Auto generated incident log,Increased cache,27
I00908,07-02-2026 19:00,Payment,West,Low,CPU,213.34,Auto generated incident log,Restarted service,26
I00909,07-02-2026 20:00,Orders,West,High,Memory,715.45,Auto generated incident log,Restarted service,99
I00910,07-02-2026 21:00,Billing,West,Low,ErrorRate,962.39,Auto generated incident log,Scaled up instances,18
I00911,07-02-2026 22:00,Search,North,Medium,CPU,323.94,Auto generated incident log,Scaled up instances,65
I00912,07-02-2026 23:00,Payment,South,Medium,CPU,903.11,Auto generated incident log,Increased cache,37
I00913,08-02-2026 00:00,Billing,West,Low,CPU,728.15,Auto generated incident log,Optimized queries,77
I00914,08-02-2026 01:00,Search,East,Medium,Memory,180.35,Auto generated incident log,Rolled back deployment,22
I00915,08-02-2026 02:00,Billing,North,High,Memory,453.57,Auto generated incident log,Rolled back deployment,94
I00916,08-02-2026 03:00,Billing,North,Low,Memory,803.91,Auto generated incident log,Scaled up instances,58
I00917,08-02-2026 04:00,Auth,South,Medium,Throughput,720.83,Auto generated incident log,Scaled up instances,12
I00918,08-02-2026 05:00,Payment,South,Medium,CPU,146.66,Auto generated incident log,Increased cache,50
I00919,08-02-2026 06:00,Search,East,High,Memory,95.44,Auto generated incident log,Restarted service,38
I00920,08-02-2026 07:00,Search,East,Medium,Memory,937.69,Auto generated incident log,Optimized queries,81
I00921,08-02-2026 08:00,Orders,South,Low,Throughput,36.51,Auto generated incident log,Restarted service,86
I00922,08-02-2026 09:00,Search,North,Low,Latency,616.42,Auto generated incident log,Rolled back deployment,43
I00923,08-02-2026 10:00,Payment,West,High,Throughput,462.35,Auto generated incident log,Optimized queries,57
I00924,08-02-2026 11:00,Auth,West,Medium,CPU,164.27,Auto generated incident log,Rolled back deployment,51
I00925,08-02-2026 12:00,Billing,South,High,Latency,382.81,Auto generated incident log,Scaled up instances,12
I00926,08-02-2026 13:00,Billing,South,High,Throughput,268.79,Auto generated incident log,Restarted service,53
I00927,08-02-2026 14:00,Payment,West,Low,Latency,491.48,Auto generated incident log,Rolled back deployment,12
I00928,08-02-2026 15:00,Search,South,Low,Throughput,36.92,Auto generated incident log,Rolled back deployment,13
I00929,08-02-2026 16:00,Auth,South,Low,CPU,500.72,Auto generated incident log,Scaled up instances,71
I00930,08-02-2026 17:00,Billing,South,Medium,CPU,245.39,Auto generated incident log,Restarted service,92
I00931,08-02-2026 18:00,Billing,South,Medium,Memory,372.81,Auto generated incident log,Optimized queries,31
I00932,08-02-2026 19:00,Auth,East,Low,Throughput,431.61,Auto generated incident log,Restarted service,79
I00933,08-02-2026 20:00,Auth,South,High,ErrorRate,572.81,Auto generated incident log,Increased cache,67
I00934,08-02-2026 21:00,Search,North,High,Latency,49.45,Auto generated incident log,Scaled up instances,19
I00935,08-02-2026 22:00,Billing,East,Low,Throughput,599.16,Auto generated incident log,Increased cache,74
I00936,08-02-2026 23:00,Search,North,Medium,Memory,990.89,Auto generated incident log,Rolled back deployment,15
I00937,09-02-2026 00:00,Search,East,Critical,Latency,897.55,Auto generated incident log,Rolled back deployment,79
I00938,09-02-2026 01:00,Billing,South,Low,Memory,281.81,Auto generated incident log,Increased cache,70
I00939,09-02-2026 02:00,Billing,North,Low,Latency,619.65,Auto generated incident log,Increased cache,9
I00940,09-02-2026 03:00,Payment,East,Medium,Latency,717.61,Auto generated incident log,Rolled back deployment,85
I00941,09-02-2026 04:00,Orders,North,High,ErrorRate,303.59,Auto generated incident log,Restarted service,32
I00942,09-02-2026 05:00,Search,East,Low,Memory,408.68,Auto generated incident log,Rolled back deployment,106
I00943,09-02-2026 06:00,Billing,North,Low,Throughput,529.79,Auto generated incident log,Optimized queries,42
I00944,09-02-2026 07:00,Search,South,Medium,Latency,76.92,Auto generated incident log,Restarted service,84
I00945,09-02-2026 08:00,Billing,North,Low,ErrorRate,256.86,Auto generated incident log,Optimized queries,70
I00946,09-02-2026 09:00,Billing,East,Low,ErrorRate,25.76,Auto generated incident log,Increased cache,14
I00947,09-02-2026 10:00,Billing,North,Low,Latency,781.89,Auto generated incident log,Optimized queries,41
I00948,09-02-2026 11:00,Orders,South,High,Throughput,23.98,Auto generated incident log,Restarted service,13
I00949,09-02-2026 12:00,Search,South,Low,Memory,778.66,Auto generated incident log,Scaled up instances,28
I00950,09-02-2026 13:00,Payment,East,Medium,Memory,138.26,Auto generated incident log,Increased cache,72
I00951,09-02-2026 14:00,Billing,South,Medium,Latency,988.77,Auto generated incident log,Scaled up instances,36
I00952,09-02-2026 15:00,Orders,North,Low,Latency,341.66,Auto generated incident log,Increased cache,63
I00953,09-02-2026 16:00,Orders,South,Low,ErrorRate,212.61,Auto generated incident log,Optimized queries,119
I00954,09-02-2026 17:00,Billing,South,High,CPU,103.12,Auto generated incident log,Optimized queries,51
I00955,09-02-2026 18:00,Auth,East,Low,ErrorRate,417.63,Auto generated incident log,Rolled back deployment,57
I00956,09-02-2026 19:00,Search,South,High,Throughput,242.69,Auto generated incident log,Rolled back deployment,118
I00957,09-02-2026 20:00,Payment,North,Low,ErrorRate,916.75,Auto generated incident log,Increased cache,117
I00958,09-02-2026 21:00,Orders,East,Critical,Latency,27.21,Auto generated incident log,Rolled back deployment,116
I00959,09-02-2026 22:00,Auth,South,Medium,CPU,389.69,Auto generated incident log,Scaled up instances,10
I00960,09-02-2026 23:00,Orders,North,Medium,Throughput,312.6,Auto generated incident log,Optimized queries,49
I00961,10-02-2026 00:00,Auth,South,Low,Throughput,679.29,Auto generated incident log,Restarted service,13
I00962,10-02-2026 01:00,Payment,South,Low,Throughput,522.37,Auto generated incident log,Increased cache,115
I00963,10-02-2026 02:00,Orders,North,Low,ErrorRate,189.65,Auto generated incident log,Rolled back deployment,16
I00964,10-02-2026 03:00,Auth,East,Low,CPU,646.32,Auto generated incident log,Restarted service,83
I00965,10-02-2026 04:00,Orders,West,Medium,CPU,219.04,Auto generated incident log,Optimized queries,55
I00966,10-02-2026 05:00,Billing,South,Medium,Memory,538.65,Auto generated incident log,Increased cache,59
I00967,10-02-2026 06:00,Payment,South,High,Latency,865.08,Auto generated incident log,Scaled up instances,112
I00968,10-02-2026 07:00,Billing,East,Medium,Latency,241.68,Auto generated incident log,Rolled back deployment,111
I00969,10-02-2026 08:00,Payment,South,Low,Latency,374.71,Auto generated incident log,Optimized queries,29
I00970,10-02-2026 09:00,Search,East,Low,Latency,963.45,Auto generated incident log,Rolled back deployment,79
I00971,10-02-2026 10:00,Payment,South,Medium,CPU,90.97,Auto generated incident log,Restarted service,25
I00972,10-02-2026 11:00,Orders,South,Medium,Throughput,402.06,Auto generated incident log,Increased cache,61
I00973,10-02-2026 12:00,Orders,East,Medium,Throughput,377.39,Auto generated incident log,Scaled up instances,25
I00974,10-02-2026 13:00,Billing,South,Low,Latency,450.36,Auto generated incident log,Rolled back deployment,84
I00975,10-02-2026 14:00,Orders,North,Low,Latency,299.79,Auto generated incident log,Restarted service,115
I00976,10-02-2026 15:00,Orders,South,Medium,Throughput,726.59,Auto generated incident log,Rolled back deployment,76
I00977,10-02-2026 16:00,Auth,East,Critical,Throughput,644.53,Auto generated incident log,Restarted service,14
I00978,10-02-2026 17:00,Payment,South,Medium,CPU,652.36,Auto generated incident log,Scaled up instances,68
I00979,10-02-2026 18:00,Orders,West,Medium,Throughput,651.41,Auto generated incident log,Optimized queries,58
I00980,10-02-2026 19:00,Billing,South,Low,Throughput,974.85,Auto generated incident log,Rolled back deployment,69
I00981,10-02-2026 20:00,Orders,North,Low,Memory,408.78,Auto generated incident log,Restarted service,26
I00982,10-02-2026 21:00,Search,East,Medium,Throughput,727.87,Auto generated incident log,Rolled back deployment,79
I00983,10-02-2026 22:00,Auth,West,Medium,Latency,839.51,Auto generated incident log,Optimized queries,109
I00984,10-02-2026 23:00,Orders,West,Critical,Throughput,894.32,Auto generated incident log,Rolled back deployment,106
I00985,11-02-2026 00:00,Billing,North,High,Memory,529.26,Auto generated incident log,Increased cache,57
I00986,11-02-2026 01:00,Orders,West,Low,ErrorRate,103.91,Auto generated incident log,Increased cache,50
I00987,11-02-2026 02:00,Search,East,Low,Memory,980.67,Auto generated incident log,Rolled back deployment,47
I00988,11-02-2026 03:00,Billing,West,Critical,Throughput,712.33,Auto generated incident log,Restarted service,20
I00989,11-02-2026 04:00,Auth,West,High,ErrorRate,70.2,Auto generated incident log,Increased cache,61
I00990,11-02-2026 05:00,Orders,East,Low,Latency,678.32,Auto generated incident log,Rolled back deployment,88
I00991,11-02-2026 06:00,Payment,North,High,CPU,728.11,Auto generated incident log,Rolled back deployment,12
I00992,11-02-2026 07:00,Search,West,High,Memory,490.11,Auto generated incident log,Scaled up instances,103
I00993,11-02-2026 08:00,Orders,North,Medium,Memory,384.82,Auto generated incident log,Optimized queries,116
I00994,11-02-2026 09:00,Auth,South,Low,Memory,449.53,Auto generated incident log,Optimized queries,88
I00995,11-02-2026 10:00,Payment,South,Medium,Latency,584.22,Auto generated incident log,Scaled up instances,71
I00996,11-02-2026 11:00,Payment,East,Low,CPU,282.39,Auto generated incident log,Restarted service,18
I00997,11-02-2026 12:00,Payment,East,Low,Memory,980.41,Auto generated incident log,Restarted service,16
I00998,11-02-2026 13:00,Billing,North,Low,Latency,835.73,Auto generated incident log,Restarted service,105
I00999,11-02-2026 14:00,Billing,South,High,Latency,387.14,Auto generated incident log,Optimized queries,78
I01000,11-02-2026 15:00,Orders,West,High,CPU,382.88,Auto generated incident log,Rolled back deployment,103
I01001,11-02-2026 16:00,Payment,East,Low,Throughput,494.65,Auto generated incident log,Increased cache,70
I01002,11-02-2026 17:00,Orders,North,High,Latency,836.54,Auto generated incident log,Restarted service,92
I01003,11-02-2026 18:00,Auth,South,Medium,Memory,913.89,Auto generated incident log,Scaled up instances,57
I01004,11-02-2026 19:00,Orders,West,Medium,CPU,335.57,Auto generated incident log,Restarted service,7
I01005,11-02-2026 20:00,Search,North,Low,ErrorRate,211.6,Auto generated incident log,Restarted service,43
I01006,11-02-2026 21:00,Orders,North,Low,CPU,734.23,Auto generated incident log,Restarted service,11
I01007,11-02-2026 22:00,Orders,West,Low,ErrorRate,327.81,Auto generated incident log,Optimized queries,76
I01008,11-02-2026 23:00,Payment,East,Low,Latency,784.97,Auto generated incident log,Increased cache,8
I01009,12-02-2026 00:00,Payment,West,Medium,Throughput,489.42,Auto generated incident log,Increased cache,96
I01010,12-02-2026 01:00,Auth,East,High,CPU,658.51,Auto generated incident log,Restarted service,111
I01011,12-02-2026 02:00,Billing,North,Low,CPU,440.05,Auto generated incident log,Restarted service,45
I01012,12-02-2026 03:00,Search,East,Low,Throughput,431.18,Auto generated incident log,Increased cache,74
I01013,12-02-2026 04:00,Search,East,Medium,ErrorRate,697.74,Auto generated incident log,Optimized queries,109
I01014,12-02-2026 05:00,Auth,East,Low,CPU,604.3,Auto generated incident log,Scaled up instances,21
I01015,12-02-2026 06:00,Orders,West,Medium,CPU,396.89,Auto generated incident log,Scaled up instances,92
I01016,12-02-2026 07:00,Search,West,Medium,Memory,307.5,Auto generated incident log,Optimized queries,20
I01017,12-02-2026 08:00,Orders,East,Low,CPU,155.35,Auto generated incident log,Increased cache,9
I01018,12-02-2026 09:00,Billing,South,High,Memory,673.56,Auto generated incident log,Scaled up instances,73
I01019,12-02-2026 10:00,Billing,West,Low,ErrorRate,555.79,Auto generated incident log,Restarted service,67
I01020,12-02-2026 11:00,Search,South,Low,Memory,83.52,Auto generated incident log,Scaled up instances,50
I01021,12-02-2026 12:00,Orders,North,Medium,Memory,44.82,Auto generated incident log,Scaled up instances,48
I01022,12-02-2026 13:00,Auth,South,High,CPU,6.41,Auto generated incident log,Rolled back deployment,114
I01023,12-02-2026 14:00,Search,North,Low,Latency,186.51,Auto generated incident log,Restarted service,31
I01024,12-02-2026 15:00,Payment,East,High,CPU,106.42,Auto generated incident log,Rolled back deployment,93
I01025,12-02-2026 16:00,Billing,South,Medium,Memory,340.88,Auto generated incident log,Increased cache,80
I01026,12-02-2026 17:00,Search,South,High,CPU,952.34,Auto generated incident log,Increased cache,96
I01027,12-02-2026 18:00,Payment,West,Critical,Throughput,223.45,Auto generated incident log,Restarted service,97
I01028,12-02-2026 19:00,Orders,West,Medium,ErrorRate,489.92,Auto generated incident log,Scaled up instances,98
I01029,12-02-2026 20:00,Orders,West,Low,Throughput,654.54,Auto generated incident log,Scaled up instances,30
I01030,12-02-2026 21:00,Auth,South,Medium,ErrorRate,721.11,Auto generated incident log,Scaled up instances,110
I01031,12-02-2026 22:00,Auth,West,Low,ErrorRate,102.04,Auto generated incident log,Optimized queries,82
I01032,12-02-2026 23:00,Billing,West,Medium,ErrorRate,76.09,Auto generated incident log,Optimized queries,72
I01033,13-02-2026 00:00,Search,East,Medium,CPU,481.68,Auto generated incident log,Rolled back deployment,28
I01034,13-02-2026 01:00,Orders,North,Medium,Latency,8.84,Auto generated incident log,Increased cache,9
I01035,13-02-2026 02:00,Auth,West,Medium,Latency,662.14,Auto generated incident log,Restarted service,83
I01036,13-02-2026 03:00,Auth,South,Low,ErrorRate,881.56,Auto generated incident log,Restarted service,70
I01037,13-02-2026 04:00,Payment,West,Low,CPU,591.99,Auto generated incident log,Optimized queries,42
I01038,13-02-2026 05:00,Search,South,Low,Throughput,158.64,Auto generated incident log,Scaled up instances,85
I01039,13-02-2026 06:00,Auth,South,Medium,CPU,968.72,Auto generated incident log,Optimized queries,108
I01040,13-02-2026 07:00,Search,South,Medium,CPU,751.24,Auto generated incident log,Scaled up instances,48
I01041,13-02-2026 08:00,Search,East,High,Memory,238.45,Auto generated incident log,Scaled up instances,31
I01042,13-02-2026 09:00,Auth,South,High,Latency,948.61,Auto generated incident log,Increased cache,43
I01043,13-02-2026 10:00,Search,West,Medium,Latency,646.15,Auto generated incident log,Increased cache,39
I01044,13-02-2026 11:00,Search,South,Medium,Memory,447.57,Auto generated incident log,Increased cache,107
I01045,13-02-2026 12:00,Payment,West,Low,ErrorRate,9.88,Auto generated incident log,Restarted service,15
I01046,13-02-2026 13:00,Orders,West,Low,Throughput,569.79,Auto generated incident log,Increased cache,74
I01047,13-02-2026 14:00,Billing,East,High,ErrorRate,458.02,Auto generated incident log,Restarted service,24
I01048,13-02-2026 15:00,Auth,East,Critical,Memory,271.36,Auto generated incident log,Scaled up instances,115
I01049,13-02-2026 16:00,Payment,East,Low,Throughput,695.29,Auto generated incident log,Scaled up instances,18
I01050,13-02-2026 17:00,Auth,East,Medium,CPU,929.74,Auto generated incident log,Restarted service,12
I01051,13-02-2026 18:00,Orders,West,High,CPU,186.91,Auto generated incident log,Increased cache,8
I01052,13-02-2026 19:00,Payment,East,High,Throughput,355.57,Auto generated incident log,Rolled back deployment,52
I01053,13-02-2026 20:00,Search,South,Low,Memory,199.64,Auto generated incident log,Rolled back deployment,33
I01054,13-02-2026 21:00,Search,West,Low,ErrorRate,213.87,Auto generated incident log,Scaled up instances,47
I01055,13-02-2026 22:00,Search,East,High,Throughput,325.49,Auto generated incident log,Rolled back deployment,29
I01056,13-02-2026 23:00,Auth,West,Medium,ErrorRate,579.66,Auto generated incident log,Optimized queries,87
I01057,14-02-2026 00:00,Payment,South,Medium,Throughput,821.12,Auto generated incident log,Optimized queries,83
I01058,14-02-2026 01:00,Orders,East,Low,ErrorRate,17,Auto generated incident log,Optimized queries,86
I01059,14-02-2026 02:00,Orders,North,Medium,Memory,219.23,Auto generated incident log,Scaled up instances,30
I01060,14-02-2026 03:00,Search,East,Low,Memory,492.11,Auto generated incident log,Scaled up instances,23
I01061,14-02-2026 04:00,Orders,East,High,CPU,337.03,Auto generated incident log,Increased cache,79
I01062,14-02-2026 05:00,Search,East,Low,Memory,642,Auto generated incident log,Restarted service,105
I01063,14-02-2026 06:00,Payment,North,Medium,ErrorRate,163.73,Auto generated incident log,Scaled up instances,92
I01064,14-02-2026 07:00,Orders,South,Critical,ErrorRate,814.12,Auto generated incident log,Increased cache,107
I01065,14-02-2026 08:00,Orders,West,Low,CPU,511.22,Auto generated incident log,Optimized queries,88
I01066,14-02-2026 09:00,Payment,North,Medium,CPU,765.78,Auto generated incident log,Restarted service,95
I01067,14-02-2026 10:00,Billing,East,Low,Latency,134.76,Auto generated incident log,Restarted service,89
I01068,14-02-2026 11:00,Orders,West,Low,Memory,225.27,Auto generated incident log,Scaled up instances,30
I01069,14-02-2026 12:00,Payment,East,High,Memory,945.14,Auto generated incident log,Scaled up instances,76
I01070,14-02-2026 13:00,Orders,West,Medium,Latency,861.14,Auto generated incident log,Rolled back deployment,105
I01071,14-02-2026 14:00,Search,West,Critical,ErrorRate,135.51,Auto generated incident log,Optimized queries,59
I01072,14-02-2026 15:00,Search,East,Low,Throughput,511.85,Auto generated incident log,Rolled back deployment,66
I01073,14-02-2026 16:00,Payment,West,Low,ErrorRate,26.65,Auto generated incident log,Scaled up instances,54
I01074,14-02-2026 17:00,Orders,West,Medium,Throughput,992.97,Auto generated incident log,Rolled back deployment,42
I01075,14-02-2026 18:00,Billing,East,High,Memory,998.62,Auto generated incident log,Optimized queries,10
I01076,14-02-2026 19:00,Payment,North,Low,Memory,419.18,Auto generated incident log,Restarted service,59
I01077,14-02-2026 20:00,Payment,South,Low,ErrorRate,475.52,Auto generated incident log,Optimized queries,44
I01078,14-02-2026 21:00,Orders,West,Low,ErrorRate,759.77,Auto generated incident log,Rolled back deployment,119
I01079,14-02-2026 22:00,Auth,East,Medium,ErrorRate,156.98,Auto generated incident log,Restarted service,103
I01080,14-02-2026 23:00,Orders,East,Medium,CPU,131.42,Auto generated incident log,Increased cache,101
I01081,15-02-2026 00:00,Billing,North,Medium,ErrorRate,374.36,Auto generated incident log,Scaled up instances,67
I01082,15-02-2026 01:00,Orders,North,High,Throughput,297.57,Auto generated incident log,Scaled up instances,56
I01083,15-02-2026 02:00,Payment,South,Low,Latency,782.68,Auto generated incident log,Rolled back deployment,85
I01084,15-02-2026 03:00,Search,South,Medium,ErrorRate,22.94,Auto generated incident log,Rolled back deployment,24
I01085,15-02-2026 04:00,Billing,West,Low,Throughput,709.69,Auto generated incident log,Increased cache,61
I01086,15-02-2026 05:00,Payment,South,Low,Memory,955.58,Auto generated incident log,Optimized queries,55
I01087,15-02-2026 06:00,Orders,West,High,ErrorRate,790.25,Auto generated incident log,Optimized queries,118
I01088,15-02-2026 07:00,Auth,North,Medium,Throughput,41.8,Auto generated incident log,Optimized queries,81
I01089,15-02-2026 08:00,Payment,West,Medium,Throughput,533.13,Auto generated incident log,Optimized queries,16
I01090,15-02-2026 09:00,Auth,North,Low,ErrorRate,320.44,Auto generated incident log,Scaled up instances,111
I01091,15-02-2026 10:00,Billing,South,Low,Throughput,481.76,Auto generated incident log,Increased cache,90
I01092,15-02-2026 11:00,Payment,West,Medium,ErrorRate,336.5,Auto generated incident log,Scaled up instances,119
I01093,15-02-2026 12:00,Search,South,High,Memory,451.55,Auto generated incident log,Rolled back deployment,63
I01094,15-02-2026 13:00,Auth,East,Low,Latency,290.03,Auto generated incident log,Increased cache,50
I01095,15-02-2026 14:00,Billing,South,Medium,Memory,216.61,Auto generated incident log,Restarted service,64
I01096,15-02-2026 15:00,Orders,South,Low,ErrorRate,101.31,Auto generated incident log,Restarted service,34
I01097,15-02-2026 16:00,Billing,North,High,Memory,972.75,Auto generated incident log,Rolled back deployment,115
I01098,15-02-2026 17:00,Auth,East,Medium,CPU,755.51,Auto generated incident log,Restarted service,112
I01099,15-02-2026 18:00,Payment,West,Medium,Memory,688.82,Auto generated incident log,Scaled up instances,88
I01100,15-02-2026 19:00,Auth,North,High,Throughput,132.3,Auto generated incident log,Optimized queries,109
I01101,15-02-2026 20:00,Orders,East,Medium,Memory,195.42,Auto generated incident log,Rolled back deployment,32
I01102,15-02-2026 21:00,Search,West,High,Memory,892.06,Auto generated incident log,Scaled up instances,64
I01103,15-02-2026 22:00,Orders,West,Medium,Memory,599.29,Auto generated incident log,Scaled up instances,94
I01104,15-02-2026 23:00,Payment,South,Low,Throughput,773.04,Auto generated incident log,Rolled back deployment,13
I01105,16-02-2026 00:00,Search,South,Medium,Memory,109.96,Auto generated incident log,Rolled back deployment,56
I01106,16-02-2026 01:00,Search,North,Critical,Throughput,974.67,Auto generated incident log,Scaled up instances,66
I01107,16-02-2026 02:00,Billing,South,Low,Memory,12.41,Auto generated incident log,Increased cache,45
I01108,16-02-2026 03:00,Auth,East,High,Throughput,823.84,Auto generated incident log,Restarted service,104
I01109,16-02-2026 04:00,Payment,North,Medium,Latency,561.97,Auto generated incident log,Optimized queries,107
I01110,16-02-2026 05:00,Search,South,Medium,Memory,573.52,Auto generated incident log,Restarted service,104
I01111,16-02-2026 06:00,Auth,North,Low,Memory,279.96,Auto generated incident log,Rolled back deployment,107
I01112,16-02-2026 07:00,Auth,North,High,Throughput,564.61,Auto generated incident log,Increased cache,96
I01113,16-02-2026 08:00,Auth,East,Medium,CPU,681.64,Auto generated incident log,Scaled up instances,102
I01114,16-02-2026 09:00,Payment,North,High,Memory,425.04,Auto generated incident log,Scaled up instances,106
I01115,16-02-2026 10:00,Orders,East,Medium,Latency,926.29,Auto generated incident log,Increased cache,55
I01116,16-02-2026 11:00,Auth,South,Low,Latency,779.26,Auto generated incident log,Increased cache,18
I01117,16-02-2026 12:00,Billing,North,Low,ErrorRate,935.91,Auto generated incident log,Restarted service,96
I01118,16-02-2026 13:00,Search,North,High,CPU,451,Auto generated incident log,Restarted service,44
I01119,16-02-2026 14:00,Billing,North,Low,CPU,939.17,Auto generated incident log,Increased cache,53
I01120,16-02-2026 15:00,Auth,North,Low,Latency,232.33,Auto generated incident log,Increased cache,119
I01121,16-02-2026 16:00,Orders,East,High,CPU,910.44,Auto generated incident log,Scaled up instances,6
I01122,16-02-2026 17:00,Search,North,Critical,CPU,785.21,Auto generated incident log,Increased cache,92
I01123,16-02-2026 18:00,Auth,South,Low,CPU,586.78,Auto generated incident log,Increased cache,76
I01124,16-02-2026 19:00,Search,South,Low,CPU,354.13,Auto generated incident log,Restarted service,47
I01125,16-02-2026 20:00,Orders,West,Low,Latency,902.05,Auto generated incident log,Increased cache,61
I01126,16-02-2026 21:00,Billing,West,Low,Throughput,142.32,Auto generated incident log,Increased cache,36
I01127,16-02-2026 22:00,Auth,North,Low,Throughput,569.84,Auto generated incident log,Increased cache,33
I01128,16-02-2026 23:00,Search,South,Medium,Memory,52.46,Auto generated incident log,Restarted service,24
I01129,17-02-2026 00:00,Payment,South,Medium,CPU,55.45,Auto generated incident log,Optimized queries,114
I01130,17-02-2026 01:00,Orders,North,Critical,Throughput,759.86,Auto generated incident log,Rolled back deployment,55
I01131,17-02-2026 02:00,Billing,West,Medium,Memory,755.8,Auto generated incident log,Optimized queries,106
I01132,17-02-2026 03:00,Payment,East,Medium,Throughput,882.87,Auto generated incident log,Optimized queries,104
I01133,17-02-2026 04:00,Orders,East,High,CPU,163.72,Auto generated incident log,Optimized queries,84
I01134,17-02-2026 05:00,Search,North,Low,ErrorRate,436.67,Auto generated incident log,Rolled back deployment,82
I01135,17-02-2026 06:00,Auth,East,Low,Throughput,461.44,Auto generated incident log,Increased cache,69
I01136,17-02-2026 07:00,Search,East,Low,Throughput,515.45,Auto generated incident log,Rolled back deployment,78
I01137,17-02-2026 08:00,Payment,East,Low,Throughput,961.47,Auto generated incident log,Increased cache,49
I01138,17-02-2026 09:00,Orders,South,Low,CPU,106.51,Auto generated incident log,Restarted service,119
I01139,17-02-2026 10:00,Payment,West,Low,Latency,212.42,Auto generated incident log,Optimized queries,35
I01140,17-02-2026 11:00,Billing,South,Low,Latency,396.23,Auto generated incident log,Scaled up instances,19
I01141,17-02-2026 12:00,Billing,East,High,Latency,41.31,Auto generated incident log,Optimized queries,33
I01142,17-02-2026 13:00,Search,East,Critical,Latency,270.78,Auto generated incident log,Scaled up instances,10
I01143,17-02-2026 14:00,Billing,East,Medium,CPU,733.51,Auto generated incident log,Scaled up instances,12
I01144,17-02-2026 15:00,Orders,North,Critical,Throughput,83.07,Auto generated incident log,Increased cache,57
I01145,17-02-2026 16:00,Orders,West,Critical,Latency,961.15,Auto generated incident log,Optimized queries,28
I01146,17-02-2026 17:00,Orders,North,Low,ErrorRate,790.47,Auto generated incident log,Scaled up instances,47
I01147,17-02-2026 18:00,Payment,West,Low,ErrorRate,42.74,Auto generated incident log,Rolled back deployment,117
I01148,17-02-2026 19:00,Auth,West,High,Latency,619.24,Auto generated incident log,Scaled up instances,84
I01149,17-02-2026 20:00,Auth,North,Medium,CPU,391.27,Auto generated incident log,Optimized queries,58
I01150,17-02-2026 21:00,Orders,East,Low,Memory,687.85,Auto generated incident log,Increased cache,111
I01151,17-02-2026 22:00,Auth,North,Low,CPU,17.68,Auto generated incident log,Restarted service,75
I01152,17-02-2026 23:00,Payment,North,Medium,Latency,719.28,Auto generated incident log,Rolled back deployment,92
I01153,18-02-2026 00:00,Auth,East,Low,ErrorRate,851.9,Auto generated incident log,Optimized queries,7
I01154,18-02-2026 01:00,Search,North,High,Latency,833.13,Auto generated incident log,Increased cache,15
I01155,18-02-2026 02:00,Search,North,Medium,CPU,136.87,Auto generated incident log,Increased cache,52
I01156,18-02-2026 03:00,Orders,West,Low,Memory,958.86,Auto generated incident log,Optimized queries,108
I01157,18-02-2026 04:00,Orders,South,Low,Memory,113.59,Auto generated incident log,Increased cache,11
I01158,18-02-2026 05:00,Payment,North,Low,Throughput,454.28,Auto generated incident log,Rolled back deployment,116
I01159,18-02-2026 06:00,Orders,North,Medium,Memory,967.51,Auto generated incident log,Optimized queries,17
I01160,18-02-2026 07:00,Search,South,Low,ErrorRate,205.21,Auto generated incident log,Scaled up instances,9
I01161,18-02-2026 08:00,Orders,East,Low,ErrorRate,671.56,Auto generated incident log,Restarted service,106
I01162,18-02-2026 09:00,Orders,South,Critical,CPU,1.98,Auto generated incident log,Scaled up instances,117
I01163,18-02-2026 10:00,Search,West,High,Memory,265.73,Auto generated incident log,Scaled up instances,58
I01164,18-02-2026 11:00,Billing,South,Low,Memory,828.51,Auto generated incident log,Scaled up instances,17
I01165,18-02-2026 12:00,Search,West,Low,Latency,852.41,Auto generated incident log,Increased cache,52
I01166,18-02-2026 13:00,Billing,East,Medium,Latency,188.98,Auto generated incident log,Restarted service,106
I01167,18-02-2026 14:00,Billing,North,Critical,Latency,168.28,Auto generated incident log,Rolled back deployment,53
I01168,18-02-2026 15:00,Billing,North,Low,ErrorRate,842.43,Auto generated incident log,Optimized queries,57
I01169,18-02-2026 16:00,Orders,North,Low,ErrorRate,458.29,Auto generated incident log,Restarted service,38
I01170,18-02-2026 17:00,Orders,East,High,Memory,876.13,Auto generated incident log,Scaled up instances,14
I01171,18-02-2026 18:00,Payment,East,Medium,Memory,571.43,Auto generated incident log,Scaled up instances,14
I01172,18-02-2026 19:00,Auth,South,Medium,CPU,457.03,Auto generated incident log,Optimized queries,20
I01173,18-02-2026 20:00,Billing,East,Medium,ErrorRate,780.96,Auto generated incident log,Rolled back deployment,76
I01174,18-02-2026 21:00,Search,East,Medium,CPU,204.86,Auto generated incident log,Increased cache,34
I01175,18-02-2026 22:00,Billing,East,High,CPU,562.67,Auto generated incident log,Increased cache,42
I01176,18-02-2026 23:00,Orders,West,Low,CPU,509.29,Auto generated incident log,Increased cache,119
I01177,19-02-2026 00:00,Orders,East,High,Throughput,907.32,Auto generated incident log,Optimized queries,113
I01178,19-02-2026 01:00,Auth,West,Low,Latency,966.62,Auto generated incident log,Optimized queries,88
I01179,19-02-2026 02:00,Billing,West,Medium,CPU,710.58,Auto generated incident log,Scaled up instances,69
I01180,19-02-2026 03:00,Billing,South,Low,Memory,214.49,Auto generated incident log,Rolled back deployment,86
I01181,19-02-2026 04:00,Billing,North,Medium,ErrorRate,427.4,Auto generated incident log,Restarted service,100
I01182,19-02-2026 05:00,Auth,North,Low,Latency,775.85,Auto generated incident log,Restarted service,83
I01183,19-02-2026 06:00,Search,South,Low,Memory,432.42,Auto generated incident log,Optimized queries,71
I01184,19-02-2026 07:00,Search,East,Medium,Throughput,437.1,Auto generated incident log,Restarted service,80
I01185,19-02-2026 08:00,Payment,West,Low,ErrorRate,768.59,Auto generated incident log,Restarted service,38
I01186,19-02-2026 09:00,Auth,East,Medium,Latency,604.58,Auto generated incident log,Optimized queries,48
I01187,19-02-2026 10:00,Billing,East,High,CPU,594.7,Auto generated incident log,Scaled up instances,82
I01188,19-02-2026 11:00,Billing,South,Critical,Memory,401.8,Auto generated incident log,Increased cache,69
I01189,19-02-2026 12:00,Payment,West,Low,Latency,851.95,Auto generated incident log,Restarted service,51
I01190,19-02-2026 13:00,Payment,West,Medium,Throughput,396.71,Auto generated incident log,Rolled back deployment,102
I01191,19-02-2026 14:00,Search,West,High,Throughput,818.93,Auto generated incident log,Scaled up instances,7
I01192,19-02-2026 15:00,Orders,West,Medium,CPU,393.61,Auto generated incident log,Scaled up instances,33
I01193,19-02-2026 16:00,Billing,South,High,ErrorRate,418.56,Auto generated incident log,Scaled up instances,74
I01194,19-02-2026 17:00,Orders,East,High,Latency,352.5,Auto generated incident log,Increased cache,54
I01195,19-02-2026 18:00,Payment,North,High,ErrorRate,181,Auto generated incident log,Restarted service,70
I01196,19-02-2026 19:00,Search,West,High,CPU,459.76,Auto generated incident log,Increased cache,46
I01197,19-02-2026 20:00,Search,North,High,Memory,881.82,Auto generated incident log,Scaled up instances,31
I01198,19-02-2026 21:00,Auth,East,Medium,Memory,648.32,Auto generated incident log,Optimized queries,20
I01199,19-02-2026 22:00,Orders,North,Medium,CPU,470.01,Auto generated incident log,Rolled back deployment,69
I01200,19-02-2026 23:00,Payment,East,Low,ErrorRate,745.78,Auto generated incident log,Scaled up instances,96
I01201,20-02-2026 00:00,Orders,South,Low,CPU,160.46,Auto generated incident log,Restarted service,26
I01202,20-02-2026 01:00,Billing,South,Low,Memory,802.42,Auto generated incident log,Scaled up instances,71
I01203,20-02-2026 02:00,Auth,West,High,Latency,536.21,Auto generated incident log,Rolled back deployment,100
I01204,20-02-2026 03:00,Orders,South,Low,CPU,65.78,Auto generated incident log,Increased cache,41
I01205,20-02-2026 04:00,Billing,West,High,ErrorRate,998.68,Auto generated incident log,Scaled up instances,95
I01206,20-02-2026 05:00,Payment,West,Medium,ErrorRate,823.08,Auto generated incident log,Optimized queries,91
I01207,20-02-2026 06:00,Billing,East,Critical,Memory,740.05,Auto generated incident log,Scaled up instances,117
I01208,20-02-2026 07:00,Orders,East,High,Latency,200.64,Auto generated incident log,Restarted service,62
I01209,20-02-2026 08:00,Billing,North,Medium,CPU,223.2,Auto generated incident log,Scaled up instances,83
I01210,20-02-2026 09:00,Auth,East,Low,CPU,268.53,Auto generated incident log,Increased cache,86
I01211,20-02-2026 10:00,Search,North,Medium,CPU,191.66,Auto generated incident log,Scaled up instances,97
I01212,20-02-2026 11:00,Auth,North,High,Latency,985.9,Auto generated incident log,Rolled back deployment,30
I01213,20-02-2026 12:00,Billing,West,Low,CPU,345.67,Auto generated incident log,Increased cache,80
I01214,20-02-2026 13:00,Payment,North,Medium,Throughput,269.98,Auto generated incident log,Scaled up instances,67
I01215,20-02-2026 14:00,Orders,North,Low,ErrorRate,381.04,Auto generated incident log,Optimized queries,19
I01216,20-02-2026 15:00,Orders,South,Medium,CPU,331.53,Auto generated incident log,Optimized queries,43
I01217,20-02-2026 16:00,Search,East,Low,Throughput,49.43,Auto generated incident log,Scaled up instances,80
I01218,20-02-2026 17:00,Billing,East,Medium,CPU,520.89,Auto generated incident log,Optimized queries,27
I01219,20-02-2026 18:00,Payment,North,Critical,Throughput,860.43,Auto generated incident log,Rolled back deployment,103
I01220,20-02-2026 19:00,Billing,North,Low,Latency,28.44,Auto generated incident log,Scaled up instances,105
I01221,20-02-2026 20:00,Billing,West,Medium,Throughput,226.59,Auto generated incident log,Optimized queries,103
I01222,20-02-2026 21:00,Billing,East,High,ErrorRate,460.31,Auto generated incident log,Restarted service,49
I01223,20-02-2026 22:00,Billing,West,Low,Memory,687.1,Auto generated incident log,Optimized queries,55
I01224,20-02-2026 23:00,Orders,South,Critical,Latency,945.88,Auto generated incident log,Scaled up instances,45
I01225,21-02-2026 00:00,Search,West,Low,ErrorRate,919.8,Auto generated incident log,Restarted service,25
I01226,21-02-2026 01:00,Orders,North,Low,Latency,521.36,Auto generated incident log,Scaled up instances,82
I01227,21-02-2026 02:00,Billing,East,Medium,Memory,774.45,Auto generated incident log,Scaled up instances,56
I01228,21-02-2026 03:00,Billing,North,Low,Throughput,258.14,Auto generated incident log,Increased cache,81
I01229,21-02-2026 04:00,Search,West,High,ErrorRate,860.15,Auto generated incident log,Restarted service,13
I01230,21-02-2026 05:00,Payment,South,High,Memory,582.45,Auto generated incident log,Optimized queries,39
I01231,21-02-2026 06:00,Orders,East,High,Memory,506.47,Auto generated incident log,Increased cache,22
I01232,21-02-2026 07:00,Search,East,Low,CPU,158.78,Auto generated incident log,Optimized queries,9
I01233,21-02-2026 08:00,Auth,South,Low,CPU,98.3,Auto generated incident log,Increased cache,110
I01234,21-02-2026 09:00,Payment,West,Medium,Throughput,706.33,Auto generated incident log,Rolled back deployment,102
I01235,21-02-2026 10:00,Auth,South,Critical,Memory,723.14,Auto generated incident log,Increased cache,84
I01236,21-02-2026 11:00,Search,East,High,Throughput,217.88,Auto generated incident log,Optimized queries,39
I01237,21-02-2026 12:00,Payment,South,High,ErrorRate,372.78,Auto generated incident log,Scaled up instances,14
I01238,21-02-2026 13:00,Billing,East,Low,Memory,446.51,Auto generated incident log,Rolled back deployment,80
I01239,21-02-2026 14:00,Search,North,Medium,CPU,419.29,Auto generated incident log,Optimized queries,105
I01240,21-02-2026 15:00,Billing,West,Low,ErrorRate,836.3,Auto generated incident log,Restarted service,39
I01241,21-02-2026 16:00,Search,South,Low,Latency,932.96,Auto generated incident log,Scaled up instances,72
I01242,21-02-2026 17:00,Payment,West,Medium,Latency,21.11,Auto generated incident log,Restarted service,66
I01243,21-02-2026 18:00,Payment,East,Low,CPU,834.26,Auto generated incident log,Restarted service,117
I01244,21-02-2026 19:00,Payment,South,Medium,Throughput,791.32,Auto generated incident log,Optimized queries,67
I01245,21-02-2026 20:00,Billing,East,Medium,CPU,195.95,Auto generated incident log,Scaled up instances,39
I01246,21-02-2026 21:00,Payment,East,Low,ErrorRate,597.53,Auto generated incident log,Rolled back deployment,48
I01247,21-02-2026 22:00,Payment,South,High,ErrorRate,249.47,Auto generated incident log,Scaled up instances,65
I01248,21-02-2026 23:00,Search,West,Low,CPU,565.84,Auto generated incident log,Rolled back deployment,98
I01249,22-02-2026 00:00,Search,West,Low,Throughput,556.49,Auto generated incident log,Optimized queries,80
I01250,22-02-2026 01:00,Orders,West,Low,Latency,485.47,Auto generated incident log,Scaled up instances,102
I01251,22-02-2026 02:00,Auth,East,Medium,Throughput,800.94,Auto generated incident log,Scaled up instances,67
I01252,22-02-2026 03:00,Orders,South,Low,Latency,126.55,Auto generated incident log,Restarted service,20
I01253,22-02-2026 04:00,Billing,East,Medium,Memory,845.75,Auto generated incident log,Increased cache,8
I01254,22-02-2026 05:00,Orders,North,Critical,Memory,692.07,Auto generated incident log,Optimized queries,33
I01255,22-02-2026 06:00,Billing,West,High,CPU,181.61,Auto generated incident log,Scaled up instances,21
I01256,22-02-2026 07:00,Search,West,Medium,Throughput,900.26,Auto generated incident log,Increased cache,44
I01257,22-02-2026 08:00,Payment,East,High,Latency,810.76,Auto generated incident log,Increased cache,90
I01258,22-02-2026 09:00,Search,West,Low,Latency,659.63,Auto generated incident log,Increased cache,80
I01259,22-02-2026 10:00,Search,South,High,Throughput,933.17,Auto generated incident log,Restarted service,16
I01260,22-02-2026 11:00,Search,East,Low,Throughput,750.52,Auto generated incident log,Increased cache,40
I01261,22-02-2026 12:00,Auth,South,High,Memory,250.34,Auto generated incident log,Scaled up instances,51
I01262,22-02-2026 13:00,Search,East,Low,Memory,467.42,Auto generated incident log,Scaled up instances,14
I01263,22-02-2026 14:00,Orders,North,Low,Throughput,904.38,Auto generated incident log,Increased cache,76
I01264,22-02-2026 15:00,Payment,North,Low,Throughput,848.36,Auto generated incident log,Optimized queries,70
I01265,22-02-2026 16:00,Search,South,Medium,ErrorRate,554.67,Auto generated incident log,Increased cache,108
I01266,22-02-2026 17:00,Billing,West,High,CPU,25.99,Auto generated incident log,Increased cache,83
I01267,22-02-2026 18:00,Payment,North,Low,ErrorRate,38.59,Auto generated incident log,Scaled up instances,61
I01268,22-02-2026 19:00,Payment,East,Medium,Throughput,72.32,Auto generated incident log,Restarted service,8
I01269,22-02-2026 20:00,Billing,North,High,Throughput,230.22,Auto generated incident log,Scaled up instances,76
I01270,22-02-2026 21:00,Auth,South,Critical,Throughput,117.13,Auto generated incident log,Increased cache,15
I01271,22-02-2026 22:00,Billing,West,Critical,CPU,189.11,Auto generated incident log,Rolled back deployment,115
I01272,22-02-2026 23:00,Orders,East,Low,Latency,885.05,Auto generated incident log,Increased cache,69
I01273,23-02-2026 00:00,Billing,North,Medium,ErrorRate,353.26,Auto generated incident log,Scaled up instances,43
I01274,23-02-2026 01:00,Billing,West,Low,Memory,242.3,Auto generated incident log,Rolled back deployment,81
I01275,23-02-2026 02:00,Payment,South,Low,Throughput,495.06,Auto generated incident log,Scaled up instances,108
I01276,23-02-2026 03:00,Billing,South,High,CPU,925.3,Auto generated incident log,Increased cache,77
I01277,23-02-2026 04:00,Search,South,Low,ErrorRate,974.82,Auto generated incident log,Optimized queries,100
I01278,23-02-2026 05:00,Payment,North,Medium,Latency,637.54,Auto generated incident log,Increased cache,39
I01279,23-02-2026 06:00,Payment,South,High,CPU,344.94,Auto generated incident log,Rolled back deployment,94
I01280,23-02-2026 07:00,Payment,North,Low,ErrorRate,78.2,Auto generated incident log,Rolled back deployment,18
I01281,23-02-2026 08:00,Payment,North,Medium,Throughput,935.75,Auto generated incident log,Increased cache,7
I01282,23-02-2026 09:00,Auth,North,Medium,Latency,140.18,Auto generated incident log,Optimized queries,62
I01283,23-02-2026 10:00,Search,South,Low,ErrorRate,333.76,Auto generated incident log,Restarted service,43
I01284,23-02-2026 11:00,Auth,North,High,Latency,969.15,Auto generated incident log,Scaled up instances,86
I01285,23-02-2026 12:00,Orders,South,High,CPU,549.32,Auto generated incident log,Scaled up instances,80
I01286,23-02-2026 13:00,Auth,East,Medium,Memory,365.67,Auto generated incident log,Increased cache,6
I01287,23-02-2026 14:00,Payment,South,High,Throughput,792.39,Auto generated incident log,Restarted service,48
I01288,23-02-2026 15:00,Search,West,Low,ErrorRate,700.99,Auto generated incident log,Optimized queries,8
I01289,23-02-2026 16:00,Auth,East,Low,Throughput,459.33,Auto generated incident log,Scaled up instances,34
I01290,23-02-2026 17:00,Auth,North,Medium,Latency,719.98,Auto generated incident log,Optimized queries,22
I01291,23-02-2026 18:00,Search,North,Medium,Latency,276.71,Auto generated incident log,Increased cache,118
I01292,23-02-2026 19:00,Auth,East,High,ErrorRate,664.9,Auto generated incident log,Scaled up instances,6
I01293,23-02-2026 20:00,Search,South,Medium,Throughput,513.61,Auto generated incident log,Optimized queries,26
I01294,23-02-2026 21:00,Orders,East,Medium,Memory,226.99,Auto generated incident log,Increased cache,35
I01295,23-02-2026 22:00,Auth,East,Medium,Memory,770.21,Auto generated incident log,Rolled back deployment,70
I01296,23-02-2026 23:00,Search,East,Low,CPU,2.17,Auto generated incident log,Scaled up instances,63
I01297,24-02-2026 00:00,Payment,West,Low,Latency,331.54,Auto generated incident log,Increased cache,88
I01298,24-02-2026 01:00,Search,West,Low,CPU,435.9,Auto generated incident log,Increased cache,63
I01299,24-02-2026 02:00,Search,North,High,ErrorRate,644.38,Auto generated incident log,Optimized queries,109
I01300,24-02-2026 03:00,Payment,West,Medium,Memory,487.59,Auto generated incident log,Scaled up instances,53
I01301,24-02-2026 04:00,Auth,North,Medium,Throughput,238.08,Auto generated incident log,Restarted service,75
I01302,24-02-2026 05:00,Payment,West,Low,Throughput,504.24,Auto generated incident log,Optimized queries,103
I01303,24-02-2026 06:00,Auth,North,Low,Throughput,258.31,Auto generated incident log,Rolled back deployment,103
I01304,24-02-2026 07:00,Billing,East,Medium,ErrorRate,573.68,Auto generated incident log,Restarted service,57
I01305,24-02-2026 08:00,Search,South,Low,ErrorRate,699.16,Auto generated incident log,Increased cache,85
I01306,24-02-2026 09:00,Billing,South,Critical,Latency,198.48,Auto generated incident log,Restarted service,76
I01307,24-02-2026 10:00,Billing,East,High,CPU,405.09,Auto generated incident log,Rolled back deployment,10
I01308,24-02-2026 11:00,Orders,South,Low,ErrorRate,26.84,Auto generated incident log,Increased cache,45
I01309,24-02-2026 12:00,Payment,North,Low,Memory,472.14,Auto generated incident log,Increased cache,38
I01310,24-02-2026 13:00,Payment,West,Medium,ErrorRate,923.72,Auto generated incident log,Rolled back deployment,103
I01311,24-02-2026 14:00,Payment,North,Low,ErrorRate,188.87,Auto generated incident log,Rolled back deployment,73
I01312,24-02-2026 15:00,Search,West,Low,Latency,203.08,Auto generated incident log,Increased cache,88
I01313,24-02-2026 16:00,Payment,North,Critical,Memory,967,Auto generated incident log,Optimized queries,87
I01314,24-02-2026 17:00,Orders,South,Low,CPU,613.09,Auto generated incident log,Rolled back deployment,95
I01315,24-02-2026 18:00,Search,North,High,Memory,602.01,Auto generated incident log,Optimized queries,42
I01316,24-02-2026 19:00,Orders,West,Low,CPU,896.57,Auto generated incident log,Restarted service,100
I01317,24-02-2026 20:00,Orders,North,High,ErrorRate,26.47,Auto generated incident log,Increased cache,15
I01318,24-02-2026 21:00,Search,North,Low,ErrorRate,419.89,Auto generated incident log,Optimized queries,61
I01319,24-02-2026 22:00,Auth,North,Medium,ErrorRate,558.29,Auto generated incident log,Optimized queries,72
I01320,24-02-2026 23:00,Auth,South,Medium,Throughput,479.71,Auto generated incident log,Rolled back deployment,41
I01321,25-02-2026 00:00,Auth,East,High,CPU,400.96,Auto generated incident log,Rolled back deployment,8
I01322,25-02-2026 01:00,Billing,West,Medium,Throughput,512.27,Auto generated incident log,Increased cache,90
I01323,25-02-2026 02:00,Auth,West,Critical,Throughput,742.13,Auto generated incident log,Increased cache,66
I01324,25-02-2026 03:00,Billing,South,Critical,CPU,255.1,Auto generated incident log,Increased cache,61
I01325,25-02-2026 04:00,Payment,North,Low,Latency,807.43,Auto generated incident log,Optimized queries,68
I01326,25-02-2026 05:00,Search,West,High,Memory,320.84,Auto generated incident log,Optimized queries,47
I01327,25-02-2026 06:00,Payment,South,Critical,Throughput,652.93,Auto generated incident log,Rolled back deployment,35
I01328,25-02-2026 07:00,Payment,North,High,Latency,730.63,Auto generated incident log,Restarted service,25
I01329,25-02-2026 08:00,Payment,North,Medium,CPU,895.15,Auto generated incident log,Restarted service,15
I01330,25-02-2026 09:00,Orders,East,Low,Throughput,853.15,Auto generated incident log,Optimized queries,93
I01331,25-02-2026 10:00,Billing,West,Critical,Throughput,426.06,Auto generated incident log,Scaled up instances,87
I01332,25-02-2026 11:00,Payment,North,Low,Memory,534.66,Auto generated incident log,Scaled up instances,57
I01333,25-02-2026 12:00,Billing,North,Low,CPU,933.98,Auto generated incident log,Scaled up instances,65
I01334,25-02-2026 13:00,Billing,East,Low,Latency,48.26,Auto generated incident log,Increased cache,11
I01335,25-02-2026 14:00,Billing,South,Critical,ErrorRate,386.58,Auto generated incident log,Scaled up instances,98
I01336,25-02-2026 15:00,Auth,North,Medium,Throughput,806.95,Auto generated incident log,Restarted service,55
I01337,25-02-2026 16:00,Orders,East,Low,CPU,919.27,Auto generated incident log,Increased cache,88
I01338,25-02-2026 17:00,Payment,West,Medium,CPU,513.86,Auto generated incident log,Increased cache,55
I01339,25-02-2026 18:00,Orders,East,Low,CPU,310.94,Auto generated incident log,Increased cache,13
I01340,25-02-2026 19:00,Search,North,High,CPU,878.51,Auto generated incident log,Optimized queries,61
I01341,25-02-2026 20:00,Payment,North,Medium,Latency,678.87,Auto generated incident log,Restarted service,59
I01342,25-02-2026 21:00,Orders,North,High,Latency,228.52,Auto generated incident log,Rolled back deployment,40
I01343,25-02-2026 22:00,Auth,East,Low,Latency,608.38,Auto generated incident log,Scaled up instances,118
I01344,25-02-2026 23:00,Search,North,Low,ErrorRate,137.2,Auto generated incident log,Increased cache,90
I01345,26-02-2026 00:00,Auth,West,Medium,ErrorRate,856.47,Auto generated incident log,Optimized queries,54
I01346,26-02-2026 01:00,Orders,West,High,Latency,123.09,Auto generated incident log,Optimized queries,93
I01347,26-02-2026 02:00,Orders,South,Medium,Latency,396.09,Auto generated incident log,Increased cache,113
I01348,26-02-2026 03:00,Search,West,High,Memory,396.72,Auto generated incident log,Increased cache,89
I01349,26-02-2026 04:00,Auth,West,Medium,Memory,786.13,Auto generated incident log,Optimized queries,117
I01350,26-02-2026 05:00,Orders,East,High,Throughput,123.07,Auto generated incident log,Increased cache,77
I01351,26-02-2026 06:00,Orders,West,Critical,ErrorRate,175.39,Auto generated incident log,Rolled back deployment,16
I01352,26-02-2026 07:00,Billing,East,Low,Memory,803.88,Auto generated incident log,Restarted service,97
I01353,26-02-2026 08:00,Orders,East,Medium,CPU,752.48,Auto generated incident log,Increased cache,77
I01354,26-02-2026 09:00,Auth,West,Low,Memory,511.69,Auto generated incident log,Scaled up instances,37
I01355,26-02-2026 10:00,Auth,West,High,ErrorRate,177.65,Auto generated incident log,Rolled back deployment,49
I01356,26-02-2026 11:00,Auth,East,Low,Latency,483.23,Auto generated incident log,Rolled back deployment,111
I01357,26-02-2026 12:00,Billing,East,Low,Throughput,844.69,Auto generated incident log,Optimized queries,89
I01358,26-02-2026 13:00,Payment,North,Critical,CPU,550.51,Auto generated incident log,Increased cache,99
I01359,26-02-2026 14:00,Billing,West,Medium,Memory,297.3,Auto generated incident log,Rolled back deployment,24
I01360,26-02-2026 15:00,Orders,South,High,CPU,708.91,Auto generated incident log,Rolled back deployment,33
I01361,26-02-2026 16:00,Search,North,Low,Latency,811.42,Auto generated incident log,Scaled up instances,73
I01362,26-02-2026 17:00,Payment,South,Low,CPU,377.92,Auto generated incident log,Restarted service,34
I01363,26-02-2026 18:00,Payment,South,High,Latency,748.31,Auto generated incident log,Restarted service,69
I01364,26-02-2026 19:00,Orders,East,Critical,Memory,389.85,Auto generated incident log,Rolled back deployment,108
I01365,26-02-2026 20:00,Auth,North,Low,Memory,943.62,Auto generated incident log,Restarted service,61
I01366,26-02-2026 21:00,Billing,East,Medium,Latency,231.36,Auto generated incident log,Scaled up instances,8
I01367,26-02-2026 22:00,Payment,West,Medium,Memory,68.75,Auto generated incident log,Optimized queries,57
I01368,26-02-2026 23:00,Payment,North,Low,Throughput,223.25,Auto generated incident log,Optimized queries,94
I01369,27-02-2026 00:00,Search,West,Medium,ErrorRate,367.16,Auto generated incident log,Optimized queries,13
I01370,27-02-2026 01:00,Search,South,Medium,Throughput,67.79,Auto generated incident log,Optimized queries,115
I01371,27-02-2026 02:00,Billing,East,Low,ErrorRate,338.6,Auto generated incident log,Scaled up instances,21
I01372,27-02-2026 03:00,Auth,West,Medium,CPU,208.92,Auto generated incident log,Optimized queries,110
I01373,27-02-2026 04:00,Payment,West,High,ErrorRate,163.89,Auto generated incident log,Rolled back deployment,18
I01374,27-02-2026 05:00,Payment,East,Critical,ErrorRate,571.91,Auto generated incident log,Restarted service,88
I01375,27-02-2026 06:00,Payment,North,Low,ErrorRate,320.75,Auto generated incident log,Optimized queries,59
I01376,27-02-2026 07:00,Payment,South,High,Throughput,383.52,Auto generated incident log,Optimized queries,106
I01377,27-02-2026 08:00,Orders,South,Medium,CPU,135.9,Auto generated incident log,Increased cache,85
I01378,27-02-2026 09:00,Payment,North,High,ErrorRate,680.24,Auto generated incident log,Scaled up instances,62
I01379,27-02-2026 10:00,Billing,North,Medium,Latency,904.66,Auto generated incident log,Increased cache,28
I01380,27-02-2026 11:00,Payment,North,Critical,Memory,892.05,Auto generated incident log,Scaled up instances,13
I01381,27-02-2026 12:00,Auth,South,Medium,Throughput,983.64,Auto generated incident log,Increased cache,73
I01382,27-02-2026 13:00,Auth,North,Low,CPU,141.37,Auto generated incident log,Scaled up instances,83
I01383,27-02-2026 14:00,Payment,East,Critical,Memory,188.14,Auto generated incident log,Optimized queries,94
I01384,27-02-2026 15:00,Billing,West,High,Memory,576.41,Auto generated incident log,Restarted service,57
I01385,27-02-2026 16:00,Payment,North,Low,ErrorRate,497.15,Auto generated incident log,Increased cache,42
I01386,27-02-2026 17:00,Payment,West,Critical,Latency,62.98,Auto generated incident log,Optimized queries,54
I01387,27-02-2026 18:00,Auth,North,Low,ErrorRate,792.62,Auto generated incident log,Increased cache,5
I01388,27-02-2026 19:00,Search,East,Medium,CPU,614.58,Auto generated incident log,Increased cache,115
I01389,27-02-2026 20:00,Auth,South,High,Throughput,156.79,Auto generated incident log,Optimized queries,99
I01390,27-02-2026 21:00,Orders,West,High,Throughput,378.56,Auto generated incident log,Optimized queries,87
I01391,27-02-2026 22:00,Search,East,Medium,CPU,509.98,Auto generated incident log,Scaled up instances,58
I01392,27-02-2026 23:00,Orders,East,Medium,ErrorRate,543.89,Auto generated incident log,Increased cache,99
I01393,28-02-2026 00:00,Auth,West,Low,Memory,90.67,Auto generated incident log,Optimized queries,54
I01394,28-02-2026 01:00,Payment,North,High,Memory,933.03,Auto generated incident log,Scaled up instances,83
I01395,28-02-2026 02:00,Orders,South,High,Memory,451.8,Auto generated incident log,Restarted service,21
I01396,28-02-2026 03:00,Auth,South,Critical,ErrorRate,113.04,Auto generated incident log,Restarted service,115
I01397,28-02-2026 04:00,Auth,South,Low,Memory,324.04,Auto generated incident log,Increased cache,60
I01398,28-02-2026 05:00,Billing,North,Low,Latency,527.07,Auto generated incident log,Optimized queries,61
I01399,28-02-2026 06:00,Auth,North,High,ErrorRate,150.08,Auto generated incident log,Scaled up instances,41
I01400,28-02-2026 07:00,Orders,East,Medium,Throughput,514.63,Auto generated incident log,Restarted service,53
I01401,28-02-2026 08:00,Billing,West,Medium,Latency,925.57,Auto generated incident log,Increased cache,85
I01402,28-02-2026 09:00,Search,South,Medium,Memory,317.06,Auto generated incident log,Increased cache,9
I01403,28-02-2026 10:00,Billing,West,High,Throughput,183.3,Auto generated incident log,Restarted service,114
I01404,28-02-2026 11:00,Payment,East,High,Throughput,620.7,Auto generated incident log,Optimized queries,16
I01405,28-02-2026 12:00,Billing,East,High,ErrorRate,916.35,Auto generated incident log,Restarted service,13
I01406,28-02-2026 13:00,Search,West,Low,Throughput,421.9,Auto generated incident log,Increased cache,103
I01407,28-02-2026 14:00,Orders,West,Low,ErrorRate,768.39,Auto generated incident log,Restarted service,37
I01408,28-02-2026 15:00,Billing,North,High,Memory,583.66,Auto generated incident log,Rolled back deployment,50
I01409,28-02-2026 16:00,Billing,South,Medium,ErrorRate,517.14,Auto generated incident log,Scaled up instances,33
I01410,28-02-2026 17:00,Auth,North,Low,Memory,440.8,Auto generated incident log,Optimized queries,43
I01411,28-02-2026 18:00,Billing,South,Medium,CPU,483.83,Auto generated incident log,Scaled up instances,20
I01412,28-02-2026 19:00,Search,North,Medium,ErrorRate,119.57,Auto generated incident log,Restarted service,49
I01413,28-02-2026 20:00,Billing,East,Medium,Memory,539.62,Auto generated incident log,Rolled back deployment,95
I01414,28-02-2026 21:00,Billing,North,High,Memory,622.97,Auto generated incident log,Scaled up instances,23
I01415,28-02-2026 22:00,Auth,West,Low,Latency,280.11,Auto generated incident log,Scaled up instances,70
I01416,28-02-2026 23:00,Auth,South,Medium,Memory,491.5,Auto generated incident log,Restarted service,73
I01417,01-03-2026 00:00,Auth,South,Medium,ErrorRate,744.77,Auto generated incident log,Scaled up instances,92
I01418,01-03-2026 01:00,Billing,North,Medium,Memory,791.04,Auto generated incident log,Optimized queries,80
I01419,01-03-2026 02:00,Search,South,Low,Latency,737.56,Auto generated incident log,Optimized queries,112
I01420,01-03-2026 03:00,Payment,South,Medium,Memory,859.1,Auto generated incident log,Scaled up instances,31
I01421,01-03-2026 04:00,Auth,East,Low,CPU,212.67,Auto generated incident log,Rolled back deployment,96
I01422,01-03-2026 05:00,Orders,East,High,Throughput,796.01,Auto generated incident log,Optimized queries,64
I01423,01-03-2026 06:00,Billing,West,Low,Memory,249.31,Auto generated incident log,Scaled up instances,45
I01424,01-03-2026 07:00,Search,West,Low,CPU,543.26,Auto generated incident log,Scaled up instances,110
I01425,01-03-2026 08:00,Billing,West,Medium,CPU,836.03,Auto generated incident log,Increased cache,114
I01426,01-03-2026 09:00,Auth,South,Medium,CPU,206,Auto generated incident log,Increased cache,14
I01427,01-03-2026 10:00,Auth,South,Low,ErrorRate,658.68,Auto generated incident log,Optimized queries,119
I01428,01-03-2026 11:00,Billing,South,Low,ErrorRate,815.68,Auto generated incident log,Optimized queries,7
I01429,01-03-2026 12:00,Orders,South,Medium,Memory,724.41,Auto generated incident log,Scaled up instances,110
I01430,01-03-2026 13:00,Payment,East,Low,ErrorRate,86.23,Auto generated incident log,Scaled up instances,114
I01431,01-03-2026 14:00,Billing,South,Medium,ErrorRate,92.43,Auto generated incident log,Scaled up instances,65
I01432,01-03-2026 15:00,Payment,South,Medium,ErrorRate,344.93,Auto generated incident log,Optimized queries,86
I01433,01-03-2026 16:00,Billing,North,Medium,Latency,778.94,Auto generated incident log,Optimized queries,7
I01434,01-03-2026 17:00,Auth,North,High,Throughput,402.94,Auto generated incident log,Increased cache,74
I01435,01-03-2026 18:00,Auth,East,Medium,Latency,68.36,Auto generated incident log,Scaled up instances,12
I01436,01-03-2026 19:00,Payment,South,Low,CPU,791.2,Auto generated incident log,Scaled up instances,81
I01437,01-03-2026 20:00,Billing,East,High,ErrorRate,459.1,Auto generated incident log,Rolled back deployment,115
I01438,01-03-2026 21:00,Auth,West,Low,Memory,904.49,Auto generated incident log,Increased cache,13
I01439,01-03-2026 22:00,Auth,East,Low,Memory,746.57,Auto generated incident log,Scaled up instances,45
I01440,01-03-2026 23:00,Payment,East,Medium,Memory,802.27,Auto generated incident log,Increased cache,56
I01441,02-03-2026 00:00,Search,North,High,ErrorRate,542.94,Auto generated incident log,Optimized queries,83
I01442,02-03-2026 01:00,Billing,North,Medium,Memory,771.4,Auto generated incident log,Increased cache,86
I01443,02-03-2026 02:00,Search,West,Low,Memory,930.15,Auto generated incident log,Rolled back deployment,31
I01444,02-03-2026 03:00,Search,South,Low,Throughput,788.49,Auto generated incident log,Scaled up instances,22
I01445,02-03-2026 04:00,Orders,West,Medium,Memory,549.39,Auto generated incident log,Rolled back deployment,49
I01446,02-03-2026 05:00,Orders,North,Critical,Throughput,162.86,Auto generated incident log,Restarted service,63
I01447,02-03-2026 06:00,Auth,South,Low,CPU,549.55,Auto generated incident log,Restarted service,42
I01448,02-03-2026 07:00,Orders,East,Low,CPU,890.47,Auto generated incident log,Scaled up instances,96
I01449,02-03-2026 08:00,Orders,West,Critical,Memory,355.41,Auto generated incident log,Restarted service,18
I01450,02-03-2026 09:00,Auth,South,High,Memory,153.69,Auto generated incident log,Restarted service,112
I01451,02-03-2026 10:00,Search,North,High,Latency,71.25,Auto generated incident log,Rolled back deployment,45
I01452,02-03-2026 11:00,Search,South,Low,Latency,65.9,Auto generated incident log,Optimized queries,59
I01453,02-03-2026 12:00,Orders,West,Low,Memory,468.04,Auto generated incident log,Restarted service,75
I01454,02-03-2026 13:00,Search,East,Medium,CPU,228.36,Auto generated incident log,Optimized queries,104
I01455,02-03-2026 14:00,Search,West,Low,Latency,110.74,Auto generated incident log,Rolled back deployment,47
I01456,02-03-2026 15:00,Search,South,Low,Memory,287.24,Auto generated incident log,Restarted service,15
I01457,02-03-2026 16:00,Search,South,Medium,Latency,408.4,Auto generated incident log,Restarted service,91
I01458,02-03-2026 17:00,Search,South,Medium,Throughput,703.63,Auto generated incident log,Optimized queries,73
I01459,02-03-2026 18:00,Payment,East,High,ErrorRate,259.64,Auto generated incident log,Rolled back deployment,19
I01460,02-03-2026 19:00,Search,North,Low,Throughput,916.38,Auto generated incident log,Scaled up instances,107
I01461,02-03-2026 20:00,Search,South,Low,CPU,958.69,Auto generated incident log,Optimized queries,36
I01462,02-03-2026 21:00,Auth,North,Medium,Throughput,905.43,Auto generated incident log,Optimized queries,80
I01463,02-03-2026 22:00,Payment,South,Medium,ErrorRate,254.63,Auto generated incident log,Optimized queries,82
I01464,02-03-2026 23:00,Billing,North,Critical,Throughput,994.32,Auto generated incident log,Restarted service,77
I01465,03-03-2026 00:00,Search,West,Low,Memory,988.08,Auto generated incident log,Optimized queries,86
I01466,03-03-2026 01:00,Auth,East,High,Latency,539.57,Auto generated incident log,Increased cache,29
I01467,03-03-2026 02:00,Orders,South,High,Throughput,897.35,Auto generated incident log,Scaled up instances,98
I01468,03-03-2026 03:00,Search,North,Medium,Latency,889.93,Auto generated incident log,Scaled up instances,71
I01469,03-03-2026 04:00,Auth,North,High,Latency,759.48,Auto generated incident log,Increased cache,104
I01470,03-03-2026 05:00,Orders,East,High,Memory,797.09,Auto generated incident log,Rolled back deployment,5
I01471,03-03-2026 06:00,Payment,North,Medium,Memory,715.53,Auto generated incident log,Restarted service,15
I01472,03-03-2026 07:00,Orders,West,Medium,ErrorRate,544.58,Auto generated incident log,Optimized queries,118
I01473,03-03-2026 08:00,Orders,West,Low,Memory,662.42,Auto generated incident log,Restarted service,59
I01474,03-03-2026 09:00,Payment,South,High,Latency,742.82,Auto generated incident log,Optimized queries,116
I01475,03-03-2026 10:00,Orders,West,Low,Memory,273.52,Auto generated incident log,Optimized queries,94
I01476,03-03-2026 11:00,Payment,West,Critical,ErrorRate,144.33,Auto generated incident log,Optimized queries,64
I01477,03-03-2026 12:00,Payment,South,Medium,ErrorRate,913.34,Auto generated incident log,Scaled up instances,33
I01478,03-03-2026 13:00,Billing,West,Low,CPU,990.58,Auto generated incident log,Increased cache,15
I01479,03-03-2026 14:00,Payment,West,Medium,CPU,585.76,Auto generated incident log,Rolled back deployment,90
I01480,03-03-2026 15:00,Orders,West,Low,Memory,917.03,Auto generated incident log,Restarted service,58
I01481,03-03-2026 16:00,Orders,West,Low,Latency,17.62,Auto generated incident log,Rolled back deployment,48
I01482,03-03-2026 17:00,Orders,North,High,Latency,237.44,Auto generated incident log,Rolled back deployment,58
I01483,03-03-2026 18:00,Payment,West,Low,CPU,364.43,Auto generated incident log,Scaled up instances,70
I01484,03-03-2026 19:00,Auth,East,High,CPU,50.1,Auto generated incident log,Optimized queries,115
I01485,03-03-2026 20:00,Billing,East,High,Memory,622.56,Auto generated incident log,Restarted service,42
I01486,03-03-2026 21:00,Auth,West,Low,CPU,831.98,Auto generated incident log,Rolled back deployment,117
I01487,03-03-2026 22:00,Orders,West,High,Memory,903.28,Auto generated incident log,Optimized queries,73
I01488,03-03-2026 23:00,Auth,North,Low,Throughput,658.53,Auto generated incident log,Restarted service,89
I01489,04-03-2026 00:00,Payment,North,High,Memory,960.22,Auto generated incident log,Optimized queries,103
I01490,04-03-2026 01:00,Auth,North,Low,CPU,977.52,Auto generated incident log,Restarted service,12
I01491,04-03-2026 02:00,Payment,South,Medium,ErrorRate,967.77,Auto generated incident log,Increased cache,101
I01492,04-03-2026 03:00,Auth,North,High,ErrorRate,2.26,Auto generated incident log,Increased cache,100
I01493,04-03-2026 04:00,Search,North,Medium,ErrorRate,338.58,Auto generated incident log,Rolled back deployment,119
I01494,04-03-2026 05:00,Orders,North,Low,CPU,268.01,Auto generated incident log,Rolled back deployment,66
I01495,04-03-2026 06:00,Billing,South,Low,Throughput,55.7,Auto generated incident log,Rolled back deployment,102
I01496,04-03-2026 07:00,Search,East,Low,Latency,139.8,Auto generated incident log,Restarted service,52
I01497,04-03-2026 08:00,Billing,East,Critical,CPU,846.13,Auto generated incident log,Optimized queries,77
I01498,04-03-2026 09:00,Orders,North,Low,Latency,729.47,Auto generated incident log,Restarted service,84
I01499,04-03-2026 10:00,Auth,North,Low,Latency,551.75,Auto generated incident log,Rolled back deployment,24
I01500,04-03-2026 11:00,Search,East,Medium,ErrorRate,871.91,Auto generated incident log,Increased cache,6
I01501,04-03-2026 12:00,Orders,West,Low,CPU,362.62,Auto generated incident log,Rolled back deployment,70
I01502,04-03-2026 13:00,Payment,West,Low,Throughput,295.85,Auto generated incident log,Rolled back deployment,107
I01503,04-03-2026 14:00,Orders,West,Medium,CPU,808.95,Auto generated incident log,Optimized queries,35
I01504,04-03-2026 15:00,Search,East,Low,ErrorRate,714.17,Auto generated incident log,Rolled back deployment,93
I01505,04-03-2026 16:00,Billing,East,Medium,Memory,370.8,Auto generated incident log,Optimized queries,21
I01506,04-03-2026 17:00,Orders,East,Medium,Memory,937.26,Auto generated incident log,Increased cache,26
I01507,04-03-2026 18:00,Auth,North,Low,Throughput,635.29,Auto generated incident log,Scaled up instances,102
I01508,04-03-2026 19:00,Orders,West,Low,CPU,139.54,Auto generated incident log,Increased cache,77
I01509,04-03-2026 20:00,Orders,West,Low,Throughput,304.75,Auto generated incident log,Optimized queries,35
I01510,04-03-2026 21:00,Search,East,Low,Latency,658.26,Auto generated incident log,Scaled up instances,31
I01511,04-03-2026 22:00,Search,East,Low,CPU,734.87,Auto generated incident log,Restarted service,97
I01512,04-03-2026 23:00,Billing,East,Low,Memory,281.92,Auto generated incident log,Scaled up instances,35
I01513,05-03-2026 00:00,Search,East,Medium,ErrorRate,905.38,Auto generated incident log,Optimized queries,69
I01514,05-03-2026 01:00,Search,North,High,Memory,71.75,Auto generated incident log,Scaled up instances,104
I01515,05-03-2026 02:00,Billing,North,High,CPU,989.92,Auto generated incident log,Restarted service,7
I01516,05-03-2026 03:00,Orders,South,Medium,CPU,196.72,Auto generated incident log,Increased cache,7
I01517,05-03-2026 04:00,Search,North,Medium,ErrorRate,828.53,Auto generated incident log,Rolled back deployment,43
I01518,05-03-2026 05:00,Orders,East,Medium,Memory,913.53,Auto generated incident log,Rolled back deployment,18
I01519,05-03-2026 06:00,Payment,West,Critical,Latency,935.94,Auto generated incident log,Rolled back deployment,34
I01520,05-03-2026 07:00,Search,South,Low,Memory,844.04,Auto generated incident log,Restarted service,95
I01521,05-03-2026 08:00,Auth,West,Low,Throughput,904.62,Auto generated incident log,Scaled up instances,17
I01522,05-03-2026 09:00,Search,West,Medium,ErrorRate,836.74,Auto generated incident log,Optimized queries,5
I01523,05-03-2026 10:00,Auth,North,Medium,Latency,188.64,Auto generated incident log,Restarted service,10
I01524,05-03-2026 11:00,Billing,West,Medium,ErrorRate,611.14,Auto generated incident log,Scaled up instances,55
I01525,05-03-2026 12:00,Search,North,High,Throughput,397.33,Auto generated incident log,Scaled up instances,8
I01526,05-03-2026 13:00,Billing,North,Low,ErrorRate,662.25,Auto generated incident log,Increased cache,100
I01527,05-03-2026 14:00,Billing,South,Medium,Throughput,291.31,Auto generated incident log,Scaled up instances,14
I01528,05-03-2026 15:00,Payment,West,Medium,Memory,423.33,Auto generated incident log,Optimized queries,17
I01529,05-03-2026 16:00,Search,South,Low,Memory,736.74,Auto generated incident log,Optimized queries,97
I01530,05-03-2026 17:00,Search,South,Critical,Latency,733.77,Auto generated incident log,Optimized queries,32
I01531,05-03-2026 18:00,Payment,South,Low,Memory,155.03,Auto generated incident log,Optimized queries,90
I01532,05-03-2026 19:00,Auth,North,Medium,CPU,824.95,Auto generated incident log,Restarted service,46
I01533,05-03-2026 20:00,Search,North,Critical,Throughput,513.54,Auto generated incident log,Scaled up instances,98
I01534,05-03-2026 21:00,Billing,West,Critical,Memory,341.07,Auto generated incident log,Increased cache,83
I01535,05-03-2026 22:00,Billing,West,Low,Throughput,192.52,Auto generated incident log,Increased cache,109
I01536,05-03-2026 23:00,Payment,East,Critical,ErrorRate,957.77,Auto generated incident log,Restarted service,39
I01537,06-03-2026 00:00,Orders,South,Critical,Memory,887.97,Auto generated incident log,Restarted service,26
I01538,06-03-2026 01:00,Search,West,Low,Latency,637.3,Auto generated incident log,Restarted service,39
I01539,06-03-2026 02:00,Search,East,Low,ErrorRate,273.36,Auto generated incident log,Scaled up instances,99
I01540,06-03-2026 03:00,Billing,South,Low,Latency,252.38,Auto generated incident log,Scaled up instances,116
I01541,06-03-2026 04:00,Orders,North,Critical,CPU,494.66,Auto generated incident log,Scaled up instances,57
I01542,06-03-2026 05:00,Payment,West,High,ErrorRate,978.86,Auto generated incident log,Scaled up instances,102
I01543,06-03-2026 06:00,Search,East,Low,Memory,754.16,Auto generated incident log,Rolled back deployment,115
I01544,06-03-2026 07:00,Orders,South,Low,ErrorRate,69.38,Auto generated incident log,Optimized queries,9
I01545,06-03-2026 08:00,Billing,East,Low,ErrorRate,489.52,Auto generated incident log,Optimized queries,102
I01546,06-03-2026 09:00,Orders,North,Low,ErrorRate,312.45,Auto generated incident log,Increased cache,6
I01547,06-03-2026 10:00,Payment,West,Low,Throughput,645.51,Auto generated incident log,Rolled back deployment,36
I01548,06-03-2026 11:00,Payment,East,Medium,Latency,145.51,Auto generated incident log,Restarted service,95
I01549,06-03-2026 12:00,Payment,North,Medium,Throughput,703.25,Auto generated incident log,Scaled up instances,29
I01550,06-03-2026 13:00,Billing,North,Medium,Latency,896.48,Auto generated incident log,Scaled up instances,89
I01551,06-03-2026 14:00,Search,East,Medium,Throughput,88.48,Auto generated incident log,Scaled up instances,27
I01552,06-03-2026 15:00,Billing,South,High,Memory,821.02,Auto generated incident log,Rolled back deployment,41
I01553,06-03-2026 16:00,Billing,South,Critical,ErrorRate,500.82,Auto generated incident log,Increased cache,67
I01554,06-03-2026 17:00,Auth,East,Low,CPU,830.2,Auto generated incident log,Optimized queries,85
I01555,06-03-2026 18:00,Billing,South,Low,Throughput,276.01,Auto generated incident log,Optimized queries,18
I01556,06-03-2026 19:00,Billing,South,Low,Throughput,839.98,Auto generated incident log,Restarted service,117
I01557,06-03-2026 20:00,Orders,West,Low,Memory,799.38,Auto generated incident log,Restarted service,64
I01558,06-03-2026 21:00,Billing,East,Low,ErrorRate,587.5,Auto generated incident log,Rolled back deployment,106
I01559,06-03-2026 22:00,Payment,North,Low,Memory,772.28,Auto generated incident log,Restarted service,88
I01560,06-03-2026 23:00,Search,West,Low,Latency,632.24,Auto generated incident log,Optimized queries,88
I01561,07-03-2026 00:00,Payment,North,High,CPU,390.34,Auto generated incident log,Restarted service,53
I01562,07-03-2026 01:00,Billing,East,Critical,Latency,702.55,Auto generated incident log,Rolled back deployment,100
I01563,07-03-2026 02:00,Search,West,High,ErrorRate,840.3,Auto generated incident log,Optimized queries,46
I01564,07-03-2026 03:00,Payment,South,Low,CPU,819.54,Auto generated incident log,Scaled up instances,64
I01565,07-03-2026 04:00,Search,South,Medium,Memory,199.07,Auto generated incident log,Optimized queries,26
I01566,07-03-2026 05:00,Search,South,High,Memory,927.68,Auto generated incident log,Rolled back deployment,12
I01567,07-03-2026 06:00,Payment,South,Medium,ErrorRate,393.14,Auto generated incident log,Optimized queries,82
I01568,07-03-2026 07:00,Orders,South,Medium,CPU,91.68,Auto generated incident log,Rolled back deployment,99
I01569,07-03-2026 08:00,Auth,South,Medium,ErrorRate,8.29,Auto generated incident log,Restarted service,47
I01570,07-03-2026 09:00,Billing,East,Critical,CPU,768.64,Auto generated incident log,Restarted service,89
I01571,07-03-2026 10:00,Auth,North,High,CPU,267.52,Auto generated incident log,Restarted service,7
I01572,07-03-2026 11:00,Search,East,Low,CPU,110.92,Auto generated incident log,Optimized queries,13
I01573,07-03-2026 12:00,Auth,West,Low,Throughput,608.17,Auto generated incident log,Optimized queries,105
I01574,07-03-2026 13:00,Orders,East,Medium,Throughput,628.22,Auto generated incident log,Scaled up instances,73
I01575,07-03-2026 14:00,Payment,East,Low,Throughput,48.61,Auto generated incident log,Increased cache,45
I01576,07-03-2026 15:00,Auth,East,Medium,Latency,184.96,Auto generated incident log,Rolled back deployment,81
I01577,07-03-2026 16:00,Search,North,Low,Throughput,931.24,Auto generated incident log,Scaled up instances,108
I01578,07-03-2026 17:00,Auth,South,Critical,Memory,112.61,Auto generated incident log,Increased cache,12
I01579,07-03-2026 18:00,Auth,West,Low,CPU,24.04,Auto generated incident log,Increased cache,51
I01580,07-03-2026 19:00,Billing,North,High,Throughput,860.03,Auto generated incident log,Scaled up instances,43
I01581,07-03-2026 20:00,Orders,South,Low,Throughput,219.82,Auto generated incident log,Scaled up instances,74
I01582,07-03-2026 21:00,Payment,West,Medium,ErrorRate,849.29,Auto generated incident log,Optimized queries,44
I01583,07-03-2026 22:00,Orders,North,Low,ErrorRate,644.24,Auto generated incident log,Increased cache,72
I01584,07-03-2026 23:00,Billing,East,Medium,Throughput,771.46,Auto generated incident log,Increased cache,62
I01585,08-03-2026 00:00,Auth,North,Low,Throughput,628.19,Auto generated incident log,Scaled up instances,65
I01586,08-03-2026 01:00,Payment,West,Low,CPU,173.54,Auto generated incident log,Increased cache,86
I01587,08-03-2026 02:00,Search,South,Low,CPU,186.91,Auto generated incident log,Restarted service,81
I01588,08-03-2026 03:00,Auth,South,High,CPU,468.06,Auto generated incident log,Optimized queries,18
I01589,08-03-2026 04:00,Payment,North,Medium,ErrorRate,688.81,Auto generated incident log,Increased cache,102
I01590,08-03-2026 05:00,Orders,South,High,Throughput,902.97,Auto generated incident log,Rolled back deployment,5
I01591,08-03-2026 06:00,Search,South,Medium,Latency,248.08,Auto generated incident log,Optimized queries,82
I01592,08-03-2026 07:00,Search,South,Low,Throughput,22.85,Auto generated incident log,Restarted service,99
I01593,08-03-2026 08:00,Orders,North,Medium,Throughput,965.24,Auto generated incident log,Optimized queries,12
I01594,08-03-2026 09:00,Orders,North,Critical,ErrorRate,627.24,Auto generated incident log,Restarted service,82
I01595,08-03-2026 10:00,Auth,South,Critical,Latency,792.76,Auto generated incident log,Optimized queries,107
I01596,08-03-2026 11:00,Billing,East,Medium,ErrorRate,888.57,Auto generated incident log,Optimized queries,91
I01597,08-03-2026 12:00,Auth,South,High,Memory,632.86,Auto generated incident log,Scaled up instances,40
I01598,08-03-2026 13:00,Billing,East,High,Memory,433.85,Auto generated incident log,Scaled up instances,45
I01599,08-03-2026 14:00,Payment,East,Medium,Throughput,778.37,Auto generated incident log,Restarted service,84
I01600,08-03-2026 15:00,Search,North,Medium,Latency,663.82,Auto generated incident log,Restarted service,87
I01601,08-03-2026 16:00,Orders,South,High,Latency,745.61,Auto generated incident log,Increased cache,77
I01602,08-03-2026 17:00,Billing,North,Medium,Throughput,318.04,Auto generated incident log,Restarted service,45
I01603,08-03-2026 18:00,Search,North,Medium,CPU,159.29,Auto generated incident log,Increased cache,89
I01604,08-03-2026 19:00,Payment,North,Low,Latency,691.2,Auto generated incident log,Restarted service,116
I01605,08-03-2026 20:00,Auth,West,Critical,CPU,476.02,Auto generated incident log,Restarted service,59
I01606,08-03-2026 21:00,Search,East,Medium,Memory,387.64,Auto generated incident log,Rolled back deployment,9
I01607,08-03-2026 22:00,Search,South,Medium,Latency,632.88,Auto generated incident log,Scaled up instances,113
I01608,08-03-2026 23:00,Search,East,Low,Latency,170.51,Auto generated incident log,Increased cache,50
I01609,09-03-2026 00:00,Payment,North,Medium,CPU,480.99,Auto generated incident log,Optimized queries,63
I01610,09-03-2026 01:00,Payment,West,Low,CPU,688.38,Auto generated incident log,Scaled up instances,107
I01611,09-03-2026 02:00,Billing,West,Low,ErrorRate,607.96,Auto generated incident log,Scaled up instances,18
I01612,09-03-2026 03:00,Auth,West,Medium,Memory,49.38,Auto generated incident log,Rolled back deployment,7
I01613,09-03-2026 04:00,Billing,South,High,Latency,243.92,Auto generated incident log,Restarted service,57
I01614,09-03-2026 05:00,Billing,West,Low,ErrorRate,176.55,Auto generated incident log,Restarted service,5
I01615,09-03-2026 06:00,Payment,West,High,Latency,199.13,Auto generated incident log,Scaled up instances,58
I01616,09-03-2026 07:00,Billing,North,Medium,CPU,568.89,Auto generated incident log,Increased cache,28
I01617,09-03-2026 08:00,Orders,East,Low,Memory,917.03,Auto generated incident log,Optimized queries,49
I01618,09-03-2026 09:00,Search,South,Low,Memory,206.63,Auto generated incident log,Optimized queries,48
I01619,09-03-2026 10:00,Payment,East,Low,ErrorRate,82.68,Auto generated incident log,Scaled up instances,102
I01620,09-03-2026 11:00,Orders,South,Low,Memory,871.04,Auto generated incident log,Increased cache,93
I01621,09-03-2026 12:00,Orders,East,Medium,Latency,705.31,Auto generated incident log,Increased cache,90
I01622,09-03-2026 13:00,Orders,North,Medium,ErrorRate,630.65,Auto generated incident log,Restarted service,82
I01623,09-03-2026 14:00,Search,West,Low,Memory,7.11,Auto generated incident log,Scaled up instances,73
I01624,09-03-2026 15:00,Payment,East,Medium,Throughput,609.26,Auto generated incident log,Rolled back deployment,43
I01625,09-03-2026 16:00,Billing,North,High,Throughput,796.81,Auto generated incident log,Rolled back deployment,118
I01626,09-03-2026 17:00,Search,West,High,ErrorRate,526.19,Auto generated incident log,Increased cache,41
I01627,09-03-2026 18:00,Auth,South,Medium,Throughput,158.71,Auto generated incident log,Scaled up instances,84
I01628,09-03-2026 19:00,Orders,South,Medium,Throughput,672.1,Auto generated incident log,Increased cache,27
I01629,09-03-2026 20:00,Orders,South,High,Memory,151.69,Auto generated incident log,Restarted service,79
I01630,09-03-2026 21:00,Orders,West,Medium,ErrorRate,439.77,Auto generated incident log,Rolled back deployment,30
I01631,09-03-2026 22:00,Search,West,High,Memory,525.33,Auto generated incident log,Increased cache,77
I01632,09-03-2026 23:00,Billing,North,Critical,Latency,447.62,Auto generated incident log,Restarted service,76
I01633,10-03-2026 00:00,Payment,East,Low,Latency,644.67,Auto generated incident log,Rolled back deployment,10
I01634,10-03-2026 01:00,Billing,West,High,Latency,526.45,Auto generated incident log,Rolled back deployment,118
I01635,10-03-2026 02:00,Orders,West,Low,ErrorRate,164.75,Auto generated incident log,Restarted service,98
I01636,10-03-2026 03:00,Billing,South,Medium,ErrorRate,879.79,Auto generated incident log,Rolled back deployment,116
I01637,10-03-2026 04:00,Orders,North,Low,CPU,370.74,Auto generated incident log,Restarted service,112
I01638,10-03-2026 05:00,Auth,South,High,ErrorRate,932.18,Auto generated incident log,Scaled up instances,119
I01639,10-03-2026 06:00,Billing,South,Critical,CPU,7.81,Auto generated incident log,Rolled back deployment,23
I01640,10-03-2026 07:00,Auth,South,High,CPU,124.8,Auto generated incident log,Restarted service,33
I01641,10-03-2026 08:00,Payment,East,Medium,Latency,710.31,Auto generated incident log,Rolled back deployment,13
I01642,10-03-2026 09:00,Auth,West,Medium,ErrorRate,55.27,Auto generated incident log,Scaled up instances,89
I01643,10-03-2026 10:00,Billing,West,Medium,Latency,793.71,Auto generated incident log,Increased cache,62
I01644,10-03-2026 11:00,Auth,West,Critical,ErrorRate,565.19,Auto generated incident log,Restarted service,7
I01645,10-03-2026 12:00,Billing,West,Low,CPU,493.85,Auto generated incident log,Rolled back deployment,54
I01646,10-03-2026 13:00,Search,East,Medium,Throughput,363.89,Auto generated incident log,Optimized queries,94
I01647,10-03-2026 14:00,Orders,North,Medium,Memory,494.15,Auto generated incident log,Restarted service,28
I01648,10-03-2026 15:00,Auth,East,Critical,Latency,270.32,Auto generated incident log,Increased cache,56
I01649,10-03-2026 16:00,Search,West,Low,Latency,193.46,Auto generated incident log,Scaled up instances,52
I01650,10-03-2026 17:00,Orders,South,High,Latency,523.41,Auto generated incident log,Restarted service,19
I01651,10-03-2026 18:00,Payment,North,Low,Memory,101.26,Auto generated incident log,Optimized queries,18
I01652,10-03-2026 19:00,Payment,West,Low,Throughput,393.37,Auto generated incident log,Scaled up instances,36
I01653,10-03-2026 20:00,Orders,North,Low,ErrorRate,677.1,Auto generated incident log,Scaled up instances,73
I01654,10-03-2026 21:00,Payment,West,Low,Latency,450.29,Auto generated incident log,Optimized queries,61
I01655,10-03-2026 22:00,Search,West,Low,Latency,523.7,Auto generated incident log,Optimized queries,53
I01656,10-03-2026 23:00,Billing,South,Low,Latency,628.68,Auto generated incident log,Increased cache,106
I01657,11-03-2026 00:00,Auth,North,Medium,Latency,579.84,Auto generated incident log,Scaled up instances,86
I01658,11-03-2026 01:00,Payment,West,High,Throughput,113.02,Auto generated incident log,Rolled back deployment,73
I01659,11-03-2026 02:00,Orders,South,Medium,CPU,556.62,Auto generated incident log,Increased cache,55
I01660,11-03-2026 03:00,Payment,West,Medium,ErrorRate,642.09,Auto generated incident log,Restarted service,20
I01661,11-03-2026 04:00,Auth,South,Low,CPU,314.22,Auto generated incident log,Restarted service,90
I01662,11-03-2026 05:00,Payment,South,Medium,Latency,698.01,Auto generated incident log,Optimized queries,84
I01663,11-03-2026 06:00,Payment,West,Medium,Memory,810.62,Auto generated incident log,Scaled up instances,87
I01664,11-03-2026 07:00,Billing,South,Low,CPU,3.78,Auto generated incident log,Increased cache,8
I01665,11-03-2026 08:00,Auth,East,High,CPU,575.5,Auto generated incident log,Optimized queries,106
I01666,11-03-2026 09:00,Search,North,Medium,Memory,108.44,Auto generated incident log,Increased cache,112
I01667,11-03-2026 10:00,Orders,West,Critical,Latency,25.92,Auto generated incident log,Scaled up instances,8
I01668,11-03-2026 11:00,Search,South,Low,Memory,736.19,Auto generated incident log,Increased cache,83
I01669,11-03-2026 12:00,Orders,East,Medium,Latency,587.86,Auto generated incident log,Rolled back deployment,50
I01670,11-03-2026 13:00,Orders,West,Low,Latency,853.25,Auto generated incident log,Scaled up instances,87
I01671,11-03-2026 14:00,Search,East,High,Memory,104.81,Auto generated incident log,Restarted service,102
I01672,11-03-2026 15:00,Payment,West,Low,ErrorRate,744.43,Auto generated incident log,Restarted service,19
I01673,11-03-2026 16:00,Auth,North,Low,Throughput,898.41,Auto generated incident log,Restarted service,82
I01674,11-03-2026 17:00,Auth,South,Medium,ErrorRate,419.38,Auto generated incident log,Rolled back deployment,29
I01675,11-03-2026 18:00,Search,West,Medium,CPU,445.2,Auto generated incident log,Rolled back deployment,113
I01676,11-03-2026 19:00,Orders,North,Critical,ErrorRate,57.26,Auto generated incident log,Increased cache,99
I01677,11-03-2026 20:00,Payment,North,Medium,Throughput,813.68,Auto generated incident log,Scaled up instances,75
I01678,11-03-2026 21:00,Auth,East,Low,Memory,299.52,Auto generated incident log,Increased cache,15
I01679,11-03-2026 22:00,Orders,West,Low,CPU,272.95,Auto generated incident log,Rolled back deployment,32
I01680,11-03-2026 23:00,Auth,South,High,Latency,412.63,Auto generated incident log,Increased cache,63
I01681,12-03-2026 00:00,Auth,East,Low,Throughput,0.71,Auto generated incident log,Scaled up instances,22
I01682,12-03-2026 01:00,Payment,East,Low,CPU,412.35,Auto generated incident log,Optimized queries,32
I01683,12-03-2026 02:00,Billing,West,Low,Memory,35.94,Auto generated incident log,Scaled up instances,22
I01684,12-03-2026 03:00,Billing,East,Low,ErrorRate,373.05,Auto generated incident log,Increased cache,15
I01685,12-03-2026 04:00,Payment,North,High,Throughput,160.39,Auto generated incident log,Restarted service,75
I01686,12-03-2026 05:00,Billing,North,Low,CPU,580.77,Auto generated incident log,Restarted service,90
I01687,12-03-2026 06:00,Payment,South,High,ErrorRate,190.17,Auto generated incident log,Increased cache,64
I01688,12-03-2026 07:00,Search,North,High,CPU,891.24,Auto generated incident log,Optimized queries,94
I01689,12-03-2026 08:00,Auth,East,Medium,Latency,871.35,Auto generated incident log,Restarted service,64
I01690,12-03-2026 09:00,Payment,North,High,Throughput,224.67,Auto generated incident log,Optimized queries,78
I01691,12-03-2026 10:00,Billing,West,Critical,Throughput,944.9,Auto generated incident log,Increased cache,20
I01692,12-03-2026 11:00,Payment,South,Critical,Memory,555.83,Auto generated incident log,Increased cache,67
I01693,12-03-2026 12:00,Auth,East,Critical,Memory,693.26,Auto generated incident log,Increased cache,40
I01694,12-03-2026 13:00,Billing,North,Critical,Latency,549.12,Auto generated incident log,Scaled up instances,44
I01695,12-03-2026 14:00,Billing,East,Critical,CPU,132.28,Auto generated incident log,Restarted service,39
I01696,12-03-2026 15:00,Payment,East,Medium,Memory,18.67,Auto generated incident log,Rolled back deployment,57
I01697,12-03-2026 16:00,Auth,North,Low,Latency,631.88,Auto generated incident log,Rolled back deployment,6
I01698,12-03-2026 17:00,Payment,North,Medium,Memory,260.21,Auto generated incident log,Optimized queries,28
I01699,12-03-2026 18:00,Billing,East,Critical,Latency,956.73,Auto generated incident log,Rolled back deployment,102
I01700,12-03-2026 19:00,Payment,North,Low,Memory,661.85,Auto generated incident log,Increased cache,84
I01701,12-03-2026 20:00,Payment,South,Medium,Memory,365.9,Auto generated incident log,Optimized queries,83
I01702,12-03-2026 21:00,Auth,North,Low,ErrorRate,895.85,Auto generated incident log,Increased cache,108
I01703,12-03-2026 22:00,Search,South,Critical,Memory,783.09,Auto generated incident log,Restarted service,95
I01704,12-03-2026 23:00,Payment,West,Medium,Throughput,459.51,Auto generated incident log,Scaled up instances,43
I01705,13-03-2026 00:00,Auth,North,Low,Throughput,592.35,Auto generated incident log,Increased cache,83
I01706,13-03-2026 01:00,Billing,North,Low,Throughput,842.25,Auto generated incident log,Restarted service,56
I01707,13-03-2026 02:00,Orders,South,High,Memory,948.61,Auto generated incident log,Rolled back deployment,78
I01708,13-03-2026 03:00,Auth,West,Medium,ErrorRate,584.8,Auto generated incident log,Rolled back deployment,106
I01709,13-03-2026 04:00,Search,South,Medium,Memory,238.13,Auto generated incident log,Increased cache,62
I01710,13-03-2026 05:00,Billing,North,Low,ErrorRate,750.43,Auto generated incident log,Restarted service,40
I01711,13-03-2026 06:00,Billing,East,Low,Throughput,251.57,Auto generated incident log,Rolled back deployment,51
I01712,13-03-2026 07:00,Orders,South,Low,ErrorRate,435.68,Auto generated incident log,Optimized queries,106
I01713,13-03-2026 08:00,Payment,West,Medium,Throughput,852.22,Auto generated incident log,Scaled up instances,72
I01714,13-03-2026 09:00,Orders,North,High,Throughput,272.5,Auto generated incident log,Restarted service,67
I01715,13-03-2026 10:00,Billing,North,Medium,Throughput,192.91,Auto generated incident log,Increased cache,101
I01716,13-03-2026 11:00,Billing,West,Low,Latency,222.06,Auto generated incident log,Restarted service,80
I01717,13-03-2026 12:00,Search,North,Low,CPU,715.48,Auto generated incident log,Scaled up instances,9
I01718,13-03-2026 13:00,Payment,North,Medium,CPU,568.1,Auto generated incident log,Restarted service,39
I01719,13-03-2026 14:00,Orders,East,Low,Throughput,2.87,Auto generated incident log,Restarted service,51
I01720,13-03-2026 15:00,Search,West,Medium,ErrorRate,570.12,Auto generated incident log,Optimized queries,63
I01721,13-03-2026 16:00,Payment,South,Critical,CPU,122.16,Auto generated incident log,Rolled back deployment,98
I01722,13-03-2026 17:00,Orders,West,Low,CPU,904.5,Auto generated incident log,Optimized queries,43
I01723,13-03-2026 18:00,Auth,South,Low,Throughput,175.95,Auto generated incident log,Scaled up instances,28
I01724,13-03-2026 19:00,Payment,South,Medium,ErrorRate,956.39,Auto generated incident log,Restarted service,25
I01725,13-03-2026 20:00,Search,South,Low,CPU,303.9,Auto generated incident log,Rolled back deployment,57
I01726,13-03-2026 21:00,Search,North,High,Latency,857.41,Auto generated incident log,Increased cache,109
I01727,13-03-2026 22:00,Auth,West,Medium,Memory,542.78,Auto generated incident log,Rolled back deployment,28
I01728,13-03-2026 23:00,Auth,South,Critical,CPU,480.77,Auto generated incident log,Increased cache,81
I01729,14-03-2026 00:00,Payment,East,Low,Memory,532.76,Auto generated incident log,Optimized queries,25
I01730,14-03-2026 01:00,Search,West,High,Throughput,45.83,Auto generated incident log,Restarted service,37
I01731,14-03-2026 02:00,Search,South,Medium,ErrorRate,270.32,Auto generated incident log,Optimized queries,33
I01732,14-03-2026 03:00,Orders,West,High,ErrorRate,804.38,Auto generated incident log,Rolled back deployment,75
I01733,14-03-2026 04:00,Auth,North,Low,Latency,634.92,Auto generated incident log,Increased cache,38
I01734,14-03-2026 05:00,Billing,East,Medium,Throughput,761.3,Auto generated incident log,Optimized queries,87
I01735,14-03-2026 06:00,Billing,South,Low,Memory,873.59,Auto generated incident log,Restarted service,74
I01736,14-03-2026 07:00,Search,West,Critical,CPU,677.03,Auto generated incident log,Restarted service,35
I01737,14-03-2026 08:00,Payment,East,Medium,ErrorRate,903.83,Auto generated incident log,Increased cache,47
I01738,14-03-2026 09:00,Orders,North,Low,Memory,353.96,Auto generated incident log,Rolled back deployment,18
I01739,14-03-2026 10:00,Auth,North,Low,CPU,733.6,Auto generated incident log,Optimized queries,10
I01740,14-03-2026 11:00,Orders,North,Low,Latency,145.29,Auto generated incident log,Increased cache,20
I01741,14-03-2026 12:00,Orders,North,Low,ErrorRate,375.18,Auto generated incident log,Restarted service,48
I01742,14-03-2026 13:00,Billing,East,Medium,ErrorRate,605.93,Auto generated incident log,Restarted service,40
I01743,14-03-2026 14:00,Auth,North,Medium,Latency,932.03,Auto generated incident log,Rolled back deployment,87
I01744,14-03-2026 15:00,Orders,North,Low,Throughput,315.6,Auto generated incident log,Restarted service,57
I01745,14-03-2026 16:00,Orders,South,Medium,ErrorRate,298.31,Auto generated incident log,Increased cache,68
I01746,14-03-2026 17:00,Orders,North,Low,CPU,394.24,Auto generated incident log,Scaled up instances,25
I01747,14-03-2026 18:00,Auth,East,Low,Memory,524.61,Auto generated incident log,Optimized queries,104
I01748,14-03-2026 19:00,Payment,West,Critical,Latency,525.04,Auto generated incident log,Rolled back deployment,9
I01749,14-03-2026 20:00,Billing,South,High,Throughput,357.79,Auto generated incident log,Optimized queries,104
I01750,14-03-2026 21:00,Payment,East,Medium,ErrorRate,288.06,Auto generated incident log,Optimized queries,50
I01751,14-03-2026 22:00,Billing,South,Low,Throughput,743.98,Auto generated incident log,Restarted service,76
I01752,14-03-2026 23:00,Auth,South,Medium,Throughput,917.15,Auto generated incident log,Increased cache,28
I01753,15-03-2026 00:00,Auth,East,High,Throughput,279.68,Auto generated incident log,Optimized queries,90
I01754,15-03-2026 01:00,Search,West,High,CPU,352.02,Auto generated incident log,Increased cache,87
I01755,15-03-2026 02:00,Orders,West,High,Latency,97.23,Auto generated incident log,Increased cache,25
I01756,15-03-2026 03:00,Payment,South,Medium,ErrorRate,668.61,Auto generated incident log,Increased cache,45
I01757,15-03-2026 04:00,Search,West,High,Memory,179.73,Auto generated incident log,Optimized queries,103
I01758,15-03-2026 05:00,Billing,South,Low,CPU,990.26,Auto generated incident log,Optimized queries,12
I01759,15-03-2026 06:00,Search,West,Medium,Latency,587.01,Auto generated incident log,Scaled up instances,84
I01760,15-03-2026 07:00,Payment,East,High,CPU,659.54,Auto generated incident log,Restarted service,41
I01761,15-03-2026 08:00,Orders,South,Low,ErrorRate,619.21,Auto generated incident log,Optimized queries,68
I01762,15-03-2026 09:00,Orders,North,Medium,CPU,570.11,Auto generated incident log,Rolled back deployment,46
I01763,15-03-2026 10:00,Auth,South,Medium,ErrorRate,704.11,Auto generated incident log,Optimized queries,117
I01764,15-03-2026 11:00,Orders,North,Low,Throughput,654.54,Auto generated incident log,Increased cache,45
I01765,15-03-2026 12:00,Orders,East,Low,CPU,607.33,Auto generated incident log,Restarted service,88
I01766,15-03-2026 13:00,Orders,West,Medium,Memory,112.3,Auto generated incident log,Restarted service,53
I01767,15-03-2026 14:00,Payment,North,Medium,ErrorRate,53.37,Auto generated incident log,Optimized queries,12
I01768,15-03-2026 15:00,Auth,East,Low,ErrorRate,171.72,Auto generated incident log,Rolled back deployment,19
I01769,15-03-2026 16:00,Auth,North,High,Throughput,730.32,Auto generated incident log,Optimized queries,82
I01770,15-03-2026 17:00,Search,South,High,ErrorRate,43.18,Auto generated incident log,Restarted service,34
I01771,15-03-2026 18:00,Auth,West,Critical,Throughput,476.86,Auto generated incident log,Rolled back deployment,7
I01772,15-03-2026 19:00,Billing,North,Low,ErrorRate,312.07,Auto generated incident log,Rolled back deployment,64
I01773,15-03-2026 20:00,Billing,South,High,Throughput,462.17,Auto generated incident log,Rolled back deployment,107
I01774,15-03-2026 21:00,Auth,West,Medium,ErrorRate,951.33,Auto generated incident log,Optimized queries,20
I01775,15-03-2026 22:00,Payment,West,Low,Throughput,711.53,Auto generated incident log,Restarted service,93
I01776,15-03-2026 23:00,Search,West,Low,Throughput,321.3,Auto generated incident log,Scaled up instances,16
I01777,16-03-2026 00:00,Search,West,Low,ErrorRate,360.37,Auto generated incident log,Restarted service,5
I01778,16-03-2026 01:00,Billing,West,Low,Latency,513.46,Auto generated incident log,Restarted service,118
I01779,16-03-2026 02:00,Payment,North,Low,Throughput,113,Auto generated incident log,Rolled back deployment,38
I01780,16-03-2026 03:00,Billing,North,Medium,CPU,843.51,Auto generated incident log,Increased cache,116
I01781,16-03-2026 04:00,Auth,West,Low,CPU,419,Auto generated incident log,Scaled up instances,8
I01782,16-03-2026 05:00,Auth,East,Medium,Throughput,39.18,Auto generated incident log,Optimized queries,56
I01783,16-03-2026 06:00,Search,West,High,Memory,325.48,Auto generated incident log,Scaled up instances,91
I01784,16-03-2026 07:00,Payment,East,Medium,Throughput,424.24,Auto generated incident log,Increased cache,77
I01785,16-03-2026 08:00,Payment,North,High,ErrorRate,954.19,Auto generated incident log,Scaled up instances,33
I01786,16-03-2026 09:00,Payment,South,Low,Memory,640.55,Auto generated incident log,Restarted service,105
I01787,16-03-2026 10:00,Payment,East,Medium,Latency,579.05,Auto generated incident log,Scaled up instances,76
I01788,16-03-2026 11:00,Payment,West,High,Memory,715.95,Auto generated incident log,Increased cache,35
I01789,16-03-2026 12:00,Billing,West,Low,CPU,64.14,Auto generated incident log,Rolled back deployment,105
I01790,16-03-2026 13:00,Billing,South,Low,Latency,601.56,Auto generated incident log,Rolled back deployment,70
I01791,16-03-2026 14:00,Billing,West,High,CPU,258.54,Auto generated incident log,Optimized queries,84
I01792,16-03-2026 15:00,Orders,West,Low,Memory,333.11,Auto generated incident log,Optimized queries,58
I01793,16-03-2026 16:00,Billing,East,Low,Latency,616.74,Auto generated incident log,Scaled up instances,115
I01794,16-03-2026 17:00,Auth,East,Medium,CPU,683.87,Auto generated incident log,Optimized queries,63
I01795,16-03-2026 18:00,Orders,South,High,ErrorRate,110.66,Auto generated incident log,Scaled up instances,11
I01796,16-03-2026 19:00,Orders,South,Medium,ErrorRate,307.77,Auto generated incident log,Increased cache,69
I01797,16-03-2026 20:00,Billing,South,Medium,Throughput,216.17,Auto generated incident log,Scaled up instances,10
I01798,16-03-2026 21:00,Auth,East,Low,Latency,847.3,Auto generated incident log,Scaled up instances,88
I01799,16-03-2026 22:00,Orders,North,Medium,Throughput,976.1,Auto generated incident log,Increased cache,64
I01800,16-03-2026 23:00,Search,West,Low,Memory,476.68,Auto generated incident log,Scaled up instances,29
I01801,17-03-2026 00:00,Search,East,Critical,Latency,912.58,Auto generated incident log,Increased cache,32
I01802,17-03-2026 01:00,Payment,East,Low,Latency,793.68,Auto generated incident log,Increased cache,39
I01803,17-03-2026 02:00,Orders,West,High,Throughput,1.86,Auto generated incident log,Rolled back deployment,53
I01804,17-03-2026 03:00,Payment,South,High,ErrorRate,844.97,Auto generated incident log,Rolled back deployment,72
I01805,17-03-2026 04:00,Auth,East,Low,CPU,442.4,Auto generated incident log,Rolled back deployment,83
I01806,17-03-2026 05:00,Orders,South,Low,Latency,462.84,Auto generated incident log,Scaled up instances,6
I01807,17-03-2026 06:00,Payment,South,Low,Throughput,622.5,Auto generated incident log,Restarted service,74
I01808,17-03-2026 07:00,Search,North,High,CPU,626.77,Auto generated incident log,Rolled back deployment,84
I01809,17-03-2026 08:00,Auth,West,Medium,Throughput,832.46,Auto generated incident log,Restarted service,61
I01810,17-03-2026 09:00,Auth,North,Medium,ErrorRate,173.71,Auto generated incident log,Optimized queries,59
I01811,17-03-2026 10:00,Auth,East,High,ErrorRate,693.06,Auto generated incident log,Optimized queries,63
I01812,17-03-2026 11:00,Search,North,High,ErrorRate,456.44,Auto generated incident log,Restarted service,33
I01813,17-03-2026 12:00,Auth,South,Low,Latency,18.19,Auto generated incident log,Increased cache,73
I01814,17-03-2026 13:00,Orders,North,Low,ErrorRate,475.43,Auto generated incident log,Increased cache,64
I01815,17-03-2026 14:00,Billing,South,Low,CPU,844.6,Auto generated incident log,Scaled up instances,81
I01816,17-03-2026 15:00,Auth,North,High,Throughput,216.37,Auto generated incident log,Scaled up instances,6
I01817,17-03-2026 16:00,Billing,East,High,Latency,963.38,Auto generated incident log,Increased cache,32
I01818,17-03-2026 17:00,Billing,West,Medium,ErrorRate,873.43,Auto generated incident log,Increased cache,59
I01819,17-03-2026 18:00,Billing,North,Low,Memory,608.87,Auto generated incident log,Scaled up instances,32
I01820,17-03-2026 19:00,Orders,West,Critical,Latency,654.97,Auto generated incident log,Increased cache,19
I01821,17-03-2026 20:00,Auth,North,Medium,Throughput,561.95,Auto generated incident log,Restarted service,84
I01822,17-03-2026 21:00,Search,South,Low,ErrorRate,157.31,Auto generated incident log,Restarted service,40
I01823,17-03-2026 22:00,Search,East,Medium,Throughput,72.44,Auto generated incident log,Rolled back deployment,34
I01824,17-03-2026 23:00,Search,East,Low,CPU,922.57,Auto generated incident log,Restarted service,31
I01825,18-03-2026 00:00,Orders,West,Medium,Throughput,206.62,Auto generated incident log,Scaled up instances,25
I01826,18-03-2026 01:00,Search,South,High,ErrorRate,51.73,Auto generated incident log,Optimized queries,44
I01827,18-03-2026 02:00,Auth,North,Low,Memory,254.74,Auto generated incident log,Optimized queries,115
I01828,18-03-2026 03:00,Auth,West,Low,Latency,541.83,Auto generated incident log,Scaled up instances,69
I01829,18-03-2026 04:00,Payment,East,Medium,Latency,449.88,Auto generated incident log,Increased cache,91
I01830,18-03-2026 05:00,Billing,West,Medium,Memory,946.31,Auto generated incident log,Increased cache,13
I01831,18-03-2026 06:00,Billing,South,Critical,CPU,277.47,Auto generated incident log,Restarted service,10
I01832,18-03-2026 07:00,Search,North,Low,ErrorRate,398.76,Auto generated incident log,Increased cache,66
I01833,18-03-2026 08:00,Auth,West,Critical,Throughput,163.64,Auto generated incident log,Optimized queries,75
I01834,18-03-2026 09:00,Auth,East,Medium,Memory,343.59,Auto generated incident log,Scaled up instances,94
I01835,18-03-2026 10:00,Billing,North,Low,CPU,352.89,Auto generated incident log,Rolled back deployment,95
I01836,18-03-2026 11:00,Auth,South,Critical,ErrorRate,336.35,Auto generated incident log,Rolled back deployment,84
I01837,18-03-2026 12:00,Auth,West,Medium,Throughput,20.41,Auto generated incident log,Optimized queries,81
I01838,18-03-2026 13:00,Auth,South,Medium,Latency,155.01,Auto generated incident log,Restarted service,101
I01839,18-03-2026 14:00,Orders,South,Medium,ErrorRate,759.09,Auto generated incident log,Rolled back deployment,41
I01840,18-03-2026 15:00,Orders,West,Medium,Latency,170.85,Auto generated incident log,Restarted service,53
I01841,18-03-2026 16:00,Search,South,Medium,Latency,605.84,Auto generated incident log,Increased cache,5
I01842,18-03-2026 17:00,Payment,West,Medium,CPU,119.85,Auto generated incident log,Optimized queries,78
I01843,18-03-2026 18:00,Orders,South,Low,CPU,161.87,Auto generated incident log,Rolled back deployment,41
I01844,18-03-2026 19:00,Orders,West,Medium,CPU,172.2,Auto generated incident log,Restarted service,91
I01845,18-03-2026 20:00,Search,West,Low,CPU,459.8,Auto generated incident log,Increased cache,38
I01846,18-03-2026 21:00,Auth,North,Medium,Memory,956.84,Auto generated incident log,Rolled back deployment,102
I01847,18-03-2026 22:00,Payment,South,Low,Memory,135.06,Auto generated incident log,Increased cache,13
I01848,18-03-2026 23:00,Payment,North,Critical,ErrorRate,483.08,Auto generated incident log,Scaled up instances,118
I01849,19-03-2026 00:00,Orders,West,High,CPU,839.72,Auto generated incident log,Increased cache,20
I01850,19-03-2026 01:00,Billing,West,Low,Memory,641.11,Auto generated incident log,Rolled back deployment,42
I01851,19-03-2026 02:00,Search,South,Low,Memory,798.13,Auto generated incident log,Restarted service,86
I01852,19-03-2026 03:00,Payment,West,Medium,Throughput,524.64,Auto generated incident log,Restarted service,77
I01853,19-03-2026 04:00,Orders,East,Low,Memory,820.29,Auto generated incident log,Rolled back deployment,43
I01854,19-03-2026 05:00,Billing,South,Critical,Latency,168.21,Auto generated incident log,Increased cache,33
I01855,19-03-2026 06:00,Billing,South,Low,CPU,396.22,Auto generated incident log,Scaled up instances,73
I01856,19-03-2026 07:00,Billing,West,Low,CPU,588.22,Auto generated incident log,Scaled up instances,114
I01857,19-03-2026 08:00,Payment,East,Critical,Memory,419.89,Auto generated incident log,Scaled up instances,57
I01858,19-03-2026 09:00,Search,South,Low,Throughput,125.06,Auto generated incident log,Scaled up instances,23
I01859,19-03-2026 10:00,Search,West,Medium,Memory,806.02,Auto generated incident log,Restarted service,67
I01860,19-03-2026 11:00,Payment,South,Low,Memory,988.09,Auto generated incident log,Restarted service,49
I01861,19-03-2026 12:00,Orders,East,Low,CPU,231.12,Auto generated incident log,Scaled up instances,99
I01862,19-03-2026 13:00,Payment,North,Critical,Latency,861.61,Auto generated incident log,Increased cache,53
I01863,19-03-2026 14:00,Billing,South,Low,ErrorRate,486.93,Auto generated incident log,Rolled back deployment,65
I01864,19-03-2026 15:00,Search,South,High,Throughput,476.84,Auto generated incident log,Optimized queries,109
I01865,19-03-2026 16:00,Billing,North,Low,Memory,647.23,Auto generated incident log,Rolled back deployment,107
I01866,19-03-2026 17:00,Payment,East,Medium,Throughput,605.45,Auto generated incident log,Scaled up instances,33
I01867,19-03-2026 18:00,Billing,West,Low,ErrorRate,88.9,Auto generated incident log,Restarted service,112
I01868,19-03-2026 19:00,Orders,East,High,Latency,694.95,Auto generated incident log,Restarted service,61
I01869,19-03-2026 20:00,Payment,South,Low,Throughput,861.53,Auto generated incident log,Increased cache,16
I01870,19-03-2026 21:00,Search,East,Medium,CPU,306.15,Auto generated incident log,Scaled up instances,83
I01871,19-03-2026 22:00,Billing,South,Low,Memory,677.88,Auto generated incident log,Rolled back deployment,89
I01872,19-03-2026 23:00,Payment,North,Medium,Throughput,610.43,Auto generated incident log,Increased cache,68
I01873,20-03-2026 00:00,Billing,South,Low,Memory,217.02,Auto generated incident log,Increased cache,32
I01874,20-03-2026 01:00,Billing,North,High,CPU,176.89,Auto generated incident log,Rolled back deployment,23
I01875,20-03-2026 02:00,Billing,North,Medium,CPU,168.86,Auto generated incident log,Increased cache,88
I01876,20-03-2026 03:00,Auth,North,Medium,Throughput,728.46,Auto generated incident log,Optimized queries,35
I01877,20-03-2026 04:00,Payment,North,Low,CPU,85.68,Auto generated incident log,Scaled up instances,59
I01878,20-03-2026 05:00,Auth,East,Low,Memory,591.86,Auto generated incident log,Increased cache,40
I01879,20-03-2026 06:00,Billing,East,Medium,Latency,146.69,Auto generated incident log,Rolled back deployment,8
I01880,20-03-2026 07:00,Billing,North,Low,ErrorRate,590.44,Auto generated incident log,Optimized queries,105
I01881,20-03-2026 08:00,Payment,North,High,Throughput,194.59,Auto generated incident log,Increased cache,24
I01882,20-03-2026 09:00,Orders,East,Medium,Latency,392.29,Auto generated incident log,Increased cache,52
I01883,20-03-2026 10:00,Billing,South,Low,CPU,30.56,Auto generated incident log,Restarted service,38
I01884,20-03-2026 11:00,Orders,West,Low,Memory,929.74,Auto generated incident log,Rolled back deployment,92
I01885,20-03-2026 12:00,Search,South,Low,ErrorRate,768.23,Auto generated incident log,Rolled back deployment,66
I01886,20-03-2026 13:00,Billing,North,Medium,Memory,526.67,Auto generated incident log,Restarted service,115
I01887,20-03-2026 14:00,Auth,North,Critical,Latency,674.11,Auto generated incident log,Scaled up instances,100
I01888,20-03-2026 15:00,Billing,West,High,Memory,189.38,Auto generated incident log,Increased cache,111
I01889,20-03-2026 16:00,Search,South,High,CPU,603.14,Auto generated incident log,Restarted service,40
I01890,20-03-2026 17:00,Payment,East,Medium,Throughput,632.65,Auto generated incident log,Scaled up instances,58
I01891,20-03-2026 18:00,Billing,West,Low,Memory,681.37,Auto generated incident log,Restarted service,32
I01892,20-03-2026 19:00,Payment,East,High,Latency,213.98,Auto generated incident log,Rolled back deployment,11
I01893,20-03-2026 20:00,Billing,South,Critical,Throughput,353.57,Auto generated incident log,Rolled back deployment,67
I01894,20-03-2026 21:00,Billing,South,Low,Throughput,116.93,Auto generated incident log,Rolled back deployment,64
I01895,20-03-2026 22:00,Billing,West,Low,ErrorRate,984.1,Auto generated incident log,Optimized queries,21
I01896,20-03-2026 23:00,Payment,South,Medium,Throughput,716.31,Auto generated incident log,Scaled up instances,25
I01897,21-03-2026 00:00,Orders,West,Medium,Memory,980.27,Auto generated incident log,Optimized queries,33
I01898,21-03-2026 01:00,Auth,North,Critical,Throughput,874.1,Auto generated incident log,Optimized queries,13
I01899,21-03-2026 02:00,Orders,East,Critical,Latency,19.91,Auto generated incident log,Scaled up instances,63
I01900,21-03-2026 03:00,Orders,West,Low,ErrorRate,796.71,Auto generated incident log,Rolled back deployment,96
I01901,21-03-2026 04:00,Auth,North,Low,Latency,332.28,Auto generated incident log,Rolled back deployment,8
I01902,21-03-2026 05:00,Billing,South,Medium,Latency,6.66,Auto generated incident log,Rolled back deployment,8
I01903,21-03-2026 06:00,Auth,West,Medium,Memory,989.31,Auto generated incident log,Optimized queries,6
I01904,21-03-2026 07:00,Orders,East,Medium,Throughput,75.02,Auto generated incident log,Rolled back deployment,8
I01905,21-03-2026 08:00,Billing,South,High,Latency,881.59,Auto generated incident log,Scaled up instances,83
I01906,21-03-2026 09:00,Billing,East,Low,Latency,202.08,Auto generated incident log,Optimized queries,59
I01907,21-03-2026 10:00,Billing,West,Critical,ErrorRate,936.42,Auto generated incident log,Increased cache,95
I01908,21-03-2026 11:00,Auth,East,Low,Latency,425.29,Auto generated incident log,Increased cache,11
I01909,21-03-2026 12:00,Orders,North,High,Memory,410.26,Auto generated incident log,Restarted service,101
I01910,21-03-2026 13:00,Search,East,Low,CPU,549.18,Auto generated incident log,Increased cache,113
I01911,21-03-2026 14:00,Billing,East,High,Throughput,695.35,Auto generated incident log,Rolled back deployment,116
I01912,21-03-2026 15:00,Orders,West,High,Latency,300.77,Auto generated incident log,Rolled back deployment,99
I01913,21-03-2026 16:00,Auth,West,Medium,Latency,599.19,Auto generated incident log,Restarted service,79
I01914,21-03-2026 17:00,Billing,East,Low,Latency,660.07,Auto generated incident log,Restarted service,8
I01915,21-03-2026 18:00,Payment,South,Low,Latency,132.62,Auto generated incident log,Restarted service,84
I01916,21-03-2026 19:00,Search,East,High,Latency,4.06,Auto generated incident log,Increased cache,40
I01917,21-03-2026 20:00,Auth,North,Critical,Memory,470.54,Auto generated incident log,Increased cache,78
I01918,21-03-2026 21:00,Billing,North,Medium,Latency,784.44,Auto generated incident log,Optimized queries,49
I01919,21-03-2026 22:00,Payment,West,Low,CPU,112.03,Auto generated incident log,Increased cache,38
I01920,21-03-2026 23:00,Payment,East,High,Latency,861.4,Auto generated incident log,Rolled back deployment,57
I01921,22-03-2026 00:00,Billing,South,Low,ErrorRate,49.02,Auto generated incident log,Scaled up instances,8
I01922,22-03-2026 01:00,Auth,East,High,ErrorRate,366.54,Auto generated incident log,Optimized queries,61
I01923,22-03-2026 02:00,Search,East,Critical,Memory,627.35,Auto generated incident log,Scaled up instances,86
I01924,22-03-2026 03:00,Billing,East,Critical,Throughput,797.05,Auto generated incident log,Scaled up instances,63
I01925,22-03-2026 04:00,Auth,East,Medium,Latency,466.15,Auto generated incident log,Optimized queries,102
I01926,22-03-2026 05:00,Search,North,Medium,ErrorRate,469.71,Auto generated incident log,Rolled back deployment,74
I01927,22-03-2026 06:00,Billing,West,Low,Latency,761.03,Auto generated incident log,Increased cache,99
I01928,22-03-2026 07:00,Orders,South,High,ErrorRate,983.86,Auto generated incident log,Restarted service,94
I01929,22-03-2026 08:00,Billing,West,High,CPU,940.17,Auto generated incident log,Rolled back deployment,21
I01930,22-03-2026 09:00,Orders,East,Low,ErrorRate,733.99,Auto generated incident log,Restarted service,86
I01931,22-03-2026 10:00,Orders,South,Medium,CPU,247.03,Auto generated incident log,Increased cache,107
I01932,22-03-2026 11:00,Auth,East,Low,ErrorRate,645.87,Auto generated incident log,Scaled up instances,118
I01933,22-03-2026 12:00,Payment,North,Medium,Latency,699.37,Auto generated incident log,Increased cache,54
I01934,22-03-2026 13:00,Payment,North,Low,Memory,790.99,Auto generated incident log,Restarted service,47
I01935,22-03-2026 14:00,Billing,South,High,Throughput,569.02,Auto generated incident log,Increased cache,40
I01936,22-03-2026 15:00,Payment,East,Low,Memory,54.89,Auto generated incident log,Restarted service,77
I01937,22-03-2026 16:00,Orders,East,Low,ErrorRate,780.61,Auto generated incident log,Rolled back deployment,71
I01938,22-03-2026 17:00,Search,North,Low,CPU,556.02,Auto generated incident log,Optimized queries,20
I01939,22-03-2026 18:00,Orders,South,Low,ErrorRate,793.79,Auto generated incident log,Optimized queries,11
I01940,22-03-2026 19:00,Auth,South,Low,Latency,440.86,Auto generated incident log,Scaled up instances,113
I01941,22-03-2026 20:00,Orders,East,Medium,Latency,262.01,Auto generated incident log,Restarted service,63
I01942,22-03-2026 21:00,Search,South,High,Latency,683.1,Auto generated incident log,Scaled up instances,107
I01943,22-03-2026 22:00,Payment,East,Low,ErrorRate,933.82,Auto generated incident log,Scaled up instances,19
I01944,22-03-2026 23:00,Payment,West,Critical,Latency,364.89,Auto generated incident log,Increased cache,31
I01945,23-03-2026 00:00,Search,South,Critical,Memory,132.04,Auto generated incident log,Restarted service,42
I01946,23-03-2026 01:00,Orders,South,Low,Throughput,215.35,Auto generated incident log,Scaled up instances,65
I01947,23-03-2026 02:00,Orders,South,Medium,CPU,731.47,Auto generated incident log,Increased cache,13
I01948,23-03-2026 03:00,Payment,South,Medium,CPU,143.04,Auto generated incident log,Scaled up instances,115
I01949,23-03-2026 04:00,Search,South,High,ErrorRate,738.26,Auto generated incident log,Scaled up instances,106
I01950,23-03-2026 05:00,Payment,South,Low,Memory,77.81,Auto generated incident log,Restarted service,38
I01951,23-03-2026 06:00,Payment,West,Low,Throughput,236.23,Auto generated incident log,Optimized queries,35
I01952,23-03-2026 07:00,Search,West,Critical,Memory,180.54,Auto generated incident log,Increased cache,33
I01953,23-03-2026 08:00,Payment,South,Medium,Throughput,123.43,Auto generated incident log,Optimized queries,110
I01954,23-03-2026 09:00,Auth,West,High,CPU,371.78,Auto generated incident log,Rolled back deployment,94
I01955,23-03-2026 10:00,Auth,West,High,CPU,864.51,Auto generated incident log,Optimized queries,36
I01956,23-03-2026 11:00,Search,North,High,Latency,873.39,Auto generated incident log,Increased cache,118
I01957,23-03-2026 12:00,Billing,East,Low,CPU,235.13,Auto generated incident log,Scaled up instances,26
I01958,23-03-2026 13:00,Payment,East,Low,Latency,833.17,Auto generated incident log,Restarted service,64
I01959,23-03-2026 14:00,Search,South,Medium,CPU,616.27,Auto generated incident log,Optimized queries,80
I01960,23-03-2026 15:00,Auth,East,High,Memory,395.99,Auto generated incident log,Restarted service,107
I01961,23-03-2026 16:00,Orders,West,Low,CPU,765.84,Auto generated incident log,Restarted service,36
I01962,23-03-2026 17:00,Payment,West,Low,ErrorRate,903.66,Auto generated incident log,Restarted service,19
I01963,23-03-2026 18:00,Payment,East,Low,ErrorRate,169.02,Auto generated incident log,Optimized queries,27
I01964,23-03-2026 19:00,Billing,West,Low,CPU,518.87,Auto generated incident log,Optimized queries,102
I01965,23-03-2026 20:00,Auth,South,Low,CPU,560.16,Auto generated incident log,Scaled up instances,65
I01966,23-03-2026 21:00,Orders,South,Low,Memory,830.4,Auto generated incident log,Restarted service,31
I01967,23-03-2026 22:00,Payment,East,Low,CPU,719.09,Auto generated incident log,Optimized queries,64
I01968,23-03-2026 23:00,Auth,West,Low,ErrorRate,770.56,Auto generated incident log,Scaled up instances,63
I01969,24-03-2026 00:00,Orders,North,Low,ErrorRate,992.45,Auto generated incident log,Rolled back deployment,79
I01970,24-03-2026 01:00,Payment,West,Low,CPU,206.83,Auto generated incident log,Increased cache,19
I01971,24-03-2026 02:00,Orders,South,Medium,CPU,656.75,Auto generated incident log,Optimized queries,103
I01972,24-03-2026 03:00,Auth,North,Medium,Memory,844.49,Auto generated incident log,Rolled back deployment,56
I01973,24-03-2026 04:00,Payment,West,Low,CPU,550.6,Auto generated incident log,Restarted service,46
I01974,24-03-2026 05:00,Auth,West,Medium,ErrorRate,51.51,Auto generated incident log,Increased cache,71
I01975,24-03-2026 06:00,Billing,East,Medium,ErrorRate,825.21,Auto generated incident log,Increased cache,74
I01976,24-03-2026 07:00,Orders,South,Critical,Throughput,180.06,Auto generated incident log,Optimized queries,111
I01977,24-03-2026 08:00,Auth,South,Low,ErrorRate,925.61,Auto generated incident log,Restarted service,59
I01978,24-03-2026 09:00,Auth,South,Low,ErrorRate,481.58,Auto generated incident log,Increased cache,20
I01979,24-03-2026 10:00,Search,West,High,Memory,293.21,Auto generated incident log,Increased cache,102
I01980,24-03-2026 11:00,Search,North,High,Memory,830.47,Auto generated incident log,Rolled back deployment,96
I01981,24-03-2026 12:00,Orders,South,High,Latency,684.41,Auto generated incident log,Optimized queries,85
I01982,24-03-2026 13:00,Billing,West,Low,CPU,709.4,Auto generated incident log,Scaled up instances,98
I01983,24-03-2026 14:00,Search,South,High,Throughput,882.98,Auto generated incident log,Increased cache,6
I01984,24-03-2026 15:00,Billing,North,Low,Throughput,17.37,Auto generated incident log,Restarted service,115
I01985,24-03-2026 16:00,Search,East,Low,Memory,386.27,Auto generated incident log,Rolled back deployment,88
I01986,24-03-2026 17:00,Billing,West,Low,Memory,694.32,Auto generated incident log,Rolled back deployment,85
I01987,24-03-2026 18:00,Auth,West,Critical,Throughput,243.68,Auto generated incident log,Scaled up instances,8
I01988,24-03-2026 19:00,Billing,South,Medium,Latency,212.07,Auto generated incident log,Rolled back deployment,26
I01989,24-03-2026 20:00,Auth,East,Low,Throughput,359.16,Auto generated incident log,Increased cache,39
I01990,24-03-2026 21:00,Auth,South,Medium,CPU,696.92,Auto generated incident log,Restarted service,76
I01991,24-03-2026 22:00,Search,South,Low,Latency,772.14,Auto generated incident log,Scaled up instances,20
I01992,24-03-2026 23:00,Payment,East,High,CPU,473.43,Auto generated incident log,Restarted service,38
I01993,25-03-2026 00:00,Billing,South,High,CPU,176.16,Auto generated incident log,Rolled back deployment,14
I01994,25-03-2026 01:00,Orders,East,Low,CPU,690.81,Auto generated incident log,Increased cache,79
I01995,25-03-2026 02:00,Auth,North,Low,ErrorRate,124.26,Auto generated incident log,Optimized queries,119
I01996,25-03-2026 03:00,Billing,West,Critical,Throughput,273.24,Auto generated incident log,Optimized queries,25
I01997,25-03-2026 04:00,Billing,South,Medium,ErrorRate,391.38,Auto generated incident log,Scaled up instances,48
I01998,25-03-2026 05:00,Billing,South,Low,Throughput,815.59,Auto generated incident log,Scaled up instances,47
I01999,25-03-2026 06:00,Search,North,Low,Memory,854.86,Auto generated incident log,Rolled back deployment,116
I02000,25-03-2026 07:00,Auth,South,Medium,ErrorRate,644.12,Auto generated incident log,Scaled up instances,8
I02001,25-03-2026 08:00,Search,North,High,ErrorRate,223.36,Auto generated incident log,Scaled up instances,111
I02002,25-03-2026 09:00,Orders,West,Critical,Memory,339.6,Auto generated incident log,Restarted service,68
I02003,25-03-2026 10:00,Payment,North,Critical,Latency,231.11,Auto generated incident log,Rolled back deployment,59
I02004,25-03-2026 11:00,Billing,South,Medium,Memory,847.03,Auto generated incident log,Scaled up instances,29
I02005,25-03-2026 12:00,Auth,West,Critical,Latency,384.41,Auto generated incident log,Optimized queries,75
I02006,25-03-2026 13:00,Orders,East,High,CPU,601.93,Auto generated incident log,Increased cache,59
I02007,25-03-2026 14:00,Payment,East,Low,CPU,135.15,Auto generated incident log,Rolled back deployment,23
I02008,25-03-2026 15:00,Search,South,Medium,Memory,453.64,Auto generated incident log,Increased cache,57
I02009,25-03-2026 16:00,Search,East,Medium,ErrorRate,479.07,Auto generated incident log,Restarted service,23
I02010,25-03-2026 17:00,Orders,West,Critical,Latency,470.72,Auto generated incident log,Restarted service,63
I02011,25-03-2026 18:00,Auth,South,Medium,CPU,356.42,Auto generated incident log,Increased cache,68
I02012,25-03-2026 19:00,Payment,West,Medium,Throughput,25.21,Auto generated incident log,Scaled up instances,57
I02013,25-03-2026 20:00,Search,North,Critical,Latency,116.61,Auto generated incident log,Rolled back deployment,80
I02014,25-03-2026 21:00,Search,West,Low,CPU,464.7,Auto generated incident log,Restarted service,86
I02015,25-03-2026 22:00,Billing,West,Low,CPU,932.52,Auto generated incident log,Optimized queries,118
I02016,25-03-2026 23:00,Orders,East,Low,ErrorRate,785.06,Auto generated incident log,Scaled up instances,42
I02017,26-03-2026 00:00,Billing,East,Low,CPU,370.29,Auto generated incident log,Scaled up instances,21
I02018,26-03-2026 01:00,Search,East,Medium,Latency,141.88,Auto generated incident log,Optimized queries,16
I02019,26-03-2026 02:00,Search,West,Low,Memory,145.25,Auto generated incident log,Scaled up instances,59
I02020,26-03-2026 03:00,Billing,East,Medium,Throughput,938.91,Auto generated incident log,Restarted service,63
I02021,26-03-2026 04:00,Auth,East,Low,Throughput,760.97,Auto generated incident log,Scaled up instances,41
I02022,26-03-2026 05:00,Search,West,Critical,Throughput,26.73,Auto generated incident log,Optimized queries,83
I02023,26-03-2026 06:00,Auth,South,High,ErrorRate,628.78,Auto generated incident log,Rolled back deployment,68
I02024,26-03-2026 07:00,Billing,South,Low,Latency,631.54,Auto generated incident log,Rolled back deployment,53
I02025,26-03-2026 08:00,Auth,South,Low,CPU,932.65,Auto generated incident log,Restarted service,80
I02026,26-03-2026 09:00,Payment,West,Low,Throughput,669.23,Auto generated incident log,Restarted service,95
I02027,26-03-2026 10:00,Auth,North,Low,CPU,491.26,Auto generated incident log,Restarted service,46
I02028,26-03-2026 11:00,Orders,North,Low,CPU,739.4,Auto generated incident log,Optimized queries,93
I02029,26-03-2026 12:00,Search,South,High,Latency,571.34,Auto generated incident log,Scaled up instances,70
I02030,26-03-2026 13:00,Payment,South,High,Latency,772.41,Auto generated incident log,Rolled back deployment,91
I02031,26-03-2026 14:00,Search,North,Medium,Throughput,583.72,Auto generated incident log,Rolled back deployment,78
I02032,26-03-2026 15:00,Billing,South,High,Memory,933.36,Auto generated incident log,Optimized queries,18
I02033,26-03-2026 16:00,Search,South,Low,Memory,176.18,Auto generated incident log,Optimized queries,9
I02034,26-03-2026 17:00,Search,East,Low,Latency,158.23,Auto generated incident log,Optimized queries,48
I02035,26-03-2026 18:00,Billing,West,Low,Throughput,891.37,Auto generated incident log,Restarted service,78
I02036,26-03-2026 19:00,Auth,North,Low,Memory,173.92,Auto generated incident log,Optimized queries,46
I02037,26-03-2026 20:00,Billing,North,Low,Memory,131.56,Auto generated incident log,Rolled back deployment,70
I02038,26-03-2026 21:00,Orders,South,Medium,CPU,345.21,Auto generated incident log,Rolled back deployment,16
I02039,26-03-2026 22:00,Auth,South,Low,ErrorRate,886.37,Auto generated incident log,Scaled up instances,98
I02040,26-03-2026 23:00,Auth,South,Low,Throughput,940.3,Auto generated incident log,Restarted service,12
I02041,27-03-2026 00:00,Orders,South,Medium,Throughput,257.4,Auto generated incident log,Scaled up instances,54
I02042,27-03-2026 01:00,Payment,East,Low,Memory,95.88,Auto generated incident log,Rolled back deployment,60
I02043,27-03-2026 02:00,Payment,West,Low,Memory,776.43,Auto generated incident log,Restarted service,75
I02044,27-03-2026 03:00,Orders,West,Low,ErrorRate,924.86,Auto generated incident log,Optimized queries,75
I02045,27-03-2026 04:00,Auth,East,Low,CPU,2.1,Auto generated incident log,Rolled back deployment,38
I02046,27-03-2026 05:00,Billing,East,Low,ErrorRate,305.9,Auto generated incident log,Increased cache,84
I02047,27-03-2026 06:00,Payment,South,High,CPU,68.55,Auto generated incident log,Scaled up instances,102
I02048,27-03-2026 07:00,Auth,West,Low,Latency,753.62,Auto generated incident log,Optimized queries,99
I02049,27-03-2026 08:00,Search,North,Low,Latency,629.1,Auto generated incident log,Optimized queries,27
I02050,27-03-2026 09:00,Billing,West,Low,CPU,394.32,Auto generated incident log,Increased cache,16
I02051,27-03-2026 10:00,Billing,South,Low,ErrorRate,655.05,Auto generated incident log,Restarted service,106
I02052,27-03-2026 11:00,Search,East,High,CPU,44.11,Auto generated incident log,Optimized queries,24
I02053,27-03-2026 12:00,Billing,South,Low,Latency,330.24,Auto generated incident log,Scaled up instances,101
I02054,27-03-2026 13:00,Payment,East,High,Latency,205.45,Auto generated incident log,Increased cache,48
I02055,27-03-2026 14:00,Orders,East,Low,ErrorRate,209.52,Auto generated incident log,Increased cache,40
I02056,27-03-2026 15:00,Billing,South,Low,CPU,677.07,Auto generated incident log,Scaled up instances,34
I02057,27-03-2026 16:00,Auth,West,Low,Latency,206.41,Auto generated incident log,Optimized queries,15
I02058,27-03-2026 17:00,Payment,West,Low,CPU,740.57,Auto generated incident log,Increased cache,96
I02059,27-03-2026 18:00,Payment,East,Medium,Latency,193.21,Auto generated incident log,Increased cache,32
I02060,27-03-2026 19:00,Payment,West,Low,Latency,257.38,Auto generated incident log,Scaled up instances,47
I02061,27-03-2026 20:00,Search,West,High,ErrorRate,67.52,Auto generated incident log,Scaled up instances,51
I02062,27-03-2026 21:00,Auth,North,Low,ErrorRate,39.78,Auto generated incident log,Restarted service,38
I02063,27-03-2026 22:00,Search,South,Critical,Memory,869.16,Auto generated incident log,Increased cache,101
I02064,27-03-2026 23:00,Search,South,Low,CPU,858.57,Auto generated incident log,Scaled up instances,17
I02065,28-03-2026 00:00,Billing,West,Medium,Memory,563.51,Auto generated incident log,Scaled up instances,112
I02066,28-03-2026 01:00,Auth,North,Low,CPU,737.66,Auto generated incident log,Scaled up instances,75
I02067,28-03-2026 02:00,Search,North,Low,ErrorRate,143.58,Auto generated incident log,Restarted service,25
I02068,28-03-2026 03:00,Auth,North,Low,Latency,559.83,Auto generated incident log,Restarted service,19
I02069,28-03-2026 04:00,Search,West,Low,Latency,612.73,Auto generated incident log,Scaled up instances,85
I02070,28-03-2026 05:00,Billing,South,Medium,CPU,602.96,Auto generated incident log,Scaled up instances,18
I02071,28-03-2026 06:00,Auth,West,Medium,Latency,537.8,Auto generated incident log,Rolled back deployment,22
I02072,28-03-2026 07:00,Auth,East,Low,CPU,79.96,Auto generated incident log,Increased cache,48
I02073,28-03-2026 08:00,Payment,North,High,Throughput,658.54,Auto generated incident log,Restarted service,89
I02074,28-03-2026 09:00,Auth,South,Low,Throughput,501.81,Auto generated incident log,Optimized queries,41
I02075,28-03-2026 10:00,Auth,South,Low,Latency,942.64,Auto generated incident log,Increased cache,104
I02076,28-03-2026 11:00,Payment,East,High,CPU,162.39,Auto generated incident log,Restarted service,25
I02077,28-03-2026 12:00,Search,South,Medium,Latency,677.2,Auto generated incident log,Rolled back deployment,115
I02078,28-03-2026 13:00,Orders,West,Low,Memory,798.12,Auto generated incident log,Restarted service,15
I02079,28-03-2026 14:00,Payment,South,Medium,Memory,98.99,Auto generated incident log,Restarted service,21
I02080,28-03-2026 15:00,Orders,North,Low,Throughput,550.68,Auto generated incident log,Increased cache,28
I02081,28-03-2026 16:00,Billing,North,Low,ErrorRate,224.38,Auto generated incident log,Scaled up instances,116
I02082,28-03-2026 17:00,Orders,East,Medium,Memory,839.41,Auto generated incident log,Scaled up instances,119
I02083,28-03-2026 18:00,Payment,East,Low,Memory,107.68,Auto generated incident log,Increased cache,36
I02084,28-03-2026 19:00,Orders,South,Low,CPU,558.8,Auto generated incident log,Scaled up instances,111
I02085,28-03-2026 20:00,Auth,North,High,ErrorRate,262.66,Auto generated incident log,Scaled up instances,70
I02086,28-03-2026 21:00,Payment,South,High,Latency,111.16,Auto generated incident log,Scaled up instances,74
I02087,28-03-2026 22:00,Search,West,Medium,ErrorRate,77.58,Auto generated incident log,Optimized queries,63
I02088,28-03-2026 23:00,Auth,East,Low,Throughput,197.8,Auto generated incident log,Restarted service,34
I02089,29-03-2026 00:00,Search,North,Low,Throughput,378.91,Auto generated incident log,Increased cache,45
I02090,29-03-2026 01:00,Orders,East,Low,Memory,706.21,Auto generated incident log,Increased cache,48
I02091,29-03-2026 02:00,Orders,West,Medium,Throughput,133.7,Auto generated incident log,Rolled back deployment,16
I02092,29-03-2026 03:00,Search,East,Low,Memory,137.56,Auto generated incident log,Optimized queries,105
I02093,29-03-2026 04:00,Orders,North,Low,Memory,560.42,Auto generated incident log,Rolled back deployment,43
I02094,29-03-2026 05:00,Orders,West,Critical,Memory,97.7,Auto generated incident log,Restarted service,109
I02095,29-03-2026 06:00,Search,North,Medium,Latency,284.63,Auto generated incident log,Rolled back deployment,14
I02096,29-03-2026 07:00,Search,West,High,Memory,978.31,Auto generated incident log,Optimized queries,19
I02097,29-03-2026 08:00,Payment,North,High,Latency,411.56,Auto generated incident log,Increased cache,77
I02098,29-03-2026 09:00,Billing,South,Medium,Throughput,375.36,Auto generated incident log,Optimized queries,104
I02099,29-03-2026 10:00,Auth,East,Medium,Memory,447.4,Auto generated incident log,Restarted service,43
I02100,29-03-2026 11:00,Billing,West,Low,Throughput,265.42,Auto generated incident log,Increased cache,40
I02101,29-03-2026 12:00,Auth,South,Critical,ErrorRate,594.22,Auto generated incident log,Restarted service,80
I02102,29-03-2026 13:00,Search,South,Medium,CPU,363.54,Auto generated incident log,Increased cache,85
I02103,29-03-2026 14:00,Auth,South,Medium,ErrorRate,561.55,Auto generated incident log,Rolled back deployment,90
I02104,29-03-2026 15:00,Auth,South,Low,Memory,376.5,Auto generated incident log,Rolled back deployment,9
I02105,29-03-2026 16:00,Billing,West,Low,ErrorRate,946.13,Auto generated incident log,Increased cache,18
I02106,29-03-2026 17:00,Auth,East,Medium,Memory,1.01,Auto generated incident log,Scaled up instances,83
I02107,29-03-2026 18:00,Auth,South,Low,CPU,452.2,Auto generated incident log,Scaled up instances,112
I02108,29-03-2026 19:00,Payment,West,Low,Throughput,829.01,Auto generated incident log,Optimized queries,80
I02109,29-03-2026 20:00,Search,East,Low,Latency,586,Auto generated incident log,Increased cache,32
I02110,29-03-2026 21:00,Payment,North,Low,Memory,360.77,Auto generated incident log,Increased cache,66
I02111,29-03-2026 22:00,Search,East,Low,Latency,111.28,Auto generated incident log,Increased cache,20
I02112,29-03-2026 23:00,Billing,South,High,Memory,606.56,Auto generated incident log,Rolled back deployment,5
I02113,30-03-2026 00:00,Payment,East,Medium,Throughput,300.2,Auto generated incident log,Increased cache,15
I02114,30-03-2026 01:00,Orders,South,Medium,Latency,221.43,Auto generated incident log,Optimized queries,37
I02115,30-03-2026 02:00,Payment,East,Medium,ErrorRate,874.13,Auto generated incident log,Scaled up instances,116
I02116,30-03-2026 03:00,Billing,North,Low,ErrorRate,936.2,Auto generated incident log,Increased cache,81
I02117,30-03-2026 04:00,Payment,East,Low,CPU,232.04,Auto generated incident log,Optimized queries,102
I02118,30-03-2026 05:00,Search,North,Critical,Memory,547.99,Auto generated incident log,Rolled back deployment,79
I02119,30-03-2026 06:00,Billing,South,Low,Latency,756.16,Auto generated incident log,Rolled back deployment,98
I02120,30-03-2026 07:00,Orders,South,Low,ErrorRate,267.35,Auto generated incident log,Optimized queries,7
I02121,30-03-2026 08:00,Search,North,Low,ErrorRate,753.1,Auto generated incident log,Scaled up instances,13
I02122,30-03-2026 09:00,Auth,North,High,Latency,225.2,Auto generated incident log,Increased cache,101
I02123,30-03-2026 10:00,Search,East,Low,Memory,436.28,Auto generated incident log,Rolled back deployment,18
I02124,30-03-2026 11:00,Search,East,Low,Memory,7.81,Auto generated incident log,Optimized queries,10
I02125,30-03-2026 12:00,Billing,West,Low,Latency,178.36,Auto generated incident log,Restarted service,66
I02126,30-03-2026 13:00,Orders,East,Low,Memory,181.86,Auto generated incident log,Rolled back deployment,37
I02127,30-03-2026 14:00,Orders,West,Medium,Throughput,245.12,Auto generated incident log,Scaled up instances,58
I02128,30-03-2026 15:00,Auth,North,Medium,ErrorRate,317.25,Auto generated incident log,Restarted service,14
I02129,30-03-2026 16:00,Payment,North,High,Memory,199.87,Auto generated incident log,Scaled up instances,67
I02130,30-03-2026 17:00,Orders,South,Medium,Latency,275.54,Auto generated incident log,Rolled back deployment,65
I02131,30-03-2026 18:00,Payment,West,Critical,Latency,666.49,Auto generated incident log,Optimized queries,114
I02132,30-03-2026 19:00,Payment,West,Medium,CPU,70.88,Auto generated incident log,Restarted service,81
I02133,30-03-2026 20:00,Orders,East,Medium,Throughput,818.03,Auto generated incident log,Restarted service,72
I02134,30-03-2026 21:00,Search,South,Medium,CPU,744.17,Auto generated incident log,Rolled back deployment,111
I02135,30-03-2026 22:00,Orders,South,Critical,Latency,47.77,Auto generated incident log,Rolled back deployment,51
I02136,30-03-2026 23:00,Auth,West,High,CPU,792.4,Auto generated incident log,Increased cache,102
I02137,31-03-2026 00:00,Search,West,Medium,Memory,834.5,Auto generated incident log,Increased cache,41
I02138,31-03-2026 01:00,Payment,North,High,Throughput,890.52,Auto generated incident log,Rolled back deployment,102
I02139,31-03-2026 02:00,Auth,South,Critical,Latency,56.84,Auto generated incident log,Restarted service,63
I02140,31-03-2026 03:00,Billing,East,Medium,CPU,838.22,Auto generated incident log,Rolled back deployment,115
I02141,31-03-2026 04:00,Payment,North,Low,Latency,598.27,Auto generated incident log,Optimized queries,8
I02142,31-03-2026 05:00,Search,South,Low,Latency,457.25,Auto generated incident log,Rolled back deployment,90
I02143,31-03-2026 06:00,Payment,North,Critical,ErrorRate,432.58,Auto generated incident log,Restarted service,11
I02144,31-03-2026 07:00,Billing,West,Medium,CPU,626.85,Auto generated incident log,Optimized queries,35
I02145,31-03-2026 08:00,Billing,East,High,Memory,189.21,Auto generated incident log,Rolled back deployment,85
I02146,31-03-2026 09:00,Billing,East,Medium,Latency,318.43,Auto generated incident log,Restarted service,50
I02147,31-03-2026 10:00,Orders,North,Low,CPU,936.67,Auto generated incident log,Optimized queries,6
I02148,31-03-2026 11:00,Billing,South,Medium,Latency,895.2,Auto generated incident log,Rolled back deployment,57
I02149,31-03-2026 12:00,Search,East,Critical,Throughput,761.62,Auto generated incident log,Rolled back deployment,55
I02150,31-03-2026 13:00,Payment,South,Low,Latency,397.27,Auto generated incident log,Rolled back deployment,49
I02151,31-03-2026 14:00,Payment,West,Medium,Latency,409.91,Auto generated incident log,Scaled up instances,109
I02152,31-03-2026 15:00,Auth,South,Medium,Memory,816.12,Auto generated incident log,Scaled up instances,15
I02153,31-03-2026 16:00,Orders,West,Low,Throughput,974.71,Auto generated incident log,Rolled back deployment,60
I02154,31-03-2026 17:00,Billing,South,Low,Memory,467.02,Auto generated incident log,Scaled up instances,59
I02155,31-03-2026 18:00,Payment,South,Low,Throughput,294.86,Auto generated incident log,Scaled up instances,31
I02156,31-03-2026 19:00,Billing,West,Critical,Memory,563.58,Auto generated incident log,Optimized queries,113
I02157,31-03-2026 20:00,Billing,East,Medium,Throughput,580.03,Auto generated incident log,Scaled up instances,109
I02158,31-03-2026 21:00,Payment,North,Low,ErrorRate,502.88,Auto generated incident log,Optimized queries,42
I02159,31-03-2026 22:00,Orders,North,Low,Throughput,409.46,Auto generated incident log,Increased cache,51
I02160,31-03-2026 23:00,Payment,South,Critical,Latency,236.44,Auto generated incident log,Restarted service,44
I02161,01-04-2026 00:00,Billing,North,High,CPU,786.65,Auto generated incident log,Rolled back deployment,116
I02162,01-04-2026 01:00,Auth,East,Medium,ErrorRate,861.8,Auto generated incident log,Rolled back deployment,82
I02163,01-04-2026 02:00,Payment,North,Medium,Throughput,391.45,Auto generated incident log,Rolled back deployment,8
I02164,01-04-2026 03:00,Auth,West,Low,Throughput,141.34,Auto generated incident log,Restarted service,78
I02165,01-04-2026 04:00,Orders,North,Medium,ErrorRate,495.78,Auto generated incident log,Increased cache,106
I02166,01-04-2026 05:00,Billing,East,Critical,CPU,328.36,Auto generated incident log,Scaled up instances,115
I02167,01-04-2026 06:00,Search,South,High,Throughput,347.25,Auto generated incident log,Rolled back deployment,21
I02168,01-04-2026 07:00,Payment,North,Low,Memory,829.79,Auto generated incident log,Restarted service,52
I02169,01-04-2026 08:00,Auth,North,Medium,Memory,783.53,Auto generated incident log,Restarted service,15
I02170,01-04-2026 09:00,Auth,West,Medium,CPU,86.97,Auto generated incident log,Optimized queries,64
I02171,01-04-2026 10:00,Orders,West,Medium,Throughput,568.05,Auto generated incident log,Increased cache,90
I02172,01-04-2026 11:00,Search,West,Critical,CPU,165.65,Auto generated incident log,Rolled back deployment,106
I02173,01-04-2026 12:00,Billing,South,Low,ErrorRate,187.13,Auto generated incident log,Increased cache,97
I02174,01-04-2026 13:00,Payment,South,Medium,Latency,607.97,Auto generated incident log,Restarted service,87
I02175,01-04-2026 14:00,Auth,North,High,Memory,969.4,Auto generated incident log,Increased cache,100
I02176,01-04-2026 15:00,Billing,North,Low,Memory,340.97,Auto generated incident log,Scaled up instances,10
I02177,01-04-2026 16:00,Auth,North,Medium,Throughput,539.4,Auto generated incident log,Rolled back deployment,73
I02178,01-04-2026 17:00,Auth,North,Medium,Throughput,278.43,Auto generated incident log,Scaled up instances,6
I02179,01-04-2026 18:00,Auth,East,Medium,Throughput,640.63,Auto generated incident log,Restarted service,43
I02180,01-04-2026 19:00,Billing,East,Low,ErrorRate,595.11,Auto generated incident log,Scaled up instances,43
I02181,01-04-2026 20:00,Payment,East,Low,CPU,561.59,Auto generated incident log,Scaled up instances,82
I02182,01-04-2026 21:00,Orders,West,Low,ErrorRate,570.37,Auto generated incident log,Optimized queries,77
I02183,01-04-2026 22:00,Auth,South,Medium,Latency,369.14,Auto generated incident log,Scaled up instances,62
I02184,01-04-2026 23:00,Orders,East,Low,ErrorRate,741.86,Auto generated incident log,Restarted service,115
I02185,02-04-2026 00:00,Orders,North,Critical,ErrorRate,170.44,Auto generated incident log,Rolled back deployment,113
I02186,02-04-2026 01:00,Auth,East,Low,ErrorRate,167.64,Auto generated incident log,Increased cache,117
I02187,02-04-2026 02:00,Auth,South,High,ErrorRate,532.9,Auto generated incident log,Scaled up instances,67
I02188,02-04-2026 03:00,Payment,East,Medium,Memory,39.72,Auto generated incident log,Increased cache,46
I02189,02-04-2026 04:00,Orders,North,Low,Throughput,658.68,Auto generated incident log,Optimized queries,47
I02190,02-04-2026 05:00,Orders,South,Low,Memory,327.17,Auto generated incident log,Optimized queries,35
I02191,02-04-2026 06:00,Payment,North,Low,Memory,276.15,Auto generated incident log,Rolled back deployment,44
I02192,02-04-2026 07:00,Search,East,Medium,Latency,498.23,Auto generated incident log,Optimized queries,80
I02193,02-04-2026 08:00,Orders,East,Medium,CPU,769.52,Auto generated incident log,Optimized queries,9
I02194,02-04-2026 09:00,Billing,South,Low,CPU,695.93,Auto generated incident log,Increased cache,77
I02195,02-04-2026 10:00,Payment,West,Low,Throughput,788.36,Auto generated incident log,Optimized queries,101
I02196,02-04-2026 11:00,Search,North,High,Memory,806.12,Auto generated incident log,Scaled up instances,8
I02197,02-04-2026 12:00,Auth,South,Low,ErrorRate,312.66,Auto generated incident log,Rolled back deployment,21
I02198,02-04-2026 13:00,Billing,South,Medium,Latency,938.24,Auto generated incident log,Scaled up instances,105
I02199,02-04-2026 14:00,Payment,North,Medium,CPU,61.58,Auto generated incident log,Restarted service,91
I02200,02-04-2026 15:00,Payment,West,Medium,Throughput,877.77,Auto generated incident log,Rolled back deployment,61
I02201,02-04-2026 16:00,Billing,South,Low,Throughput,485.97,Auto generated incident log,Optimized queries,103
I02202,02-04-2026 17:00,Auth,South,Low,ErrorRate,280.48,Auto generated incident log,Rolled back deployment,78
I02203,02-04-2026 18:00,Orders,North,Low,Throughput,524.48,Auto generated incident log,Rolled back deployment,86
I02204,02-04-2026 19:00,Billing,East,Critical,Latency,429.4,Auto generated incident log,Optimized queries,35
I02205,02-04-2026 20:00,Payment,East,Critical,Memory,242.19,Auto generated incident log,Scaled up instances,44
I02206,02-04-2026 21:00,Billing,South,Medium,CPU,587.4,Auto generated incident log,Optimized queries,104
I02207,02-04-2026 22:00,Search,West,High,Throughput,15.05,Auto generated incident log,Rolled back deployment,35
I02208,02-04-2026 23:00,Search,West,Medium,CPU,865.47,Auto generated incident log,Rolled back deployment,101
I02209,03-04-2026 00:00,Auth,East,Critical,Throughput,495.39,Auto generated incident log,Scaled up instances,14
I02210,03-04-2026 01:00,Auth,East,High,ErrorRate,983.6,Auto generated incident log,Scaled up instances,23
I02211,03-04-2026 02:00,Search,East,Low,Throughput,197.85,Auto generated incident log,Rolled back deployment,27
I02212,03-04-2026 03:00,Billing,West,Low,ErrorRate,362.01,Auto generated incident log,Optimized queries,20
I02213,03-04-2026 04:00,Auth,West,High,CPU,724.99,Auto generated incident log,Rolled back deployment,9
I02214,03-04-2026 05:00,Auth,South,Low,CPU,588.09,Auto generated incident log,Restarted service,42
I02215,03-04-2026 06:00,Search,West,Medium,ErrorRate,30.41,Auto generated incident log,Increased cache,91
I02216,03-04-2026 07:00,Search,East,Medium,Memory,8.56,Auto generated incident log,Scaled up instances,47
I02217,03-04-2026 08:00,Payment,East,Medium,CPU,545.93,Auto generated incident log,Rolled back deployment,11
I02218,03-04-2026 09:00,Billing,North,Low,ErrorRate,437.56,Auto generated incident log,Restarted service,27
I02219,03-04-2026 10:00,Payment,East,Low,ErrorRate,845.83,Auto generated incident log,Restarted service,44
I02220,03-04-2026 11:00,Orders,West,Low,Latency,154.24,Auto generated incident log,Increased cache,21
I02221,03-04-2026 12:00,Billing,East,Low,CPU,586.54,Auto generated incident log,Rolled back deployment,50
I02222,03-04-2026 13:00,Payment,South,Low,ErrorRate,874.18,Auto generated incident log,Optimized queries,97
I02223,03-04-2026 14:00,Auth,West,Critical,CPU,414.5,Auto generated incident log,Scaled up instances,94
I02224,03-04-2026 15:00,Billing,North,Low,Throughput,587.61,Auto generated incident log,Restarted service,96
I02225,03-04-2026 16:00,Auth,North,Low,Memory,513.71,Auto generated incident log,Rolled back deployment,99
I02226,03-04-2026 17:00,Payment,East,High,Latency,794.02,Auto generated incident log,Scaled up instances,22
I02227,03-04-2026 18:00,Search,West,Medium,CPU,26.24,Auto generated incident log,Rolled back deployment,5
I02228,03-04-2026 19:00,Auth,South,High,ErrorRate,830.79,Auto generated incident log,Restarted service,104
I02229,03-04-2026 20:00,Auth,South,High,ErrorRate,798.6,Auto generated incident log,Restarted service,87
I02230,03-04-2026 21:00,Search,South,Low,Throughput,774.04,Auto generated incident log,Restarted service,48
I02231,03-04-2026 22:00,Payment,South,Medium,CPU,958.46,Auto generated incident log,Rolled back deployment,19
I02232,03-04-2026 23:00,Payment,North,Low,Memory,124.72,Auto generated incident log,Restarted service,23
I02233,04-04-2026 00:00,Billing,East,Medium,Memory,342.26,Auto generated incident log,Restarted service,35
I02234,04-04-2026 01:00,Auth,West,High,Latency,392.03,Auto generated incident log,Restarted service,12
I02235,04-04-2026 02:00,Payment,South,Low,ErrorRate,103.84,Auto generated incident log,Restarted service,93
I02236,04-04-2026 03:00,Billing,West,Medium,Latency,80.71,Auto generated incident log,Restarted service,15
I02237,04-04-2026 04:00,Search,South,High,ErrorRate,635.88,Auto generated incident log,Increased cache,20
I02238,04-04-2026 05:00,Billing,North,High,CPU,243.78,Auto generated incident log,Optimized queries,91
I02239,04-04-2026 06:00,Billing,East,Low,CPU,299.86,Auto generated incident log,Scaled up instances,116
I02240,04-04-2026 07:00,Auth,North,High,Latency,835.84,Auto generated incident log,Restarted service,73
I02241,04-04-2026 08:00,Payment,East,Low,Throughput,400.88,Auto generated incident log,Rolled back deployment,46
I02242,04-04-2026 09:00,Auth,West,Medium,ErrorRate,984.25,Auto generated incident log,Scaled up instances,62
I02243,04-04-2026 10:00,Billing,West,Low,Memory,363.76,Auto generated incident log,Increased cache,59
I02244,04-04-2026 11:00,Orders,East,Low,Memory,592.85,Auto generated incident log,Rolled back deployment,5
I02245,04-04-2026 12:00,Search,South,High,Latency,643.76,Auto generated incident log,Scaled up instances,108
I02246,04-04-2026 13:00,Orders,North,Medium,Latency,253.97,Auto generated incident log,Optimized queries,10
I02247,04-04-2026 14:00,Auth,West,Medium,Latency,269.02,Auto generated incident log,Restarted service,94
I02248,04-04-2026 15:00,Payment,West,Low,ErrorRate,184.51,Auto generated incident log,Scaled up instances,25
I02249,04-04-2026 16:00,Orders,North,High,Latency,968.92,Auto generated incident log,Rolled back deployment,18
I02250,04-04-2026 17:00,Search,South,Low,ErrorRate,811.49,Auto generated incident log,Restarted service,23
I02251,04-04-2026 18:00,Search,East,Low,Memory,580.03,Auto generated incident log,Optimized queries,85
I02252,04-04-2026 19:00,Auth,West,Low,Latency,139.67,Auto generated incident log,Increased cache,63
I02253,04-04-2026 20:00,Search,West,Medium,CPU,508.56,Auto generated incident log,Scaled up instances,55
I02254,04-04-2026 21:00,Payment,South,Low,ErrorRate,2.74,Auto generated incident log,Optimized queries,75
I02255,04-04-2026 22:00,Orders,West,Critical,ErrorRate,722.52,Auto generated incident log,Restarted service,90
I02256,04-04-2026 23:00,Search,East,Critical,Throughput,772.9,Auto generated incident log,Restarted service,93
I02257,05-04-2026 00:00,Payment,West,Low,CPU,903.75,Auto generated incident log,Rolled back deployment,117
I02258,05-04-2026 01:00,Orders,South,Low,Latency,233.14,Auto generated incident log,Increased cache,73
I02259,05-04-2026 02:00,Search,West,Low,ErrorRate,804.77,Auto generated incident log,Optimized queries,81
I02260,05-04-2026 03:00,Auth,West,Low,Memory,734.84,Auto generated incident log,Scaled up instances,28
I02261,05-04-2026 04:00,Orders,South,High,ErrorRate,755.42,Auto generated incident log,Restarted service,57
I02262,05-04-2026 05:00,Auth,East,High,CPU,662.78,Auto generated incident log,Optimized queries,32
I02263,05-04-2026 06:00,Auth,North,Low,Memory,232.6,Auto generated incident log,Restarted service,83
I02264,05-04-2026 07:00,Search,North,High,CPU,263.01,Auto generated incident log,Rolled back deployment,28
I02265,05-04-2026 08:00,Billing,East,Low,ErrorRate,434.46,Auto generated incident log,Increased cache,52
I02266,05-04-2026 09:00,Billing,West,Low,Memory,310.44,Auto generated incident log,Rolled back deployment,40
I02267,05-04-2026 10:00,Billing,North,Low,Throughput,444.72,Auto generated incident log,Increased cache,57
I02268,05-04-2026 11:00,Orders,West,Medium,Latency,163.32,Auto generated incident log,Rolled back deployment,39
I02269,05-04-2026 12:00,Search,East,Medium,ErrorRate,821.06,Auto generated incident log,Optimized queries,83
I02270,05-04-2026 13:00,Orders,East,Critical,Throughput,308.67,Auto generated incident log,Increased cache,24
I02271,05-04-2026 14:00,Billing,West,Low,Throughput,906.07,Auto generated incident log,Optimized queries,8
I02272,05-04-2026 15:00,Search,West,Low,Throughput,988.97,Auto generated incident log,Rolled back deployment,27
I02273,05-04-2026 16:00,Payment,South,Low,Latency,631.28,Auto generated incident log,Optimized queries,87
I02274,05-04-2026 17:00,Orders,West,Low,ErrorRate,513.85,Auto generated incident log,Optimized queries,41
I02275,05-04-2026 18:00,Auth,North,Medium,ErrorRate,516.88,Auto generated incident log,Increased cache,44
I02276,05-04-2026 19:00,Auth,West,High,Throughput,57.3,Auto generated incident log,Increased cache,28
I02277,05-04-2026 20:00,Search,South,Critical,CPU,251.67,Auto generated incident log,Restarted service,61
I02278,05-04-2026 21:00,Auth,South,High,Memory,283.86,Auto generated incident log,Restarted service,119
I02279,05-04-2026 22:00,Auth,South,Low,Memory,205.25,Auto generated incident log,Rolled back deployment,116
I02280,05-04-2026 23:00,Auth,North,Critical,Memory,261.46,Auto generated incident log,Restarted service,96
I02281,06-04-2026 00:00,Auth,North,Medium,CPU,813.84,Auto generated incident log,Restarted service,89
I02282,06-04-2026 01:00,Payment,West,High,Latency,199.25,Auto generated incident log,Restarted service,52
I02283,06-04-2026 02:00,Payment,West,Low,Throughput,857.98,Auto generated incident log,Increased cache,70
I02284,06-04-2026 03:00,Payment,West,Low,Throughput,887.16,Auto generated incident log,Rolled back deployment,24
I02285,06-04-2026 04:00,Payment,South,Critical,ErrorRate,985.05,Auto generated incident log,Rolled back deployment,93
I02286,06-04-2026 05:00,Auth,West,Low,Memory,79.45,Auto generated incident log,Restarted service,68
I02287,06-04-2026 06:00,Orders,North,Medium,CPU,889.82,Auto generated incident log,Rolled back deployment,47
I02288,06-04-2026 07:00,Billing,West,High,CPU,559.88,Auto generated incident log,Rolled back deployment,95
I02289,06-04-2026 08:00,Payment,South,Low,ErrorRate,625.79,Auto generated incident log,Optimized queries,102
I02290,06-04-2026 09:00,Payment,North,Medium,ErrorRate,285.75,Auto generated incident log,Optimized queries,65
I02291,06-04-2026 10:00,Billing,West,Low,ErrorRate,918.93,Auto generated incident log,Increased cache,8
I02292,06-04-2026 11:00,Payment,South,Low,Throughput,819.49,Auto generated incident log,Rolled back deployment,104
I02293,06-04-2026 12:00,Search,North,Medium,Latency,144.08,Auto generated incident log,Scaled up instances,54
I02294,06-04-2026 13:00,Payment,North,High,Memory,927.71,Auto generated incident log,Scaled up instances,19
I02295,06-04-2026 14:00,Search,South,Critical,Memory,797.05,Auto generated incident log,Rolled back deployment,55
I02296,06-04-2026 15:00,Orders,North,Critical,CPU,859.88,Auto generated incident log,Rolled back deployment,48
I02297,06-04-2026 16:00,Payment,South,Low,Latency,586.36,Auto generated incident log,Optimized queries,94
I02298,06-04-2026 17:00,Search,East,Low,Memory,593.26,Auto generated incident log,Restarted service,43
I02299,06-04-2026 18:00,Search,East,Low,Latency,178.86,Auto generated incident log,Optimized queries,114
I02300,06-04-2026 19:00,Billing,South,High,Memory,909.51,Auto generated incident log,Increased cache,42
I02301,06-04-2026 20:00,Auth,North,High,ErrorRate,960.86,Auto generated incident log,Restarted service,95
I02302,06-04-2026 21:00,Payment,West,Low,ErrorRate,101.74,Auto generated incident log,Rolled back deployment,65
I02303,06-04-2026 22:00,Orders,West,Low,ErrorRate,923.09,Auto generated incident log,Rolled back deployment,77
I02304,06-04-2026 23:00,Orders,North,High,Latency,989.12,Auto generated incident log,Restarted service,44
I02305,07-04-2026 00:00,Orders,North,Low,Latency,674.36,Auto generated incident log,Rolled back deployment,95
I02306,07-04-2026 01:00,Search,North,Critical,CPU,959.59,Auto generated incident log,Increased cache,111
I02307,07-04-2026 02:00,Billing,West,Critical,Latency,786.02,Auto generated incident log,Scaled up instances,46
I02308,07-04-2026 03:00,Auth,West,Medium,ErrorRate,649.82,Auto generated incident log,Rolled back deployment,114
I02309,07-04-2026 04:00,Payment,East,Medium,Throughput,977.96,Auto generated incident log,Restarted service,30
I02310,07-04-2026 05:00,Auth,South,Low,Memory,297.02,Auto generated incident log,Rolled back deployment,46
I02311,07-04-2026 06:00,Orders,North,Medium,Throughput,400.63,Auto generated incident log,Rolled back deployment,8
I02312,07-04-2026 07:00,Billing,North,Low,Latency,748.77,Auto generated incident log,Scaled up instances,5
I02313,07-04-2026 08:00,Payment,West,Medium,Memory,577.57,Auto generated incident log,Rolled back deployment,96
I02314,07-04-2026 09:00,Orders,South,Medium,Throughput,656.72,Auto generated incident log,Scaled up instances,99
I02315,07-04-2026 10:00,Orders,West,Low,ErrorRate,145.09,Auto generated incident log,Optimized queries,117
I02316,07-04-2026 11:00,Billing,East,Low,Latency,707.85,Auto generated incident log,Rolled back deployment,94
I02317,07-04-2026 12:00,Billing,East,Low,Latency,830.32,Auto generated incident log,Restarted service,82
I02318,07-04-2026 13:00,Search,North,High,ErrorRate,850.08,Auto generated incident log,Increased cache,38
I02319,07-04-2026 14:00,Search,East,Low,ErrorRate,160.32,Auto generated incident log,Restarted service,24
I02320,07-04-2026 15:00,Search,West,Medium,Throughput,812.04,Auto generated incident log,Restarted service,85
I02321,07-04-2026 16:00,Payment,East,Medium,Throughput,671.08,Auto generated incident log,Optimized queries,99
I02322,07-04-2026 17:00,Payment,East,Low,Memory,318.79,Auto generated incident log,Restarted service,64
I02323,07-04-2026 18:00,Search,North,High,Throughput,508.76,Auto generated incident log,Increased cache,48
I02324,07-04-2026 19:00,Search,South,Medium,ErrorRate,466.85,Auto generated incident log,Optimized queries,111
I02325,07-04-2026 20:00,Search,South,Medium,Throughput,374.78,Auto generated incident log,Increased cache,102
I02326,07-04-2026 21:00,Auth,West,Critical,Memory,610.15,Auto generated incident log,Scaled up instances,14
I02327,07-04-2026 22:00,Billing,South,Critical,CPU,739.57,Auto generated incident log,Scaled up instances,116
I02328,07-04-2026 23:00,Payment,South,Low,ErrorRate,857.88,Auto generated incident log,Optimized queries,78
I02329,08-04-2026 00:00,Orders,North,Medium,CPU,389.75,Auto generated incident log,Optimized queries,98
I02330,08-04-2026 01:00,Billing,North,Medium,ErrorRate,885.81,Auto generated incident log,Restarted service,12
I02331,08-04-2026 02:00,Orders,South,Low,Throughput,955.61,Auto generated incident log,Optimized queries,89
I02332,08-04-2026 03:00,Auth,North,Low,CPU,302.15,Auto generated incident log,Scaled up instances,45
I02333,08-04-2026 04:00,Billing,North,High,ErrorRate,460.95,Auto generated incident log,Optimized queries,18
I02334,08-04-2026 05:00,Billing,South,Critical,ErrorRate,403.98,Auto generated incident log,Rolled back deployment,37
I02335,08-04-2026 06:00,Search,North,Low,Throughput,254.12,Auto generated incident log,Rolled back deployment,8
I02336,08-04-2026 07:00,Payment,South,High,Memory,285.51,Auto generated incident log,Scaled up instances,39
I02337,08-04-2026 08:00,Auth,East,Low,ErrorRate,701.4,Auto generated incident log,Optimized queries,23
I02338,08-04-2026 09:00,Search,South,Medium,Latency,484.51,Auto generated incident log,Optimized queries,5
I02339,08-04-2026 10:00,Payment,South,Low,Latency,398.53,Auto generated incident log,Rolled back deployment,13
I02340,08-04-2026 11:00,Orders,West,Critical,ErrorRate,11.68,Auto generated incident log,Scaled up instances,108
I02341,08-04-2026 12:00,Orders,West,High,CPU,782.93,Auto generated incident log,Scaled up instances,6
I02342,08-04-2026 13:00,Search,South,Low,ErrorRate,437.79,Auto generated incident log,Scaled up instances,71
I02343,08-04-2026 14:00,Orders,South,Medium,Latency,18.96,Auto generated incident log,Increased cache,92
I02344,08-04-2026 15:00,Search,East,Critical,CPU,200.45,Auto generated incident log,Scaled up instances,10
I02345,08-04-2026 16:00,Orders,South,Low,ErrorRate,115,Auto generated incident log,Restarted service,112
I02346,08-04-2026 17:00,Auth,East,Low,Throughput,574.71,Auto generated incident log,Optimized queries,35
I02347,08-04-2026 18:00,Payment,North,Low,Latency,98.06,Auto generated incident log,Optimized queries,86
I02348,08-04-2026 19:00,Orders,South,Medium,ErrorRate,304.6,Auto generated incident log,Rolled back deployment,100
I02349,08-04-2026 20:00,Billing,South,High,Throughput,676.31,Auto generated incident log,Rolled back deployment,37
I02350,08-04-2026 21:00,Orders,South,Low,Latency,117.32,Auto generated incident log,Increased cache,44
I02351,08-04-2026 22:00,Orders,South,Low,Memory,109.87,Auto generated incident log,Increased cache,81
I02352,08-04-2026 23:00,Search,South,Low,Latency,57.24,Auto generated incident log,Restarted service,89
I02353,09-04-2026 00:00,Billing,East,Medium,CPU,985.45,Auto generated incident log,Rolled back deployment,28
I02354,09-04-2026 01:00,Billing,South,High,Throughput,423.57,Auto generated incident log,Optimized queries,60
I02355,09-04-2026 02:00,Search,North,Medium,CPU,283.33,Auto generated incident log,Increased cache,70
I02356,09-04-2026 03:00,Orders,West,Low,CPU,491.77,Auto generated incident log,Restarted service,94
I02357,09-04-2026 04:00,Auth,South,Critical,CPU,397.48,Auto generated incident log,Scaled up instances,24
I02358,09-04-2026 05:00,Billing,North,Low,Memory,753.12,Auto generated incident log,Rolled back deployment,53
I02359,09-04-2026 06:00,Billing,North,Medium,ErrorRate,870.25,Auto generated incident log,Restarted service,16
I02360,09-04-2026 07:00,Auth,West,Critical,Latency,885.73,Auto generated incident log,Increased cache,66
I02361,09-04-2026 08:00,Auth,North,Critical,Memory,753.41,Auto generated incident log,Optimized queries,103
I02362,09-04-2026 09:00,Payment,South,High,Throughput,252.72,Auto generated incident log,Increased cache,6
I02363,09-04-2026 10:00,Orders,North,Low,Throughput,695.67,Auto generated incident log,Rolled back deployment,81
I02364,09-04-2026 11:00,Orders,North,Critical,Latency,211.71,Auto generated incident log,Scaled up instances,37
I02365,09-04-2026 12:00,Search,East,Low,Throughput,683.28,Auto generated incident log,Optimized queries,6
I02366,09-04-2026 13:00,Orders,East,Medium,ErrorRate,152.52,Auto generated incident log,Rolled back deployment,85
I02367,09-04-2026 14:00,Auth,East,Low,CPU,899.22,Auto generated incident log,Scaled up instances,24
I02368,09-04-2026 15:00,Search,North,Medium,Latency,518.46,Auto generated incident log,Increased cache,72
I02369,09-04-2026 16:00,Search,South,Medium,CPU,625.86,Auto generated incident log,Optimized queries,40
I02370,09-04-2026 17:00,Orders,West,Low,ErrorRate,135.94,Auto generated incident log,Scaled up instances,35
I02371,09-04-2026 18:00,Billing,West,Low,ErrorRate,936.22,Auto generated incident log,Optimized queries,90
I02372,09-04-2026 19:00,Auth,North,Low,Throughput,677.06,Auto generated incident log,Scaled up instances,93
I02373,09-04-2026 20:00,Auth,West,Low,Memory,592.94,Auto generated incident log,Increased cache,23
I02374,09-04-2026 21:00,Auth,East,Low,Throughput,938.03,Auto generated incident log,Restarted service,85
I02375,09-04-2026 22:00,Billing,West,Medium,CPU,755.8,Auto generated incident log,Scaled up instances,40
I02376,09-04-2026 23:00,Search,South,High,Latency,887.05,Auto generated incident log,Rolled back deployment,50
I02377,10-04-2026 00:00,Auth,South,Low,Throughput,424.93,Auto generated incident log,Restarted service,30
I02378,10-04-2026 01:00,Orders,South,Low,CPU,789.87,Auto generated incident log,Optimized queries,31
I02379,10-04-2026 02:00,Auth,South,Critical,CPU,548.07,Auto generated incident log,Scaled up instances,110
I02380,10-04-2026 03:00,Orders,East,Low,ErrorRate,571.87,Auto generated incident log,Scaled up instances,59
I02381,10-04-2026 04:00,Billing,West,Medium,Latency,818.68,Auto generated incident log,Rolled back deployment,91
I02382,10-04-2026 05:00,Search,North,Critical,Memory,834.62,Auto generated incident log,Rolled back deployment,47
I02383,10-04-2026 06:00,Auth,South,Medium,Memory,367.88,Auto generated incident log,Rolled back deployment,38
I02384,10-04-2026 07:00,Auth,East,Low,CPU,241.22,Auto generated incident log,Restarted service,47
I02385,10-04-2026 08:00,Orders,North,Low,CPU,197.68,Auto generated incident log,Restarted service,13
I02386,10-04-2026 09:00,Billing,South,High,CPU,30.19,Auto generated incident log,Rolled back deployment,11
I02387,10-04-2026 10:00,Search,West,High,Latency,562.54,Auto generated incident log,Rolled back deployment,74
I02388,10-04-2026 11:00,Payment,West,Medium,Latency,696.53,Auto generated incident log,Optimized queries,94
I02389,10-04-2026 12:00,Auth,East,Low,Throughput,562.4,Auto generated incident log,Increased cache,106
I02390,10-04-2026 13:00,Payment,South,Medium,Memory,847.18,Auto generated incident log,Rolled back deployment,68
I02391,10-04-2026 14:00,Payment,South,Low,ErrorRate,494.38,Auto generated incident log,Rolled back deployment,21
I02392,10-04-2026 15:00,Search,East,Medium,Throughput,825.7,Auto generated incident log,Increased cache,72
I02393,10-04-2026 16:00,Orders,South,Medium,Throughput,720.96,Auto generated incident log,Scaled up instances,65
I02394,10-04-2026 17:00,Payment,North,High,ErrorRate,91.37,Auto generated incident log,Increased cache,102
I02395,10-04-2026 18:00,Auth,East,Medium,Memory,215.84,Auto generated incident log,Optimized queries,65
I02396,10-04-2026 19:00,Orders,South,Low,Memory,617.86,Auto generated incident log,Optimized queries,117
I02397,10-04-2026 20:00,Search,West,High,Latency,110.41,Auto generated incident log,Scaled up instances,106
I02398,10-04-2026 21:00,Payment,West,Low,Memory,968.83,Auto generated incident log,Optimized queries,17
I02399,10-04-2026 22:00,Orders,West,Low,CPU,848.38,Auto generated incident log,Rolled back deployment,119
I02400,10-04-2026 23:00,Auth,West,Medium,Memory,554.21,Auto generated incident log,Optimized queries,67
I02401,11-04-2026 00:00,Orders,West,High,Latency,422.04,Auto generated incident log,Restarted service,7
I02402,11-04-2026 01:00,Search,West,Critical,CPU,685.1,Auto generated incident log,Scaled up instances,90
I02403,11-04-2026 02:00,Orders,West,Low,CPU,486.65,Auto generated incident log,Restarted service,30
I02404,11-04-2026 03:00,Auth,West,High,Latency,850.11,Auto generated incident log,Scaled up instances,101
I02405,11-04-2026 04:00,Billing,South,Critical,ErrorRate,223,Auto generated incident log,Increased cache,79
I02406,11-04-2026 05:00,Billing,East,High,Memory,958.04,Auto generated incident log,Rolled back deployment,8
I02407,11-04-2026 06:00,Search,South,Low,CPU,674.41,Auto generated incident log,Optimized queries,71
I02408,11-04-2026 07:00,Payment,South,Medium,Memory,248.99,Auto generated incident log,Scaled up instances,75
I02409,11-04-2026 08:00,Auth,East,Low,Throughput,768.53,Auto generated incident log,Scaled up instances,30
I02410,11-04-2026 09:00,Payment,South,Medium,CPU,563.27,Auto generated incident log,Restarted service,96
I02411,11-04-2026 10:00,Auth,East,Medium,Throughput,612.3,Auto generated incident log,Rolled back deployment,70
I02412,11-04-2026 11:00,Auth,East,Medium,Memory,888.96,Auto generated incident log,Scaled up instances,60
I02413,11-04-2026 12:00,Payment,East,Critical,Latency,452.98,Auto generated incident log,Restarted service,38
I02414,11-04-2026 13:00,Orders,North,Medium,Latency,717.09,Auto generated incident log,Optimized queries,19
I02415,11-04-2026 14:00,Payment,North,Low,Memory,361.83,Auto generated incident log,Restarted service,110
I02416,11-04-2026 15:00,Auth,East,Medium,CPU,917.97,Auto generated incident log,Scaled up instances,89
I02417,11-04-2026 16:00,Payment,East,Low,Memory,854.71,Auto generated incident log,Optimized queries,22
I02418,11-04-2026 17:00,Orders,East,Low,ErrorRate,939.22,Auto generated incident log,Rolled back deployment,65
I02419,11-04-2026 18:00,Payment,West,High,Memory,230.07,Auto generated incident log,Increased cache,32
I02420,11-04-2026 19:00,Orders,East,High,CPU,17.81,Auto generated incident log,Scaled up instances,28
I02421,11-04-2026 20:00,Orders,North,Low,Throughput,213.97,Auto generated incident log,Restarted service,86
I02422,11-04-2026 21:00,Payment,East,Medium,Memory,375.33,Auto generated incident log,Scaled up instances,67
I02423,11-04-2026 22:00,Orders,East,Medium,ErrorRate,594.76,Auto generated incident log,Scaled up instances,56
I02424,11-04-2026 23:00,Payment,West,Medium,CPU,94.75,Auto generated incident log,Optimized queries,64
I02425,12-04-2026 00:00,Auth,West,Low,Throughput,474.23,Auto generated incident log,Restarted service,46
I02426,12-04-2026 01:00,Payment,West,Critical,ErrorRate,395.39,Auto generated incident log,Increased cache,45
I02427,12-04-2026 02:00,Orders,South,Critical,CPU,271.47,Auto generated incident log,Rolled back deployment,37
I02428,12-04-2026 03:00,Payment,South,Critical,Memory,411.12,Auto generated incident log,Restarted service,67
I02429,12-04-2026 04:00,Payment,West,Medium,CPU,4.75,Auto generated incident log,Increased cache,98
I02430,12-04-2026 05:00,Payment,South,Low,Latency,244.39,Auto generated incident log,Scaled up instances,102
I02431,12-04-2026 06:00,Billing,West,High,Memory,357.18,Auto generated incident log,Scaled up instances,118
I02432,12-04-2026 07:00,Payment,West,Critical,ErrorRate,130.19,Auto generated incident log,Restarted service,65
I02433,12-04-2026 08:00,Billing,South,Low,ErrorRate,348.08,Auto generated incident log,Optimized queries,91
I02434,12-04-2026 09:00,Search,South,Low,Throughput,811.87,Auto generated incident log,Restarted service,6
I02435,12-04-2026 10:00,Search,East,Medium,ErrorRate,72.78,Auto generated incident log,Scaled up instances,78
I02436,12-04-2026 11:00,Payment,East,Low,Memory,677.63,Auto generated incident log,Increased cache,96
I02437,12-04-2026 12:00,Payment,West,Medium,ErrorRate,939.04,Auto generated incident log,Optimized queries,35
I02438,12-04-2026 13:00,Search,South,Medium,Memory,556.42,Auto generated incident log,Increased cache,80
I02439,12-04-2026 14:00,Billing,North,High,CPU,156.57,Auto generated incident log,Increased cache,57
I02440,12-04-2026 15:00,Auth,South,Low,Latency,720.71,Auto generated incident log,Scaled up instances,11
I02441,12-04-2026 16:00,Payment,West,Low,ErrorRate,645.14,Auto generated incident log,Rolled back deployment,24
I02442,12-04-2026 17:00,Search,West,Medium,CPU,371.43,Auto generated incident log,Restarted service,97
I02443,12-04-2026 18:00,Search,South,Medium,Latency,483.38,Auto generated incident log,Rolled back deployment,14
I02444,12-04-2026 19:00,Search,South,Medium,Memory,922.43,Auto generated incident log,Scaled up instances,46
I02445,12-04-2026 20:00,Search,East,Low,CPU,846.41,Auto generated incident log,Rolled back deployment,112
I02446,12-04-2026 21:00,Auth,South,Medium,ErrorRate,993.89,Auto generated incident log,Optimized queries,66
I02447,12-04-2026 22:00,Payment,South,Critical,ErrorRate,600.07,Auto generated incident log,Optimized queries,101
I02448,12-04-2026 23:00,Billing,North,Low,CPU,77.97,Auto generated incident log,Rolled back deployment,94
I02449,13-04-2026 00:00,Search,South,Low,Memory,62.77,Auto generated incident log,Increased cache,7
I02450,13-04-2026 01:00,Billing,West,Low,Memory,851.86,Auto generated incident log,Scaled up instances,84
I02451,13-04-2026 02:00,Payment,South,High,CPU,177.18,Auto generated incident log,Restarted service,77
I02452,13-04-2026 03:00,Payment,East,Low,ErrorRate,315.91,Auto generated incident log,Restarted service,11
I02453,13-04-2026 04:00,Payment,East,Low,Memory,733.17,Auto generated incident log,Scaled up instances,48
I02454,13-04-2026 05:00,Orders,West,High,Throughput,233.44,Auto generated incident log,Restarted service,63
I02455,13-04-2026 06:00,Auth,South,Critical,CPU,497.08,Auto generated incident log,Scaled up instances,16
I02456,13-04-2026 07:00,Search,North,Medium,CPU,708.84,Auto generated incident log,Scaled up instances,68
I02457,13-04-2026 08:00,Orders,East,Low,Memory,959.1,Auto generated incident log,Rolled back deployment,10
I02458,13-04-2026 09:00,Payment,West,Medium,Memory,373.26,Auto generated incident log,Rolled back deployment,87
I02459,13-04-2026 10:00,Payment,West,Low,ErrorRate,914.65,Auto generated incident log,Scaled up instances,24
I02460,13-04-2026 11:00,Search,West,Medium,CPU,578.44,Auto generated incident log,Optimized queries,7
I02461,13-04-2026 12:00,Auth,North,Medium,ErrorRate,659.99,Auto generated incident log,Optimized queries,24
I02462,13-04-2026 13:00,Search,West,Medium,CPU,957.22,Auto generated incident log,Rolled back deployment,42
I02463,13-04-2026 14:00,Orders,West,High,Memory,692.36,Auto generated incident log,Scaled up instances,111
I02464,13-04-2026 15:00,Auth,East,Medium,ErrorRate,184.9,Auto generated incident log,Restarted service,45
I02465,13-04-2026 16:00,Orders,North,High,CPU,475.17,Auto generated incident log,Optimized queries,10
I02466,13-04-2026 17:00,Payment,North,Low,Throughput,273.03,Auto generated incident log,Rolled back deployment,109
I02467,13-04-2026 18:00,Billing,East,Low,ErrorRate,592.36,Auto generated incident log,Increased cache,24
I02468,13-04-2026 19:00,Payment,West,Low,ErrorRate,385.64,Auto generated incident log,Restarted service,119
I02469,13-04-2026 20:00,Search,West,Low,Latency,755.26,Auto generated incident log,Optimized queries,118
I02470,13-04-2026 21:00,Orders,West,Medium,CPU,68.74,Auto generated incident log,Rolled back deployment,78
I02471,13-04-2026 22:00,Billing,North,Low,ErrorRate,208.85,Auto generated incident log,Optimized queries,100
I02472,13-04-2026 23:00,Payment,South,Low,ErrorRate,231.71,Auto generated incident log,Restarted service,46
I02473,14-04-2026 00:00,Auth,West,Low,Latency,718.61,Auto generated incident log,Optimized queries,71
I02474,14-04-2026 01:00,Search,East,Low,Memory,505.62,Auto generated incident log,Increased cache,43
I02475,14-04-2026 02:00,Payment,South,Low,Throughput,507.98,Auto generated incident log,Increased cache,88
I02476,14-04-2026 03:00,Billing,East,Low,Latency,334.31,Auto generated incident log,Scaled up instances,9
I02477,14-04-2026 04:00,Orders,West,Low,Memory,637.54,Auto generated incident log,Increased cache,48
I02478,14-04-2026 05:00,Search,South,Medium,Throughput,876.09,Auto generated incident log,Optimized queries,54
I02479,14-04-2026 06:00,Orders,East,High,Memory,701.74,Auto generated incident log,Rolled back deployment,47
I02480,14-04-2026 07:00,Search,North,Low,ErrorRate,493.09,Auto generated incident log,Increased cache,47
I02481,14-04-2026 08:00,Search,East,Critical,Latency,197.42,Auto generated incident log,Scaled up instances,116
I02482,14-04-2026 09:00,Billing,South,Medium,Latency,623.33,Auto generated incident log,Restarted service,101
I02483,14-04-2026 10:00,Orders,West,High,ErrorRate,114.69,Auto generated incident log,Optimized queries,32
I02484,14-04-2026 11:00,Payment,South,Critical,Memory,481.44,Auto generated incident log,Optimized queries,36
I02485,14-04-2026 12:00,Search,North,High,Latency,293.05,Auto generated incident log,Scaled up instances,58
I02486,14-04-2026 13:00,Orders,South,High,CPU,911.89,Auto generated incident log,Optimized queries,60
I02487,14-04-2026 14:00,Auth,North,Low,CPU,649.2,Auto generated incident log,Increased cache,30
I02488,14-04-2026 15:00,Billing,North,Low,ErrorRate,855.71,Auto generated incident log,Increased cache,21
I02489,14-04-2026 16:00,Payment,South,Low,Latency,212.75,Auto generated incident log,Scaled up instances,77
I02490,14-04-2026 17:00,Search,South,Low,Latency,67.14,Auto generated incident log,Optimized queries,37
I02491,14-04-2026 18:00,Search,West,Medium,ErrorRate,836.92,Auto generated incident log,Scaled up instances,113
I02492,14-04-2026 19:00,Search,North,Low,CPU,550.67,Auto generated incident log,Increased cache,47
I02493,14-04-2026 20:00,Billing,West,Low,ErrorRate,720.64,Auto generated incident log,Increased cache,32
I02494,14-04-2026 21:00,Search,West,Low,CPU,444.52,Auto generated incident log,Rolled back deployment,24
I02495,14-04-2026 22:00,Payment,West,Low,CPU,554.21,Auto generated incident log,Restarted service,15
I02496,14-04-2026 23:00,Search,East,Medium,CPU,503,Auto generated incident log,Rolled back deployment,115
I02497,15-04-2026 00:00,Payment,South,Low,CPU,553,Auto generated incident log,Restarted service,78
I02498,15-04-2026 01:00,Auth,East,Low,ErrorRate,477.79,Auto generated incident log,Restarted service,111
I02499,15-04-2026 02:00,Payment,West,Low,Memory,105.43,Auto generated incident log,Increased cache,14
I02500,15-04-2026 03:00,Payment,South,High,Memory,633.17,Auto generated incident log,Rolled back deployment,41
I02501,15-04-2026 04:00,Auth,North,High,ErrorRate,634.46,Auto generated incident log,Scaled up instances,24
I02502,15-04-2026 05:00,Billing,North,Critical,Latency,381.52,Auto generated incident log,Scaled up instances,93
I02503,15-04-2026 06:00,Search,East,Medium,CPU,668.16,Auto generated incident log,Increased cache,43
I02504,15-04-2026 07:00,Billing,East,Low,Latency,507.6,Auto generated incident log,Rolled back deployment,53
I02505,15-04-2026 08:00,Billing,West,Low,Latency,974.53,Auto generated incident log,Increased cache,94
I02506,15-04-2026 09:00,Billing,East,Medium,Memory,826.86,Auto generated incident log,Rolled back deployment,12
I02507,15-04-2026 10:00,Payment,South,Critical,CPU,979.19,Auto generated incident log,Scaled up instances,90
I02508,15-04-2026 11:00,Payment,West,Medium,Latency,955.98,Auto generated incident log,Restarted service,109
I02509,15-04-2026 12:00,Auth,East,Low,ErrorRate,374.97,Auto generated incident log,Increased cache,26
I02510,15-04-2026 13:00,Search,North,Medium,Throughput,92.83,Auto generated incident log,Scaled up instances,10
I02511,15-04-2026 14:00,Orders,South,Medium,Throughput,18.29,Auto generated incident log,Rolled back deployment,87
I02512,15-04-2026 15:00,Search,West,High,Throughput,908.92,Auto generated incident log,Rolled back deployment,55
I02513,15-04-2026 16:00,Payment,South,Low,ErrorRate,800.14,Auto generated incident log,Scaled up instances,70
I02514,15-04-2026 17:00,Payment,South,Low,Throughput,791.56,Auto generated incident log,Scaled up instances,12
I02515,15-04-2026 18:00,Payment,West,High,Throughput,30.18,Auto generated incident log,Optimized queries,69
I02516,15-04-2026 19:00,Billing,East,Critical,ErrorRate,930.75,Auto generated incident log,Optimized queries,87
I02517,15-04-2026 20:00,Search,East,High,Throughput,155.26,Auto generated incident log,Rolled back deployment,48
I02518,15-04-2026 21:00,Search,South,Medium,Memory,102.23,Auto generated incident log,Optimized queries,30
I02519,15-04-2026 22:00,Orders,South,High,Memory,274.36,Auto generated incident log,Increased cache,49
I02520,15-04-2026 23:00,Search,North,Low,Throughput,131.7,Auto generated incident log,Rolled back deployment,23
I02521,16-04-2026 00:00,Billing,East,Low,ErrorRate,979,Auto generated incident log,Optimized queries,32
I02522,16-04-2026 01:00,Auth,North,Medium,Throughput,276.18,Auto generated incident log,Scaled up instances,32
I02523,16-04-2026 02:00,Payment,East,Low,ErrorRate,152.64,Auto generated incident log,Scaled up instances,43
I02524,16-04-2026 03:00,Search,West,Medium,Throughput,623.23,Auto generated incident log,Rolled back deployment,64
I02525,16-04-2026 04:00,Search,East,Critical,ErrorRate,441.95,Auto generated incident log,Optimized queries,95
I02526,16-04-2026 05:00,Auth,West,Medium,ErrorRate,564.16,Auto generated incident log,Increased cache,93
I02527,16-04-2026 06:00,Orders,South,High,CPU,485.82,Auto generated incident log,Rolled back deployment,96
I02528,16-04-2026 07:00,Orders,North,Critical,Memory,367.17,Auto generated incident log,Rolled back deployment,86
I02529,16-04-2026 08:00,Search,North,High,Memory,791.91,Auto generated incident log,Optimized queries,115
I02530,16-04-2026 09:00,Payment,East,Medium,CPU,956.28,Auto generated incident log,Increased cache,77
I02531,16-04-2026 10:00,Auth,East,High,Memory,276.32,Auto generated incident log,Optimized queries,72
I02532,16-04-2026 11:00,Billing,North,Critical,Latency,395.16,Auto generated incident log,Rolled back deployment,104
I02533,16-04-2026 12:00,Auth,North,Medium,CPU,446.31,Auto generated incident log,Optimized queries,22
I02534,16-04-2026 13:00,Billing,East,High,Latency,529.14,Auto generated incident log,Scaled up instances,70
I02535,16-04-2026 14:00,Orders,East,Low,Latency,440.34,Auto generated incident log,Rolled back deployment,101
I02536,16-04-2026 15:00,Payment,East,High,Throughput,974.88,Auto generated incident log,Restarted service,90
I02537,16-04-2026 16:00,Orders,West,Critical,Memory,547.27,Auto generated incident log,Scaled up instances,5
I02538,16-04-2026 17:00,Search,South,Low,Memory,21.48,Auto generated incident log,Increased cache,59
I02539,16-04-2026 18:00,Search,North,Critical,Memory,911.3,Auto generated incident log,Rolled back deployment,74
I02540,16-04-2026 19:00,Search,East,High,Memory,861.78,Auto generated incident log,Restarted service,109
I02541,16-04-2026 20:00,Orders,South,Low,CPU,161.9,Auto generated incident log,Scaled up instances,113
I02542,16-04-2026 21:00,Auth,East,Low,Latency,587.45,Auto generated incident log,Scaled up instances,86
I02543,16-04-2026 22:00,Orders,South,Medium,ErrorRate,792.02,Auto generated incident log,Scaled up instances,66
I02544,16-04-2026 23:00,Orders,North,Low,Throughput,172.84,Auto generated incident log,Increased cache,76
I02545,17-04-2026 00:00,Billing,West,High,Memory,512.88,Auto generated incident log,Rolled back deployment,59
I02546,17-04-2026 01:00,Search,South,Medium,ErrorRate,877.11,Auto generated incident log,Scaled up instances,62
I02547,17-04-2026 02:00,Auth,West,Low,Memory,668.1,Auto generated incident log,Optimized queries,92
I02548,17-04-2026 03:00,Search,South,Low,Latency,707.71,Auto generated incident log,Increased cache,37
I02549,17-04-2026 04:00,Payment,South,Medium,Throughput,161.39,Auto generated incident log,Increased cache,98
I02550,17-04-2026 05:00,Auth,West,Medium,Latency,2.83,Auto generated incident log,Scaled up instances,98
I02551,17-04-2026 06:00,Search,East,Low,Throughput,5.66,Auto generated incident log,Rolled back deployment,117
I02552,17-04-2026 07:00,Auth,North,Low,Memory,690.21,Auto generated incident log,Rolled back deployment,62
I02553,17-04-2026 08:00,Payment,North,Low,CPU,120.34,Auto generated incident log,Increased cache,77
I02554,17-04-2026 09:00,Payment,West,Critical,Latency,457.33,Auto generated incident log,Increased cache,101
I02555,17-04-2026 10:00,Billing,East,High,Memory,630.64,Auto generated incident log,Scaled up instances,32
I02556,17-04-2026 11:00,Search,South,High,Memory,954.44,Auto generated incident log,Rolled back deployment,69
I02557,17-04-2026 12:00,Orders,North,Low,ErrorRate,297.77,Auto generated incident log,Rolled back deployment,99
I02558,17-04-2026 13:00,Search,North,Low,Latency,966.31,Auto generated incident log,Restarted service,95
I02559,17-04-2026 14:00,Payment,East,Low,CPU,385.95,Auto generated incident log,Rolled back deployment,96
I02560,17-04-2026 15:00,Payment,West,High,Latency,652.53,Auto generated incident log,Scaled up instances,51
I02561,17-04-2026 16:00,Billing,East,Low,Memory,737.78,Auto generated incident log,Restarted service,113
I02562,17-04-2026 17:00,Auth,South,Low,CPU,936.96,Auto generated incident log,Scaled up instances,61
I02563,17-04-2026 18:00,Auth,South,Medium,ErrorRate,907.32,Auto generated incident log,Increased cache,33
I02564,17-04-2026 19:00,Payment,East,High,Memory,200.3,Auto generated incident log,Increased cache,42
I02565,17-04-2026 20:00,Auth,North,Critical,Latency,564.19,Auto generated incident log,Optimized queries,26
I02566,17-04-2026 21:00,Orders,North,Medium,ErrorRate,495.83,Auto generated incident log,Scaled up instances,5
I02567,17-04-2026 22:00,Billing,South,High,Latency,149.3,Auto generated incident log,Scaled up instances,17
I02568,17-04-2026 23:00,Auth,East,Low,Latency,731.44,Auto generated incident log,Optimized queries,104
I02569,18-04-2026 00:00,Orders,South,Low,Latency,234.31,Auto generated incident log,Restarted service,56
I02570,18-04-2026 01:00,Search,West,Low,Latency,191.09,Auto generated incident log,Scaled up instances,19
I02571,18-04-2026 02:00,Billing,South,Medium,Throughput,138.72,Auto generated incident log,Optimized queries,97
I02572,18-04-2026 03:00,Auth,South,Low,Latency,290.27,Auto generated incident log,Increased cache,85
I02573,18-04-2026 04:00,Auth,South,Medium,ErrorRate,312.51,Auto generated incident log,Increased cache,86
I02574,18-04-2026 05:00,Auth,West,Low,ErrorRate,0.25,Auto generated incident log,Rolled back deployment,67
I02575,18-04-2026 06:00,Auth,South,Low,Latency,345.89,Auto generated incident log,Rolled back deployment,52
I02576,18-04-2026 07:00,Search,East,Medium,Latency,960.37,Auto generated incident log,Rolled back deployment,98
I02577,18-04-2026 08:00,Auth,North,Medium,Throughput,589.27,Auto generated incident log,Rolled back deployment,42
I02578,18-04-2026 09:00,Payment,West,Low,CPU,888.49,Auto generated incident log,Scaled up instances,87
I02579,18-04-2026 10:00,Orders,South,Medium,CPU,256.81,Auto generated incident log,Scaled up instances,86
I02580,18-04-2026 11:00,Billing,West,Critical,Memory,0.19,Auto generated incident log,Optimized queries,80
I02581,18-04-2026 12:00,Billing,East,Medium,Memory,259.67,Auto generated incident log,Scaled up instances,49
I02582,18-04-2026 13:00,Payment,South,Low,Throughput,284.77,Auto generated incident log,Optimized queries,13
I02583,18-04-2026 14:00,Orders,North,Low,ErrorRate,570.05,Auto generated incident log,Rolled back deployment,29
I02584,18-04-2026 15:00,Auth,South,Low,Memory,611.67,Auto generated incident log,Increased cache,32
I02585,18-04-2026 16:00,Orders,North,High,Memory,172.89,Auto generated incident log,Rolled back deployment,117
I02586,18-04-2026 17:00,Payment,East,Medium,Throughput,48.72,Auto generated incident log,Increased cache,117
I02587,18-04-2026 18:00,Orders,South,Low,CPU,136,Auto generated incident log,Scaled up instances,68
I02588,18-04-2026 19:00,Payment,West,Medium,CPU,339.72,Auto generated incident log,Restarted service,92
I02589,18-04-2026 20:00,Auth,West,High,Throughput,656.29,Auto generated incident log,Increased cache,97
I02590,18-04-2026 21:00,Payment,South,Low,Memory,284.59,Auto generated incident log,Rolled back deployment,114
I02591,18-04-2026 22:00,Search,North,Critical,Throughput,679.87,Auto generated incident log,Optimized queries,28
I02592,18-04-2026 23:00,Auth,South,Medium,Memory,500.62,Auto generated incident log,Rolled back deployment,46
I02593,19-04-2026 00:00,Orders,East,Low,Memory,494.17,Auto generated incident log,Increased cache,52
I02594,19-04-2026 01:00,Payment,North,Critical,Latency,458.07,Auto generated incident log,Restarted service,21
I02595,19-04-2026 02:00,Search,East,Medium,Memory,52.84,Auto generated incident log,Scaled up instances,48
I02596,19-04-2026 03:00,Search,South,Low,Latency,477.14,Auto generated incident log,Rolled back deployment,86
I02597,19-04-2026 04:00,Billing,West,Low,Throughput,920.66,Auto generated incident log,Increased cache,72
I02598,19-04-2026 05:00,Payment,North,High,ErrorRate,786.68,Auto generated incident log,Optimized queries,74
I02599,19-04-2026 06:00,Billing,North,Low,Memory,110.05,Auto generated incident log,Optimized queries,65
I02600,19-04-2026 07:00,Auth,West,Critical,Latency,313.79,Auto generated incident log,Increased cache,35
I02601,19-04-2026 08:00,Auth,West,Low,Memory,875.77,Auto generated incident log,Restarted service,38
I02602,19-04-2026 09:00,Search,North,Low,Memory,241.84,Auto generated incident log,Optimized queries,19
I02603,19-04-2026 10:00,Orders,South,Medium,Throughput,291.63,Auto generated incident log,Optimized queries,81
I02604,19-04-2026 11:00,Payment,North,High,ErrorRate,410.05,Auto generated incident log,Scaled up instances,76
I02605,19-04-2026 12:00,Payment,East,Low,ErrorRate,666.64,Auto generated incident log,Scaled up instances,78
I02606,19-04-2026 13:00,Auth,West,Medium,Memory,147.63,Auto generated incident log,Increased cache,55
I02607,19-04-2026 14:00,Auth,West,High,Memory,509.32,Auto generated incident log,Rolled back deployment,43
I02608,19-04-2026 15:00,Payment,North,High,ErrorRate,126.66,Auto generated incident log,Increased cache,66
I02609,19-04-2026 16:00,Orders,East,Critical,ErrorRate,819.77,Auto generated incident log,Optimized queries,66
I02610,19-04-2026 17:00,Orders,North,High,Memory,579.13,Auto generated incident log,Optimized queries,5
I02611,19-04-2026 18:00,Orders,South,Medium,Memory,941.93,Auto generated incident log,Restarted service,107
I02612,19-04-2026 19:00,Payment,South,Medium,Latency,301.81,Auto generated incident log,Rolled back deployment,67
I02613,19-04-2026 20:00,Search,East,Medium,Latency,316.47,Auto generated incident log,Optimized queries,65
I02614,19-04-2026 21:00,Orders,East,Medium,Memory,717.43,Auto generated incident log,Rolled back deployment,106
I02615,19-04-2026 22:00,Orders,North,Critical,ErrorRate,199.85,Auto generated incident log,Rolled back deployment,70
I02616,19-04-2026 23:00,Search,West,High,Throughput,854.1,Auto generated incident log,Restarted service,42
I02617,20-04-2026 00:00,Orders,North,Low,Throughput,397.68,Auto generated incident log,Restarted service,72
I02618,20-04-2026 01:00,Orders,North,Critical,Latency,218.66,Auto generated incident log,Rolled back deployment,35
I02619,20-04-2026 02:00,Auth,West,Low,Latency,314.61,Auto generated incident log,Optimized queries,47
I02620,20-04-2026 03:00,Search,East,Low,Latency,955.54,Auto generated incident log,Restarted service,66
I02621,20-04-2026 04:00,Billing,West,Low,Latency,657.71,Auto generated incident log,Restarted service,47
I02622,20-04-2026 05:00,Billing,South,Low,CPU,642.67,Auto generated incident log,Increased cache,20
I02623,20-04-2026 06:00,Orders,East,Low,Latency,984.19,Auto generated incident log,Restarted service,106
I02624,20-04-2026 07:00,Billing,North,Critical,CPU,213.07,Auto generated incident log,Scaled up instances,77
I02625,20-04-2026 08:00,Orders,North,Low,Throughput,504.39,Auto generated incident log,Scaled up instances,110
I02626,20-04-2026 09:00,Billing,West,Medium,Memory,287.96,Auto generated incident log,Rolled back deployment,22
I02627,20-04-2026 10:00,Payment,South,Medium,Memory,433.18,Auto generated incident log,Optimized queries,71
I02628,20-04-2026 11:00,Orders,East,Medium,Latency,849.09,Auto generated incident log,Restarted service,86
I02629,20-04-2026 12:00,Billing,South,Low,ErrorRate,473.73,Auto generated incident log,Increased cache,65
I02630,20-04-2026 13:00,Payment,South,Low,CPU,365.4,Auto generated incident log,Scaled up instances,10
I02631,20-04-2026 14:00,Orders,West,Low,CPU,357.36,Auto generated incident log,Optimized queries,75
I02632,20-04-2026 15:00,Search,South,Medium,ErrorRate,194.12,Auto generated incident log,Rolled back deployment,83
I02633,20-04-2026 16:00,Search,East,High,Memory,39.66,Auto generated incident log,Optimized queries,101
I02634,20-04-2026 17:00,Search,East,High,Throughput,155.15,Auto generated incident log,Rolled back deployment,23
I02635,20-04-2026 18:00,Orders,East,High,CPU,341,Auto generated incident log,Scaled up instances,34
I02636,20-04-2026 19:00,Auth,West,Low,CPU,434.67,Auto generated incident log,Scaled up instances,97
I02637,20-04-2026 20:00,Billing,West,Medium,ErrorRate,521.49,Auto generated incident log,Rolled back deployment,34
I02638,20-04-2026 21:00,Payment,South,Low,ErrorRate,400.65,Auto generated incident log,Increased cache,28
I02639,20-04-2026 22:00,Search,South,Medium,ErrorRate,789.3,Auto generated incident log,Increased cache,38
I02640,20-04-2026 23:00,Orders,South,Medium,Memory,361.48,Auto generated incident log,Rolled back deployment,110
I02641,21-04-2026 00:00,Billing,South,Medium,ErrorRate,528.43,Auto generated incident log,Increased cache,38
I02642,21-04-2026 01:00,Search,South,Medium,Throughput,418.91,Auto generated incident log,Optimized queries,38
I02643,21-04-2026 02:00,Orders,South,Medium,ErrorRate,42.66,Auto generated incident log,Restarted service,68
I02644,21-04-2026 03:00,Search,West,Medium,Throughput,826.15,Auto generated incident log,Restarted service,102
I02645,21-04-2026 04:00,Search,West,High,Throughput,4.82,Auto generated incident log,Restarted service,79
I02646,21-04-2026 05:00,Billing,North,Medium,Latency,240.6,Auto generated incident log,Optimized queries,72
I02647,21-04-2026 06:00,Search,West,Low,Latency,426.36,Auto generated incident log,Restarted service,66
I02648,21-04-2026 07:00,Search,South,High,Throughput,940.83,Auto generated incident log,Scaled up instances,67
I02649,21-04-2026 08:00,Search,East,Medium,Memory,193.95,Auto generated incident log,Scaled up instances,22
I02650,21-04-2026 09:00,Billing,East,Medium,Latency,404.97,Auto generated incident log,Optimized queries,39
I02651,21-04-2026 10:00,Auth,North,Low,Memory,208.08,Auto generated incident log,Scaled up instances,114
I02652,21-04-2026 11:00,Billing,East,Medium,ErrorRate,45.53,Auto generated incident log,Restarted service,96
I02653,21-04-2026 12:00,Search,East,Low,CPU,513.63,Auto generated incident log,Optimized queries,68
I02654,21-04-2026 13:00,Payment,North,Low,Memory,198.65,Auto generated incident log,Optimized queries,91
I02655,21-04-2026 14:00,Auth,South,Critical,ErrorRate,489.39,Auto generated incident log,Optimized queries,57
I02656,21-04-2026 15:00,Billing,East,Low,Throughput,536.88,Auto generated incident log,Optimized queries,63
I02657,21-04-2026 16:00,Auth,West,Low,Throughput,465.63,Auto generated incident log,Optimized queries,14
I02658,21-04-2026 17:00,Orders,East,Medium,CPU,698.68,Auto generated incident log,Optimized queries,68
I02659,21-04-2026 18:00,Payment,South,Low,Latency,402.39,Auto generated incident log,Optimized queries,65
I02660,21-04-2026 19:00,Payment,South,Medium,ErrorRate,342.56,Auto generated incident log,Optimized queries,35
I02661,21-04-2026 20:00,Search,East,High,Memory,245.98,Auto generated incident log,Optimized queries,41
I02662,21-04-2026 21:00,Search,South,Medium,CPU,273.79,Auto generated incident log,Scaled up instances,26
I02663,21-04-2026 22:00,Search,North,Low,Throughput,340.6,Auto generated incident log,Restarted service,95
I02664,21-04-2026 23:00,Billing,East,High,CPU,508.43,Auto generated incident log,Increased cache,77
I02665,22-04-2026 00:00,Orders,East,Low,ErrorRate,762.4,Auto generated incident log,Increased cache,48
I02666,22-04-2026 01:00,Orders,South,High,CPU,969.19,Auto generated incident log,Scaled up instances,41
I02667,22-04-2026 02:00,Billing,North,Low,Throughput,239.15,Auto generated incident log,Optimized queries,36
I02668,22-04-2026 03:00,Billing,North,Medium,Throughput,559.45,Auto generated incident log,Scaled up instances,117
I02669,22-04-2026 04:00,Search,South,Low,Memory,425.29,Auto generated incident log,Rolled back deployment,49
I02670,22-04-2026 05:00,Payment,South,Low,ErrorRate,228.91,Auto generated incident log,Rolled back deployment,98
I02671,22-04-2026 06:00,Orders,North,Medium,Latency,336.71,Auto generated incident log,Restarted service,38
I02672,22-04-2026 07:00,Orders,West,High,Throughput,387.7,Auto generated incident log,Rolled back deployment,29
I02673,22-04-2026 08:00,Orders,East,Critical,Throughput,880.39,Auto generated incident log,Optimized queries,19
I02674,22-04-2026 09:00,Orders,West,Medium,Throughput,295.45,Auto generated incident log,Increased cache,113
I02675,22-04-2026 10:00,Orders,East,Medium,Throughput,538.32,Auto generated incident log,Restarted service,9
I02676,22-04-2026 11:00,Orders,South,Medium,Throughput,879.34,Auto generated incident log,Scaled up instances,9
I02677,22-04-2026 12:00,Payment,West,Low,CPU,112.89,Auto generated incident log,Optimized queries,50
I02678,22-04-2026 13:00,Auth,West,Medium,Throughput,879.3,Auto generated incident log,Restarted service,94
I02679,22-04-2026 14:00,Search,West,Medium,Throughput,851.86,Auto generated incident log,Restarted service,97
I02680,22-04-2026 15:00,Auth,North,Medium,CPU,768.02,Auto generated incident log,Rolled back deployment,101
I02681,22-04-2026 16:00,Payment,West,Low,Throughput,896.49,Auto generated incident log,Rolled back deployment,103
I02682,22-04-2026 17:00,Auth,East,High,ErrorRate,317.97,Auto generated incident log,Increased cache,5
I02683,22-04-2026 18:00,Billing,North,High,ErrorRate,173.98,Auto generated incident log,Optimized queries,82
I02684,22-04-2026 19:00,Billing,West,High,Memory,205.62,Auto generated incident log,Rolled back deployment,99
I02685,22-04-2026 20:00,Billing,South,Critical,Latency,786.36,Auto generated incident log,Scaled up instances,85
I02686,22-04-2026 21:00,Orders,North,Low,CPU,444.13,Auto generated incident log,Restarted service,98
I02687,22-04-2026 22:00,Auth,West,High,ErrorRate,439.84,Auto generated incident log,Restarted service,33
I02688,22-04-2026 23:00,Auth,South,Low,Memory,164.85,Auto generated incident log,Optimized queries,26
I02689,23-04-2026 00:00,Search,North,Low,Memory,999.73,Auto generated incident log,Increased cache,51
I02690,23-04-2026 01:00,Payment,South,Medium,Latency,358.73,Auto generated incident log,Increased cache,70
I02691,23-04-2026 02:00,Orders,East,Low,Latency,128.49,Auto generated incident log,Scaled up instances,104
I02692,23-04-2026 03:00,Orders,South,Low,Latency,926.35,Auto generated incident log,Rolled back deployment,40
I02693,23-04-2026 04:00,Billing,South,Medium,Throughput,291.86,Auto generated incident log,Increased cache,49
I02694,23-04-2026 05:00,Payment,East,Critical,Memory,164.97,Auto generated incident log,Optimized queries,95
I02695,23-04-2026 06:00,Orders,East,Low,Latency,159.21,Auto generated incident log,Increased cache,95
I02696,23-04-2026 07:00,Orders,East,Low,Throughput,318.47,Auto generated incident log,Restarted service,28
I02697,23-04-2026 08:00,Billing,South,Low,Memory,993.17,Auto generated incident log,Scaled up instances,52
I02698,23-04-2026 09:00,Billing,West,Medium,Memory,829.31,Auto generated incident log,Scaled up instances,5
I02699,23-04-2026 10:00,Payment,East,Low,CPU,972.31,Auto generated incident log,Scaled up instances,105
I02700,23-04-2026 11:00,Auth,West,High,ErrorRate,946.36,Auto generated incident log,Rolled back deployment,23
I02701,23-04-2026 12:00,Payment,West,Low,Memory,311.56,Auto generated incident log,Optimized queries,93
I02702,23-04-2026 13:00,Orders,West,Medium,ErrorRate,630.37,Auto generated incident log,Optimized queries,97
I02703,23-04-2026 14:00,Orders,North,Low,ErrorRate,688.33,Auto generated incident log,Scaled up instances,57
I02704,23-04-2026 15:00,Payment,East,Medium,ErrorRate,658.63,Auto generated incident log,Increased cache,59
I02705,23-04-2026 16:00,Auth,East,Low,Throughput,948.76,Auto generated incident log,Increased cache,103
I02706,23-04-2026 17:00,Auth,West,Medium,ErrorRate,820.43,Auto generated incident log,Scaled up instances,29
I02707,23-04-2026 18:00,Auth,East,Medium,CPU,495.42,Auto generated incident log,Increased cache,7
I02708,23-04-2026 19:00,Orders,West,Low,Latency,891.75,Auto generated incident log,Restarted service,109
I02709,23-04-2026 20:00,Search,North,Medium,ErrorRate,849.45,Auto generated incident log,Increased cache,96
I02710,23-04-2026 21:00,Search,North,High,Memory,652.99,Auto generated incident log,Rolled back deployment,90
I02711,23-04-2026 22:00,Orders,North,Medium,Latency,438.43,Auto generated incident log,Optimized queries,95
I02712,23-04-2026 23:00,Payment,East,Low,Throughput,286.54,Auto generated incident log,Optimized queries,116
I02713,24-04-2026 00:00,Payment,South,Low,ErrorRate,985.47,Auto generated incident log,Scaled up instances,85
I02714,24-04-2026 01:00,Auth,West,High,ErrorRate,356.72,Auto generated incident log,Increased cache,33
I02715,24-04-2026 02:00,Orders,West,Critical,ErrorRate,526.94,Auto generated incident log,Optimized queries,113
I02716,24-04-2026 03:00,Payment,West,Low,Latency,944.33,Auto generated incident log,Optimized queries,60
I02717,24-04-2026 04:00,Search,East,Low,ErrorRate,401.8,Auto generated incident log,Optimized queries,91
I02718,24-04-2026 05:00,Billing,East,Medium,Throughput,383.5,Auto generated incident log,Optimized queries,96
I02719,24-04-2026 06:00,Billing,North,Medium,ErrorRate,699.55,Auto generated incident log,Rolled back deployment,33
I02720,24-04-2026 07:00,Search,East,Medium,Memory,191.78,Auto generated incident log,Restarted service,109
I02721,24-04-2026 08:00,Search,South,Medium,Throughput,8.26,Auto generated incident log,Optimized queries,49
I02722,24-04-2026 09:00,Search,East,Medium,Memory,825.78,Auto generated incident log,Increased cache,60
I02723,24-04-2026 10:00,Payment,East,High,Memory,674.58,Auto generated incident log,Increased cache,25
I02724,24-04-2026 11:00,Payment,South,High,Memory,190.61,Auto generated incident log,Restarted service,79
I02725,24-04-2026 12:00,Orders,North,Medium,Throughput,54.19,Auto generated incident log,Optimized queries,117
I02726,24-04-2026 13:00,Auth,South,Low,Latency,698.42,Auto generated incident log,Rolled back deployment,53
I02727,24-04-2026 14:00,Payment,North,Critical,CPU,312.45,Auto generated incident log,Optimized queries,48
I02728,24-04-2026 15:00,Search,North,Medium,Memory,579.36,Auto generated incident log,Restarted service,73
I02729,24-04-2026 16:00,Orders,North,Medium,Latency,437.66,Auto generated incident log,Increased cache,81
I02730,24-04-2026 17:00,Orders,East,Medium,CPU,919.22,Auto generated incident log,Rolled back deployment,19
I02731,24-04-2026 18:00,Auth,West,Low,Memory,600.7,Auto generated incident log,Restarted service,83
I02732,24-04-2026 19:00,Billing,West,Critical,CPU,480.26,Auto generated incident log,Optimized queries,73
I02733,24-04-2026 20:00,Payment,South,Medium,Latency,258.46,Auto generated incident log,Restarted service,89
I02734,24-04-2026 21:00,Billing,South,Low,ErrorRate,586.79,Auto generated incident log,Increased cache,47
I02735,24-04-2026 22:00,Auth,South,Low,Memory,714.7,Auto generated incident log,Scaled up instances,41
I02736,24-04-2026 23:00,Billing,East,Low,Throughput,133.9,Auto generated incident log,Optimized queries,84
I02737,25-04-2026 00:00,Billing,North,Medium,Throughput,594.96,Auto generated incident log,Increased cache,54
I02738,25-04-2026 01:00,Orders,West,Low,Memory,69.08,Auto generated incident log,Rolled back deployment,35
I02739,25-04-2026 02:00,Search,East,Low,CPU,845.12,Auto generated incident log,Restarted service,91
I02740,25-04-2026 03:00,Payment,West,Low,Throughput,777.76,Auto generated incident log,Optimized queries,117
I02741,25-04-2026 04:00,Orders,South,Low,Memory,808.8,Auto generated incident log,Restarted service,25
I02742,25-04-2026 05:00,Payment,South,Low,Memory,902.69,Auto generated incident log,Increased cache,34
I02743,25-04-2026 06:00,Search,East,Medium,ErrorRate,250.36,Auto generated incident log,Scaled up instances,42
I02744,25-04-2026 07:00,Orders,West,Medium,CPU,766.54,Auto generated incident log,Increased cache,66
I02745,25-04-2026 08:00,Auth,South,Low,Memory,272.61,Auto generated incident log,Rolled back deployment,16
I02746,25-04-2026 09:00,Orders,North,Low,CPU,869.43,Auto generated incident log,Restarted service,81
I02747,25-04-2026 10:00,Billing,North,Medium,ErrorRate,642.82,Auto generated incident log,Optimized queries,108
I02748,25-04-2026 11:00,Payment,East,Low,Throughput,7.32,Auto generated incident log,Rolled back deployment,102
I02749,25-04-2026 12:00,Search,North,Low,ErrorRate,996.5,Auto generated incident log,Restarted service,32
I02750,25-04-2026 13:00,Payment,West,Low,Latency,734.24,Auto generated incident log,Increased cache,75
I02751,25-04-2026 14:00,Auth,North,Medium,Memory,371.22,Auto generated incident log,Scaled up instances,14
I02752,25-04-2026 15:00,Auth,North,Low,Latency,731.6,Auto generated incident log,Optimized queries,109
I02753,25-04-2026 16:00,Orders,South,Medium,Memory,581.69,Auto generated incident log,Scaled up instances,78
I02754,25-04-2026 17:00,Auth,West,Low,ErrorRate,330.81,Auto generated incident log,Rolled back deployment,119
I02755,25-04-2026 18:00,Auth,West,Medium,Throughput,178.58,Auto generated incident log,Increased cache,88
I02756,25-04-2026 19:00,Orders,East,Medium,Throughput,182.39,Auto generated incident log,Optimized queries,58
I02757,25-04-2026 20:00,Payment,South,Medium,Throughput,633.24,Auto generated incident log,Restarted service,101
I02758,25-04-2026 21:00,Search,West,Low,Memory,260.58,Auto generated incident log,Rolled back deployment,36
I02759,25-04-2026 22:00,Billing,South,Medium,Memory,620.04,Auto generated incident log,Increased cache,72
I02760,25-04-2026 23:00,Payment,South,Medium,Latency,135.97,Auto generated incident log,Restarted service,102
I02761,26-04-2026 00:00,Auth,North,Medium,Latency,905.32,Auto generated incident log,Restarted service,46
I02762,26-04-2026 01:00,Billing,East,Medium,Memory,669.58,Auto generated incident log,Increased cache,41
I02763,26-04-2026 02:00,Orders,East,High,Throughput,304.99,Auto generated incident log,Restarted service,12
I02764,26-04-2026 03:00,Auth,South,Low,Latency,222.07,Auto generated incident log,Scaled up instances,106
I02765,26-04-2026 04:00,Payment,West,Low,Memory,231.93,Auto generated incident log,Restarted service,57
I02766,26-04-2026 05:00,Payment,West,Critical,Latency,523.62,Auto generated incident log,Restarted service,60
I02767,26-04-2026 06:00,Auth,South,Low,Memory,686.26,Auto generated incident log,Scaled up instances,87
I02768,26-04-2026 07:00,Payment,West,High,CPU,608.93,Auto generated incident log,Restarted service,53
I02769,26-04-2026 08:00,Orders,West,High,Memory,778.38,Auto generated incident log,Scaled up instances,78
I02770,26-04-2026 09:00,Search,West,Medium,Latency,56.08,Auto generated incident log,Rolled back deployment,116
I02771,26-04-2026 10:00,Payment,North,High,CPU,822.7,Auto generated incident log,Restarted service,72
I02772,26-04-2026 11:00,Orders,North,High,CPU,419.78,Auto generated incident log,Rolled back deployment,104
I02773,26-04-2026 12:00,Search,East,Medium,Throughput,579.39,Auto generated incident log,Scaled up instances,90
I02774,26-04-2026 13:00,Billing,South,Medium,CPU,865.99,Auto generated incident log,Increased cache,17
I02775,26-04-2026 14:00,Search,South,High,Latency,256.52,Auto generated incident log,Optimized queries,51
I02776,26-04-2026 15:00,Orders,East,Medium,Memory,543.04,Auto generated incident log,Optimized queries,45
I02777,26-04-2026 16:00,Search,North,Low,ErrorRate,97.54,Auto generated incident log,Increased cache,111
I02778,26-04-2026 17:00,Orders,North,High,CPU,282.93,Auto generated incident log,Rolled back deployment,91
I02779,26-04-2026 18:00,Auth,South,Low,Memory,273.24,Auto generated incident log,Optimized queries,23
I02780,26-04-2026 19:00,Auth,West,Low,ErrorRate,934.21,Auto generated incident log,Rolled back deployment,116
I02781,26-04-2026 20:00,Billing,East,High,CPU,24.23,Auto generated incident log,Scaled up instances,37
I02782,26-04-2026 21:00,Auth,East,High,Throughput,392.61,Auto generated incident log,Increased cache,19
I02783,26-04-2026 22:00,Orders,West,High,Throughput,868.14,Auto generated incident log,Optimized queries,34
I02784,26-04-2026 23:00,Payment,South,Critical,Latency,287.85,Auto generated incident log,Increased cache,10
I02785,27-04-2026 00:00,Billing,East,Critical,Memory,285.45,Auto generated incident log,Scaled up instances,28
I02786,27-04-2026 01:00,Orders,South,Low,ErrorRate,773.23,Auto generated incident log,Restarted service,112
I02787,27-04-2026 02:00,Payment,North,Medium,Throughput,787.13,Auto generated incident log,Increased cache,35
I02788,27-04-2026 03:00,Orders,South,Low,Latency,764.03,Auto generated incident log,Scaled up instances,115
I02789,27-04-2026 04:00,Payment,South,High,Latency,514.31,Auto generated incident log,Optimized queries,118
I02790,27-04-2026 05:00,Orders,North,Low,CPU,996.15,Auto generated incident log,Scaled up instances,32
I02791,27-04-2026 06:00,Payment,East,Low,Throughput,331.77,Auto generated incident log,Optimized queries,37
I02792,27-04-2026 07:00,Auth,West,Critical,ErrorRate,336.49,Auto generated incident log,Increased cache,45
I02793,27-04-2026 08:00,Payment,East,Medium,ErrorRate,535.67,Auto generated incident log,Restarted service,10
I02794,27-04-2026 09:00,Auth,West,Low,CPU,318.19,Auto generated incident log,Scaled up instances,91
I02795,27-04-2026 10:00,Payment,North,Low,CPU,894.39,Auto generated incident log,Optimized queries,80
I02796,27-04-2026 11:00,Auth,West,Low,CPU,895.87,Auto generated incident log,Optimized queries,43
I02797,27-04-2026 12:00,Search,North,Critical,Throughput,811.43,Auto generated incident log,Increased cache,100
I02798,27-04-2026 13:00,Billing,West,High,ErrorRate,641,Auto generated incident log,Increased cache,107
I02799,27-04-2026 14:00,Auth,North,Low,ErrorRate,668.52,Auto generated incident log,Increased cache,114
I02800,27-04-2026 15:00,Billing,North,Low,CPU,798.81,Auto generated incident log,Optimized queries,46
I02801,27-04-2026 16:00,Payment,East,Low,ErrorRate,121.65,Auto generated incident log,Restarted service,33
I02802,27-04-2026 17:00,Auth,South,Medium,Memory,948.44,Auto generated incident log,Restarted service,11
I02803,27-04-2026 18:00,Orders,North,Critical,Memory,195.66,Auto generated incident log,Scaled up instances,38
I02804,27-04-2026 19:00,Search,West,Medium,Latency,407.41,Auto generated incident log,Scaled up instances,109
I02805,27-04-2026 20:00,Billing,South,Medium,Latency,860.54,Auto generated incident log,Scaled up instances,42
I02806,27-04-2026 21:00,Search,East,Medium,Latency,364.44,Auto generated incident log,Restarted service,22
I02807,27-04-2026 22:00,Search,West,Low,CPU,681.84,Auto generated incident log,Increased cache,7
I02808,27-04-2026 23:00,Orders,South,Low,Throughput,989.12,Auto generated incident log,Increased cache,18
I02809,28-04-2026 00:00,Billing,East,Medium,Latency,414.34,Auto generated incident log,Increased cache,119
I02810,28-04-2026 01:00,Orders,East,Medium,ErrorRate,72.96,Auto generated incident log,Optimized queries,18
I02811,28-04-2026 02:00,Search,West,Low,ErrorRate,5.08,Auto generated incident log,Increased cache,43
I02812,28-04-2026 03:00,Billing,South,High,Latency,789.92,Auto generated incident log,Increased cache,40
I02813,28-04-2026 04:00,Orders,West,Low,Memory,947.96,Auto generated incident log,Increased cache,28
I02814,28-04-2026 05:00,Auth,North,High,CPU,881.83,Auto generated incident log,Optimized queries,39
I02815,28-04-2026 06:00,Billing,East,Low,Throughput,345.58,Auto generated incident log,Optimized queries,104
I02816,28-04-2026 07:00,Search,East,Critical,Latency,98.81,Auto generated incident log,Scaled up instances,69
I02817,28-04-2026 08:00,Orders,South,Low,Memory,98.17,Auto generated incident log,Optimized queries,48
I02818,28-04-2026 09:00,Payment,East,Low,Memory,741.25,Auto generated incident log,Rolled back deployment,119
I02819,28-04-2026 10:00,Payment,East,Medium,Memory,101.37,Auto generated incident log,Scaled up instances,49
I02820,28-04-2026 11:00,Orders,West,High,Latency,734.91,Auto generated incident log,Scaled up instances,81
I02821,28-04-2026 12:00,Orders,South,Low,Latency,338.17,Auto generated incident log,Scaled up instances,6
I02822,28-04-2026 13:00,Billing,East,Medium,Throughput,687.77,Auto generated incident log,Scaled up instances,110
I02823,28-04-2026 14:00,Payment,East,Low,CPU,47.65,Auto generated incident log,Rolled back deployment,18
I02824,28-04-2026 15:00,Auth,East,Low,Memory,847.27,Auto generated incident log,Restarted service,96
I02825,28-04-2026 16:00,Orders,West,Medium,CPU,323.15,Auto generated incident log,Rolled back deployment,7
I02826,28-04-2026 17:00,Search,North,Low,Throughput,774.33,Auto generated incident log,Increased cache,115
I02827,28-04-2026 18:00,Billing,North,Low,ErrorRate,209.67,Auto generated incident log,Optimized queries,99
I02828,28-04-2026 19:00,Auth,East,High,Throughput,799.28,Auto generated incident log,Increased cache,12
I02829,28-04-2026 20:00,Auth,West,Medium,Throughput,351.77,Auto generated incident log,Rolled back deployment,67
I02830,28-04-2026 21:00,Billing,South,High,ErrorRate,244.71,Auto generated incident log,Scaled up instances,35
I02831,28-04-2026 22:00,Billing,South,Low,CPU,677.53,Auto generated incident log,Increased cache,20
I02832,28-04-2026 23:00,Billing,East,Low,Throughput,786.39,Auto generated incident log,Increased cache,28
I02833,29-04-2026 00:00,Billing,North,High,Latency,37.12,Auto generated incident log,Scaled up instances,87
I02834,29-04-2026 01:00,Search,West,High,Latency,704.05,Auto generated incident log,Scaled up instances,92
I02835,29-04-2026 02:00,Payment,North,Low,Memory,54.58,Auto generated incident log,Optimized queries,19
I02836,29-04-2026 03:00,Billing,East,Medium,Memory,618.52,Auto generated incident log,Optimized queries,91
I02837,29-04-2026 04:00,Orders,South,Low,Throughput,726.93,Auto generated incident log,Scaled up instances,119
I02838,29-04-2026 05:00,Orders,North,Low,ErrorRate,952.35,Auto generated incident log,Increased cache,21
I02839,29-04-2026 06:00,Billing,South,High,Latency,640.93,Auto generated incident log,Rolled back deployment,70
I02840,29-04-2026 07:00,Payment,North,Critical,Memory,555.46,Auto generated incident log,Increased cache,75
I02841,29-04-2026 08:00,Search,West,Low,Latency,249.62,Auto generated incident log,Optimized queries,109
I02842,29-04-2026 09:00,Billing,West,Medium,ErrorRate,125.72,Auto generated incident log,Optimized queries,113
I02843,29-04-2026 10:00,Auth,West,Medium,Latency,828.68,Auto generated incident log,Rolled back deployment,108
I02844,29-04-2026 11:00,Billing,West,Medium,Memory,379.53,Auto generated incident log,Scaled up instances,118
I02845,29-04-2026 12:00,Payment,North,Medium,CPU,483.98,Auto generated incident log,Increased cache,97
I02846,29-04-2026 13:00,Payment,North,Medium,Latency,571.26,Auto generated incident log,Optimized queries,38
I02847,29-04-2026 14:00,Auth,South,Medium,ErrorRate,619.7,Auto generated incident log,Restarted service,88
I02848,29-04-2026 15:00,Billing,East,Medium,CPU,841.33,Auto generated incident log,Restarted service,29
I02849,29-04-2026 16:00,Auth,North,Low,Memory,815.93,Auto generated incident log,Increased cache,85
I02850,29-04-2026 17:00,Auth,North,Low,CPU,25.95,Auto generated incident log,Increased cache,47
I02851,29-04-2026 18:00,Payment,East,Critical,CPU,745.58,Auto generated incident log,Scaled up instances,12
I02852,29-04-2026 19:00,Search,North,Medium,ErrorRate,943.75,Auto generated incident log,Increased cache,62
I02853,29-04-2026 20:00,Payment,East,Low,ErrorRate,51.54,Auto generated incident log,Optimized queries,59
I02854,29-04-2026 21:00,Auth,South,Low,CPU,991.63,Auto generated incident log,Restarted service,25
I02855,29-04-2026 22:00,Orders,South,Medium,ErrorRate,113.25,Auto generated incident log,Optimized queries,79
I02856,29-04-2026 23:00,Billing,North,High,Latency,933.66,Auto generated incident log,Optimized queries,54
I02857,30-04-2026 00:00,Payment,North,High,Latency,299.64,Auto generated incident log,Rolled back deployment,59
I02858,30-04-2026 01:00,Auth,East,Medium,Throughput,67.57,Auto generated incident log,Increased cache,111
I02859,30-04-2026 02:00,Billing,West,Medium,CPU,884.08,Auto generated incident log,Increased cache,7
I02860,30-04-2026 03:00,Search,North,High,ErrorRate,756.35,Auto generated incident log,Optimized queries,16
I02861,30-04-2026 04:00,Search,North,Critical,Latency,139.3,Auto generated incident log,Rolled back deployment,75
I02862,30-04-2026 05:00,Payment,South,High,Latency,291.88,Auto generated incident log,Scaled up instances,42
I02863,30-04-2026 06:00,Payment,West,Low,Throughput,688.88,Auto generated incident log,Scaled up instances,63
I02864,30-04-2026 07:00,Payment,North,Critical,ErrorRate,174.07,Auto generated incident log,Restarted service,91
I02865,30-04-2026 08:00,Orders,East,Low,Memory,420.71,Auto generated incident log,Increased cache,59
I02866,30-04-2026 09:00,Orders,East,Critical,CPU,59.66,Auto generated incident log,Optimized queries,106
I02867,30-04-2026 10:00,Auth,North,Medium,ErrorRate,555.19,Auto generated incident log,Restarted service,22
I02868,30-04-2026 11:00,Search,East,High,CPU,803.37,Auto generated incident log,Restarted service,95
I02869,30-04-2026 12:00,Orders,North,High,Throughput,222.92,Auto generated incident log,Rolled back deployment,71
I02870,30-04-2026 13:00,Search,South,Low,CPU,12.11,Auto generated incident log,Restarted service,56
I02871,30-04-2026 14:00,Search,West,High,Memory,479.92,Auto generated incident log,Increased cache,92
I02872,30-04-2026 15:00,Orders,East,Low,Latency,301.23,Auto generated incident log,Scaled up instances,83
I02873,30-04-2026 16:00,Billing,North,Low,Latency,920.71,Auto generated incident log,Rolled back deployment,52
I02874,30-04-2026 17:00,Orders,North,High,Memory,896.8,Auto generated incident log,Increased cache,56
I02875,30-04-2026 18:00,Orders,East,High,ErrorRate,791.36,Auto generated incident log,Restarted service,118
I02876,30-04-2026 19:00,Billing,South,Critical,Throughput,624.85,Auto generated incident log,Rolled back deployment,90
I02877,30-04-2026 20:00,Billing,West,Low,Throughput,324.41,Auto generated incident log,Rolled back deployment,58
I02878,30-04-2026 21:00,Auth,East,Low,Latency,627.23,Auto generated incident log,Increased cache,97
I02879,30-04-2026 22:00,Billing,North,Low,ErrorRate,509.09,Auto generated incident log,Increased cache,11
I02880,30-04-2026 23:00,Billing,North,Medium,Memory,301.13,Auto generated incident log,Optimized queries,73
I02881,01-05-2026 00:00,Orders,South,Critical,Latency,800.06,Auto generated incident log,Optimized queries,43
I02882,01-05-2026 01:00,Billing,East,Medium,Throughput,546.99,Auto generated incident log,Increased cache,40
I02883,01-05-2026 02:00,Payment,North,Low,ErrorRate,306.16,Auto generated incident log,Rolled back deployment,115
I02884,01-05-2026 03:00,Orders,South,Low,Throughput,321.05,Auto generated incident log,Restarted service,20
I02885,01-05-2026 04:00,Search,North,Critical,Latency,618.04,Auto generated incident log,Scaled up instances,9
I02886,01-05-2026 05:00,Search,East,Medium,Latency,775.73,Auto generated incident log,Restarted service,20
I02887,01-05-2026 06:00,Auth,North,High,CPU,859.53,Auto generated incident log,Scaled up instances,95
I02888,01-05-2026 07:00,Payment,South,Medium,Throughput,790.16,Auto generated incident log,Increased cache,44
I02889,01-05-2026 08:00,Auth,South,Medium,Memory,29.69,Auto generated incident log,Rolled back deployment,94
I02890,01-05-2026 09:00,Billing,South,Low,Throughput,544.25,Auto generated incident log,Restarted service,11
I02891,01-05-2026 10:00,Auth,South,Low,Throughput,791.06,Auto generated incident log,Optimized queries,23
I02892,01-05-2026 11:00,Auth,East,Low,Memory,571.46,Auto generated incident log,Rolled back deployment,96
I02893,01-05-2026 12:00,Orders,South,Low,Memory,323.94,Auto generated incident log,Rolled back deployment,85
I02894,01-05-2026 13:00,Orders,East,High,Memory,676.94,Auto generated incident log,Optimized queries,61
I02895,01-05-2026 14:00,Payment,West,Low,Latency,830.95,Auto generated incident log,Increased cache,40
I02896,01-05-2026 15:00,Orders,West,High,CPU,116.27,Auto generated incident log,Optimized queries,12
I02897,01-05-2026 16:00,Billing,North,Low,Memory,833.2,Auto generated incident log,Scaled up instances,45
I02898,01-05-2026 17:00,Orders,West,Low,CPU,488.83,Auto generated incident log,Scaled up instances,72
I02899,01-05-2026 18:00,Orders,North,Low,Memory,203.31,Auto generated incident log,Increased cache,115
I02900,01-05-2026 19:00,Orders,East,Low,CPU,234.28,Auto generated incident log,Scaled up instances,71
I02901,01-05-2026 20:00,Orders,East,High,ErrorRate,709.79,Auto generated incident log,Rolled back deployment,32
I02902,01-05-2026 21:00,Orders,South,Critical,Memory,993.53,Auto generated incident log,Optimized queries,93
I02903,01-05-2026 22:00,Billing,West,High,CPU,217.15,Auto generated incident log,Scaled up instances,33
I02904,01-05-2026 23:00,Billing,South,Low,CPU,480.15,Auto generated incident log,Restarted service,100
I02905,02-05-2026 00:00,Orders,South,High,Memory,875.56,Auto generated incident log,Scaled up instances,111
I02906,02-05-2026 01:00,Search,North,High,Throughput,63.98,Auto generated incident log,Restarted service,109
I02907,02-05-2026 02:00,Auth,West,Low,ErrorRate,393.21,Auto generated incident log,Restarted service,69
I02908,02-05-2026 03:00,Orders,South,Low,Memory,503.24,Auto generated incident log,Rolled back deployment,78
I02909,02-05-2026 04:00,Auth,East,High,ErrorRate,312.32,Auto generated incident log,Increased cache,29
I02910,02-05-2026 05:00,Auth,South,Low,Memory,729.85,Auto generated incident log,Increased cache,21
I02911,02-05-2026 06:00,Payment,West,Critical,Memory,944.51,Auto generated incident log,Scaled up instances,96
I02912,02-05-2026 07:00,Payment,East,Low,ErrorRate,520.57,Auto generated incident log,Rolled back deployment,118
I02913,02-05-2026 08:00,Billing,North,High,Latency,165.11,Auto generated incident log,Rolled back deployment,28
I02914,02-05-2026 09:00,Payment,North,Low,Memory,542.81,Auto generated incident log,Optimized queries,50
I02915,02-05-2026 10:00,Search,South,High,Throughput,4.5,Auto generated incident log,Rolled back deployment,6
I02916,02-05-2026 11:00,Billing,West,Low,Throughput,67.87,Auto generated incident log,Restarted service,47
I02917,02-05-2026 12:00,Search,North,Medium,ErrorRate,361.36,Auto generated incident log,Scaled up instances,40
I02918,02-05-2026 13:00,Search,East,Low,Memory,843.39,Auto generated incident log,Increased cache,63
I02919,02-05-2026 14:00,Orders,North,High,CPU,51.48,Auto generated incident log,Increased cache,32
I02920,02-05-2026 15:00,Payment,East,Low,Throughput,919.7,Auto generated incident log,Optimized queries,19
I02921,02-05-2026 16:00,Orders,West,Medium,CPU,11.29,Auto generated incident log,Optimized queries,72
I02922,02-05-2026 17:00,Auth,East,Medium,Throughput,868.11,Auto generated incident log,Scaled up instances,90
I02923,02-05-2026 18:00,Billing,East,Critical,ErrorRate,591.23,Auto generated incident log,Restarted service,8
I02924,02-05-2026 19:00,Billing,North,Critical,Throughput,533.98,Auto generated incident log,Scaled up instances,83
I02925,02-05-2026 20:00,Payment,North,Low,Throughput,265.27,Auto generated incident log,Optimized queries,83
I02926,02-05-2026 21:00,Orders,East,Low,Memory,727.78,Auto generated incident log,Increased cache,17
I02927,02-05-2026 22:00,Orders,East,Medium,Latency,298.85,Auto generated incident log,Optimized queries,17
I02928,02-05-2026 23:00,Auth,West,Low,Throughput,684.94,Auto generated incident log,Increased cache,113
I02929,03-05-2026 00:00,Search,South,Low,Memory,320.71,Auto generated incident log,Increased cache,5
I02930,03-05-2026 01:00,Payment,East,Low,CPU,90.78,Auto generated incident log,Increased cache,25
I02931,03-05-2026 02:00,Orders,West,Low,Memory,10.18,Auto generated incident log,Scaled up instances,107
I02932,03-05-2026 03:00,Auth,South,Medium,CPU,421.9,Auto generated incident log,Scaled up instances,111
I02933,03-05-2026 04:00,Auth,East,Medium,Memory,725.01,Auto generated incident log,Optimized queries,119
I02934,03-05-2026 05:00,Payment,West,Medium,Memory,583.77,Auto generated incident log,Scaled up instances,112
I02935,03-05-2026 06:00,Auth,North,Critical,Latency,944.62,Auto generated incident log,Rolled back deployment,67
I02936,03-05-2026 07:00,Billing,East,Medium,Memory,833.58,Auto generated incident log,Rolled back deployment,104
I02937,03-05-2026 08:00,Auth,West,Medium,CPU,736.45,Auto generated incident log,Scaled up instances,101
I02938,03-05-2026 09:00,Payment,South,Low,Throughput,726.46,Auto generated incident log,Increased cache,97
I02939,03-05-2026 10:00,Orders,South,Medium,ErrorRate,855.22,Auto generated incident log,Scaled up instances,107
I02940,03-05-2026 11:00,Auth,North,Low,Throughput,690.28,Auto generated incident log,Scaled up instances,63
I02941,03-05-2026 12:00,Orders,South,Medium,CPU,256.48,Auto generated incident log,Optimized queries,89
I02942,03-05-2026 13:00,Payment,South,Low,Latency,503.39,Auto generated incident log,Scaled up instances,18
I02943,03-05-2026 14:00,Search,East,Low,ErrorRate,741.33,Auto generated incident log,Increased cache,83
I02944,03-05-2026 15:00,Auth,North,Medium,Memory,469.19,Auto generated incident log,Restarted service,51
I02945,03-05-2026 16:00,Auth,South,Medium,ErrorRate,495.47,Auto generated incident log,Restarted service,40
I02946,03-05-2026 17:00,Payment,East,Medium,CPU,385.21,Auto generated incident log,Restarted service,48
I02947,03-05-2026 18:00,Search,North,Low,ErrorRate,590.03,Auto generated incident log,Increased cache,70
I02948,03-05-2026 19:00,Orders,East,Low,CPU,575.12,Auto generated incident log,Restarted service,98
I02949,03-05-2026 20:00,Auth,North,Medium,ErrorRate,598.41,Auto generated incident log,Restarted service,106
I02950,03-05-2026 21:00,Billing,North,High,ErrorRate,922.98,Auto generated incident log,Restarted service,84
I02951,03-05-2026 22:00,Billing,South,Low,ErrorRate,137.83,Auto generated incident log,Optimized queries,62
I02952,03-05-2026 23:00,Orders,South,High,Memory,250.79,Auto generated incident log,Rolled back deployment,102
I02953,04-05-2026 00:00,Auth,East,High,Memory,377.25,Auto generated incident log,Increased cache,74
I02954,04-05-2026 01:00,Payment,West,Low,Throughput,331.99,Auto generated incident log,Increased cache,101
I02955,04-05-2026 02:00,Payment,North,Medium,CPU,150.15,Auto generated incident log,Optimized queries,101
I02956,04-05-2026 03:00,Search,East,Low,CPU,949.15,Auto generated incident log,Scaled up instances,25
I02957,04-05-2026 04:00,Auth,West,Medium,Throughput,308.76,Auto generated incident log,Scaled up instances,115
I02958,04-05-2026 05:00,Orders,East,High,Latency,480.15,Auto generated incident log,Rolled back deployment,24
I02959,04-05-2026 06:00,Billing,North,High,CPU,279.88,Auto generated incident log,Rolled back deployment,110
I02960,04-05-2026 07:00,Billing,East,Critical,CPU,549.34,Auto generated incident log,Optimized queries,77
I02961,04-05-2026 08:00,Payment,West,High,Throughput,921.68,Auto generated incident log,Optimized queries,109
I02962,04-05-2026 09:00,Search,West,Medium,Latency,790.49,Auto generated incident log,Optimized queries,51
I02963,04-05-2026 10:00,Orders,South,High,CPU,638.83,Auto generated incident log,Increased cache,82
I02964,04-05-2026 11:00,Auth,East,Critical,ErrorRate,198.21,Auto generated incident log,Rolled back deployment,36
I02965,04-05-2026 12:00,Auth,West,Low,Memory,768.5,Auto generated incident log,Scaled up instances,81
I02966,04-05-2026 13:00,Payment,South,Low,Memory,517.26,Auto generated incident log,Scaled up instances,74
I02967,04-05-2026 14:00,Orders,East,Medium,Memory,326.83,Auto generated incident log,Scaled up instances,114
I02968,04-05-2026 15:00,Payment,South,Low,Throughput,756.11,Auto generated incident log,Increased cache,13
I02969,04-05-2026 16:00,Search,East,Low,CPU,125.35,Auto generated incident log,Restarted service,11
I02970,04-05-2026 17:00,Payment,North,Critical,Latency,229.23,Auto generated incident log,Scaled up instances,61
I02971,04-05-2026 18:00,Payment,East,Low,ErrorRate,371.12,Auto generated incident log,Rolled back deployment,77
I02972,04-05-2026 19:00,Orders,West,Medium,Memory,807.78,Auto generated incident log,Optimized queries,66
I02973,04-05-2026 20:00,Billing,North,Low,Throughput,435.37,Auto generated incident log,Increased cache,67
I02974,04-05-2026 21:00,Auth,West,High,Latency,926,Auto generated incident log,Restarted service,86
I02975,04-05-2026 22:00,Payment,East,Low,CPU,931.36,Auto generated incident log,Optimized queries,100
I02976,04-05-2026 23:00,Orders,North,Medium,Memory,857.49,Auto generated incident log,Rolled back deployment,79
I02977,05-05-2026 00:00,Search,West,Medium,Throughput,44.47,Auto generated incident log,Optimized queries,49
I02978,05-05-2026 01:00,Auth,North,High,Memory,62.79,Auto generated incident log,Increased cache,59
I02979,05-05-2026 02:00,Orders,East,Low,ErrorRate,404.05,Auto generated incident log,Optimized queries,77
I02980,05-05-2026 03:00,Orders,East,Medium,ErrorRate,81.35,Auto generated incident log,Rolled back deployment,25
I02981,05-05-2026 04:00,Orders,South,Low,ErrorRate,619.18,Auto generated incident log,Rolled back deployment,15
I02982,05-05-2026 05:00,Search,East,Low,ErrorRate,767.23,Auto generated incident log,Scaled up instances,64
I02983,05-05-2026 06:00,Orders,North,Medium,Throughput,875.75,Auto generated incident log,Increased cache,16
I02984,05-05-2026 07:00,Orders,East,Critical,CPU,555.83,Auto generated incident log,Scaled up instances,96
I02985,05-05-2026 08:00,Search,East,Medium,Latency,700.99,Auto generated incident log,Rolled back deployment,52
I02986,05-05-2026 09:00,Search,North,Medium,Latency,269.49,Auto generated incident log,Rolled back deployment,17
I02987,05-05-2026 10:00,Billing,South,Medium,Latency,701.52,Auto generated incident log,Rolled back deployment,21
I02988,05-05-2026 11:00,Billing,West,Low,Latency,937.05,Auto generated incident log,Scaled up instances,94
I02989,05-05-2026 12:00,Auth,East,High,Latency,34.59,Auto generated incident log,Optimized queries,80
I02990,05-05-2026 13:00,Payment,East,Low,CPU,175.82,Auto generated incident log,Increased cache,41
I02991,05-05-2026 14:00,Billing,East,High,ErrorRate,607.85,Auto generated incident log,Scaled up instances,113
I02992,05-05-2026 15:00,Payment,West,Medium,Throughput,532.76,Auto generated incident log,Rolled back deployment,116
I02993,05-05-2026 16:00,Auth,North,High,Throughput,210.37,Auto generated incident log,Increased cache,81
I02994,05-05-2026 17:00,Search,North,High,ErrorRate,811.83,Auto generated incident log,Restarted service,108
I02995,05-05-2026 18:00,Search,North,Medium,Memory,125.99,Auto generated incident log,Scaled up instances,14
I02996,05-05-2026 19:00,Billing,North,High,Latency,382.88,Auto generated incident log,Restarted service,89
I02997,05-05-2026 20:00,Payment,West,Medium,Throughput,380.67,Auto generated incident log,Increased cache,38
I02998,05-05-2026 21:00,Orders,North,Low,Memory,423.36,Auto generated incident log,Rolled back deployment,112
I02999,05-05-2026 22:00,Orders,East,Low,CPU,98.33,Auto generated incident log,Scaled up instances,31
I03000,05-05-2026 23:00,Search,North,Low,Latency,852.35,Auto generated incident log,Scaled up instances,98
I03001,06-05-2026 00:00,Orders,South,High,ErrorRate,126.63,Auto generated incident log,Restarted service,28
I03002,06-05-2026 01:00,Orders,East,Medium,CPU,89.52,Auto generated incident log,Increased cache,96
I03003,06-05-2026 02:00,Payment,East,Medium,Latency,856.04,Auto generated incident log,Increased cache,98
I03004,06-05-2026 03:00,Search,West,High,Memory,131.4,Auto generated incident log,Optimized queries,105
I03005,06-05-2026 04:00,Search,North,Low,CPU,421.91,Auto generated incident log,Optimized queries,118
I03006,06-05-2026 05:00,Orders,North,Low,Memory,594.95,Auto generated incident log,Increased cache,12
I03007,06-05-2026 06:00,Payment,West,High,Throughput,866.09,Auto generated incident log,Scaled up instances,71
I03008,06-05-2026 07:00,Search,East,Medium,Throughput,807.43,Auto generated incident log,Restarted service,103
I03009,06-05-2026 08:00,Billing,South,High,ErrorRate,907.51,Auto generated incident log,Increased cache,99
I03010,06-05-2026 09:00,Orders,North,Low,CPU,577.32,Auto generated incident log,Optimized queries,82
I03011,06-05-2026 10:00,Payment,South,Medium,Latency,341.21,Auto generated incident log,Increased cache,5
I03012,06-05-2026 11:00,Search,North,Low,Memory,653.94,Auto generated incident log,Increased cache,33
I03013,06-05-2026 12:00,Search,East,Low,Latency,275.75,Auto generated incident log,Optimized queries,109
I03014,06-05-2026 13:00,Payment,West,Low,Memory,12.78,Auto generated incident log,Restarted service,5
I03015,06-05-2026 14:00,Billing,North,High,Latency,134.08,Auto generated incident log,Rolled back deployment,111
I03016,06-05-2026 15:00,Orders,South,Low,ErrorRate,128.31,Auto generated incident log,Scaled up instances,68
I03017,06-05-2026 16:00,Search,West,Low,CPU,797.9,Auto generated incident log,Restarted service,116
I03018,06-05-2026 17:00,Orders,West,Critical,Latency,818.17,Auto generated incident log,Rolled back deployment,38
I03019,06-05-2026 18:00,Billing,East,Medium,Throughput,250.69,Auto generated incident log,Rolled back deployment,102
I03020,06-05-2026 19:00,Billing,North,Medium,Memory,767.04,Auto generated incident log,Restarted service,68
I03021,06-05-2026 20:00,Auth,South,Low,Latency,298.25,Auto generated incident log,Restarted service,88
I03022,06-05-2026 21:00,Orders,South,Low,Memory,473.83,Auto generated incident log,Increased cache,70
I03023,06-05-2026 22:00,Orders,South,Low,ErrorRate,86.78,Auto generated incident log,Scaled up instances,42
I03024,06-05-2026 23:00,Search,South,Low,ErrorRate,475.28,Auto generated incident log,Increased cache,37
I03025,07-05-2026 00:00,Payment,South,High,Latency,806.15,Auto generated incident log,Rolled back deployment,12
I03026,07-05-2026 01:00,Search,North,Low,Memory,849.89,Auto generated incident log,Increased cache,94
I03027,07-05-2026 02:00,Auth,West,Medium,ErrorRate,242.1,Auto generated incident log,Scaled up instances,112
I03028,07-05-2026 03:00,Orders,West,Critical,ErrorRate,207.1,Auto generated incident log,Rolled back deployment,8
I03029,07-05-2026 04:00,Payment,West,Low,ErrorRate,144.9,Auto generated incident log,Increased cache,47
I03030,07-05-2026 05:00,Auth,South,Medium,ErrorRate,721.65,Auto generated incident log,Rolled back deployment,57
I03031,07-05-2026 06:00,Orders,South,High,CPU,330.1,Auto generated incident log,Increased cache,59
I03032,07-05-2026 07:00,Orders,West,Low,Memory,500.94,Auto generated incident log,Optimized queries,59
I03033,07-05-2026 08:00,Payment,North,Medium,Throughput,596.38,Auto generated incident log,Restarted service,55
I03034,07-05-2026 09:00,Payment,South,High,Memory,193.73,Auto generated incident log,Scaled up instances,86
I03035,07-05-2026 10:00,Payment,South,High,Latency,353.69,Auto generated incident log,Optimized queries,88
I03036,07-05-2026 11:00,Orders,East,Medium,Latency,264.54,Auto generated incident log,Rolled back deployment,106
I03037,07-05-2026 12:00,Search,West,High,ErrorRate,806.73,Auto generated incident log,Restarted service,25
I03038,07-05-2026 13:00,Search,South,Medium,Throughput,252.13,Auto generated incident log,Scaled up instances,36
I03039,07-05-2026 14:00,Billing,South,Low,Memory,191.76,Auto generated incident log,Increased cache,33
I03040,07-05-2026 15:00,Orders,North,Medium,ErrorRate,101.51,Auto generated incident log,Optimized queries,93
I03041,07-05-2026 16:00,Payment,South,Low,Throughput,158.52,Auto generated incident log,Rolled back deployment,118
I03042,07-05-2026 17:00,Orders,West,Low,ErrorRate,970.84,Auto generated incident log,Scaled up instances,86
I03043,07-05-2026 18:00,Search,West,High,Memory,344.48,Auto generated incident log,Scaled up instances,75
I03044,07-05-2026 19:00,Search,East,Medium,Memory,1.97,Auto generated incident log,Restarted service,56
I03045,07-05-2026 20:00,Auth,East,Low,Throughput,925.07,Auto generated incident log,Restarted service,83
I03046,07-05-2026 21:00,Search,South,Medium,Latency,777.4,Auto generated incident log,Optimized queries,59
I03047,07-05-2026 22:00,Billing,West,High,ErrorRate,905.56,Auto generated incident log,Restarted service,26
I03048,07-05-2026 23:00,Auth,South,Low,CPU,52.01,Auto generated incident log,Optimized queries,114
I03049,08-05-2026 00:00,Payment,West,Low,CPU,91.85,Auto generated incident log,Scaled up instances,96
I03050,08-05-2026 01:00,Billing,North,Low,CPU,476.48,Auto generated incident log,Rolled back deployment,90
I03051,08-05-2026 02:00,Billing,East,Medium,CPU,638.3,Auto generated incident log,Scaled up instances,91
I03052,08-05-2026 03:00,Orders,South,Low,Throughput,123.17,Auto generated incident log,Increased cache,15
I03053,08-05-2026 04:00,Search,South,Critical,Throughput,459.07,Auto generated incident log,Optimized queries,26
I03054,08-05-2026 05:00,Auth,South,High,Memory,862.73,Auto generated incident log,Increased cache,104
I03055,08-05-2026 06:00,Search,West,Medium,ErrorRate,675.85,Auto generated incident log,Optimized queries,5
I03056,08-05-2026 07:00,Auth,North,High,ErrorRate,649.76,Auto generated incident log,Optimized queries,51
I03057,08-05-2026 08:00,Payment,West,Critical,Latency,946.73,Auto generated incident log,Scaled up instances,30
I03058,08-05-2026 09:00,Payment,East,Medium,ErrorRate,781.72,Auto generated incident log,Rolled back deployment,41
I03059,08-05-2026 10:00,Orders,North,Critical,CPU,859.54,Auto generated incident log,Rolled back deployment,35
I03060,08-05-2026 11:00,Billing,West,Medium,ErrorRate,93.47,Auto generated incident log,Restarted service,59
I03061,08-05-2026 12:00,Orders,North,Low,Throughput,545.98,Auto generated incident log,Scaled up instances,102
I03062,08-05-2026 13:00,Orders,West,Medium,Latency,462.79,Auto generated incident log,Rolled back deployment,101
I03063,08-05-2026 14:00,Search,West,Medium,ErrorRate,513.66,Auto generated incident log,Increased cache,86
I03064,08-05-2026 15:00,Orders,North,Medium,ErrorRate,486.91,Auto generated incident log,Increased cache,23
I03065,08-05-2026 16:00,Search,South,Medium,Throughput,461.96,Auto generated incident log,Scaled up instances,23
I03066,08-05-2026 17:00,Orders,North,Low,Latency,871.88,Auto generated incident log,Scaled up instances,86
I03067,08-05-2026 18:00,Auth,South,Medium,Throughput,959.26,Auto generated incident log,Scaled up instances,99
I03068,08-05-2026 19:00,Search,East,High,Latency,54.39,Auto generated incident log,Restarted service,29
I03069,08-05-2026 20:00,Search,North,Low,Throughput,842.71,Auto generated incident log,Optimized queries,29
I03070,08-05-2026 21:00,Payment,North,Medium,Memory,319.91,Auto generated incident log,Increased cache,111
I03071,08-05-2026 22:00,Billing,North,Medium,ErrorRate,542.89,Auto generated incident log,Increased cache,16
I03072,08-05-2026 23:00,Billing,North,Low,ErrorRate,966.27,Auto generated incident log,Rolled back deployment,29
I03073,09-05-2026 00:00,Payment,West,High,ErrorRate,314.88,Auto generated incident log,Scaled up instances,57
I03074,09-05-2026 01:00,Billing,North,Medium,CPU,102.85,Auto generated incident log,Scaled up instances,109
I03075,09-05-2026 02:00,Orders,East,High,Latency,740.48,Auto generated incident log,Restarted service,105
I03076,09-05-2026 03:00,Auth,North,Medium,Throughput,770.02,Auto generated incident log,Optimized queries,19
I03077,09-05-2026 04:00,Search,South,Critical,Latency,554.31,Auto generated incident log,Optimized queries,12
I03078,09-05-2026 05:00,Payment,South,Low,Throughput,194.67,Auto generated incident log,Restarted service,61
I03079,09-05-2026 06:00,Search,North,Critical,Latency,981.7,Auto generated incident log,Rolled back deployment,65
I03080,09-05-2026 07:00,Search,East,Critical,Throughput,347.41,Auto generated incident log,Increased cache,73
I03081,09-05-2026 08:00,Auth,North,Low,Memory,702.38,Auto generated incident log,Scaled up instances,37
I03082,09-05-2026 09:00,Search,East,Low,ErrorRate,890.02,Auto generated incident log,Rolled back deployment,38
I03083,09-05-2026 10:00,Orders,South,Critical,Memory,85.31,Auto generated incident log,Scaled up instances,78
I03084,09-05-2026 11:00,Search,South,Medium,CPU,316.87,Auto generated incident log,Restarted service,51
I03085,09-05-2026 12:00,Orders,East,High,Throughput,865.76,Auto generated incident log,Increased cache,19
I03086,09-05-2026 13:00,Orders,North,Low,CPU,905.43,Auto generated incident log,Optimized queries,73
I03087,09-05-2026 14:00,Orders,South,Medium,ErrorRate,707.38,Auto generated incident log,Rolled back deployment,61
I03088,09-05-2026 15:00,Payment,South,Medium,Memory,494.8,Auto generated incident log,Increased cache,91
I03089,09-05-2026 16:00,Auth,South,Low,ErrorRate,666.77,Auto generated incident log,Scaled up instances,28
I03090,09-05-2026 17:00,Orders,East,Medium,Latency,997.71,Auto generated incident log,Optimized queries,21
I03091,09-05-2026 18:00,Orders,East,Low,ErrorRate,365.5,Auto generated incident log,Optimized queries,51
I03092,09-05-2026 19:00,Auth,North,Low,Throughput,160.96,Auto generated incident log,Restarted service,58
I03093,09-05-2026 20:00,Payment,East,Low,Latency,819.3,Auto generated incident log,Rolled back deployment,91
I03094,09-05-2026 21:00,Search,West,Critical,CPU,907.58,Auto generated incident log,Optimized queries,72
I03095,09-05-2026 22:00,Payment,West,Medium,ErrorRate,20.61,Auto generated incident log,Rolled back deployment,37
I03096,09-05-2026 23:00,Search,West,Critical,Memory,389.13,Auto generated incident log,Scaled up instances,42
I03097,10-05-2026 00:00,Orders,South,Medium,ErrorRate,547.07,Auto generated incident log,Optimized queries,32
I03098,10-05-2026 01:00,Payment,West,Low,CPU,892.71,Auto generated incident log,Scaled up instances,82
I03099,10-05-2026 02:00,Billing,North,Medium,Memory,286.88,Auto generated incident log,Increased cache,119
I03100,10-05-2026 03:00,Payment,South,Low,ErrorRate,724.85,Auto generated incident log,Rolled back deployment,116
I03101,10-05-2026 04:00,Search,East,High,CPU,714.1,Auto generated incident log,Increased cache,105
I03102,10-05-2026 05:00,Billing,West,Medium,Memory,808.71,Auto generated incident log,Restarted service,84
I03103,10-05-2026 06:00,Search,West,Medium,Latency,876.38,Auto generated incident log,Increased cache,95
I03104,10-05-2026 07:00,Orders,North,High,ErrorRate,674.85,Auto generated incident log,Optimized queries,11
I03105,10-05-2026 08:00,Orders,East,Critical,CPU,981.15,Auto generated incident log,Rolled back deployment,14
I03106,10-05-2026 09:00,Billing,East,Critical,Memory,546.59,Auto generated incident log,Rolled back deployment,16
I03107,10-05-2026 10:00,Payment,West,High,Throughput,554.71,Auto generated incident log,Rolled back deployment,53
I03108,10-05-2026 11:00,Payment,North,Low,ErrorRate,959.61,Auto generated incident log,Restarted service,109
I03109,10-05-2026 12:00,Auth,North,Medium,ErrorRate,983.17,Auto generated incident log,Rolled back deployment,88
I03110,10-05-2026 13:00,Billing,South,Low,Memory,232.67,Auto generated incident log,Scaled up instances,38
I03111,10-05-2026 14:00,Orders,East,High,CPU,776.24,Auto generated incident log,Increased cache,75
I03112,10-05-2026 15:00,Auth,East,Low,CPU,888.08,Auto generated incident log,Scaled up instances,6
I03113,10-05-2026 16:00,Auth,South,Medium,ErrorRate,877.77,Auto generated incident log,Rolled back deployment,101
I03114,10-05-2026 17:00,Auth,West,Critical,ErrorRate,580.43,Auto generated incident log,Optimized queries,37
I03115,10-05-2026 18:00,Orders,South,Low,ErrorRate,695.2,Auto generated incident log,Increased cache,79
I03116,10-05-2026 19:00,Auth,South,Low,ErrorRate,872.02,Auto generated incident log,Rolled back deployment,27
I03117,10-05-2026 20:00,Payment,West,Medium,Latency,238.49,Auto generated incident log,Restarted service,113
I03118,10-05-2026 21:00,Payment,East,Critical,Throughput,861.92,Auto generated incident log,Rolled back deployment,79
I03119,10-05-2026 22:00,Search,North,Low,Latency,335.65,Auto generated incident log,Optimized queries,22
I03120,10-05-2026 23:00,Search,West,Low,Memory,889.71,Auto generated incident log,Rolled back deployment,66
I03121,11-05-2026 00:00,Orders,South,Low,Throughput,315.14,Auto generated incident log,Scaled up instances,119
I03122,11-05-2026 01:00,Orders,West,Low,CPU,673.46,Auto generated incident log,Increased cache,71
I03123,11-05-2026 02:00,Auth,East,Medium,Memory,541.92,Auto generated incident log,Increased cache,19
I03124,11-05-2026 03:00,Auth,East,High,Throughput,77.14,Auto generated incident log,Rolled back deployment,97
I03125,11-05-2026 04:00,Payment,South,Medium,Throughput,106.31,Auto generated incident log,Increased cache,83
I03126,11-05-2026 05:00,Billing,South,Low,ErrorRate,321.54,Auto generated incident log,Rolled back deployment,79
I03127,11-05-2026 06:00,Billing,South,Critical,ErrorRate,146.17,Auto generated incident log,Increased cache,5
I03128,11-05-2026 07:00,Payment,West,Medium,CPU,982.38,Auto generated incident log,Restarted service,40
I03129,11-05-2026 08:00,Orders,West,High,Latency,142.68,Auto generated incident log,Scaled up instances,57
I03130,11-05-2026 09:00,Orders,South,Low,ErrorRate,707.67,Auto generated incident log,Increased cache,107
I03131,11-05-2026 10:00,Payment,West,Medium,CPU,392.16,Auto generated incident log,Restarted service,68
I03132,11-05-2026 11:00,Auth,North,High,ErrorRate,234.33,Auto generated incident log,Optimized queries,26
I03133,11-05-2026 12:00,Search,West,High,Throughput,896.67,Auto generated incident log,Scaled up instances,112
I03134,11-05-2026 13:00,Auth,South,High,Latency,275.54,Auto generated incident log,Increased cache,101
I03135,11-05-2026 14:00,Orders,South,Medium,ErrorRate,256.41,Auto generated incident log,Restarted service,25
I03136,11-05-2026 15:00,Billing,West,High,CPU,112.63,Auto generated incident log,Optimized queries,62
I03137,11-05-2026 16:00,Orders,East,Medium,Latency,675.66,Auto generated incident log,Rolled back deployment,91
I03138,11-05-2026 17:00,Payment,East,High,Latency,662.01,Auto generated incident log,Optimized queries,86
I03139,11-05-2026 18:00,Search,East,Medium,Memory,755.67,Auto generated incident log,Rolled back deployment,64
I03140,11-05-2026 19:00,Billing,West,Low,ErrorRate,71.96,Auto generated incident log,Restarted service,80
I03141,11-05-2026 20:00,Billing,North,Medium,Memory,263.31,Auto generated incident log,Scaled up instances,5
I03142,11-05-2026 21:00,Billing,South,Medium,ErrorRate,745.07,Auto generated incident log,Rolled back deployment,47
I03143,11-05-2026 22:00,Payment,North,Low,CPU,999.25,Auto generated incident log,Rolled back deployment,35
I03144,11-05-2026 23:00,Auth,West,Medium,Latency,881.45,Auto generated incident log,Rolled back deployment,101
I03145,12-05-2026 00:00,Orders,East,Medium,Throughput,293.77,Auto generated incident log,Scaled up instances,50
I03146,12-05-2026 01:00,Orders,West,High,Memory,86.45,Auto generated incident log,Increased cache,52
I03147,12-05-2026 02:00,Search,East,Medium,Memory,138.31,Auto generated incident log,Optimized queries,90
I03148,12-05-2026 03:00,Auth,North,Low,Throughput,991.71,Auto generated incident log,Restarted service,14
I03149,12-05-2026 04:00,Payment,West,Low,CPU,817.49,Auto generated incident log,Increased cache,101
I03150,12-05-2026 05:00,Orders,East,Low,Memory,321.37,Auto generated incident log,Increased cache,9
I03151,12-05-2026 06:00,Orders,East,Medium,CPU,345.05,Auto generated incident log,Increased cache,102
I03152,12-05-2026 07:00,Billing,West,Low,Throughput,486.22,Auto generated incident log,Restarted service,118
I03153,12-05-2026 08:00,Billing,West,Medium,ErrorRate,13.04,Auto generated incident log,Scaled up instances,118
I03154,12-05-2026 09:00,Billing,East,Low,Throughput,659.76,Auto generated incident log,Restarted service,18
I03155,12-05-2026 10:00,Search,South,Low,ErrorRate,612.9,Auto generated incident log,Scaled up instances,28
I03156,12-05-2026 11:00,Orders,North,Medium,CPU,14.87,Auto generated incident log,Restarted service,13
I03157,12-05-2026 12:00,Search,East,Low,CPU,498.72,Auto generated incident log,Scaled up instances,111
I03158,12-05-2026 13:00,Payment,West,Medium,Throughput,227.04,Auto generated incident log,Rolled back deployment,98
I03159,12-05-2026 14:00,Billing,West,Low,CPU,332.26,Auto generated incident log,Increased cache,119
I03160,12-05-2026 15:00,Orders,South,Medium,CPU,999.83,Auto generated incident log,Restarted service,104
I03161,12-05-2026 16:00,Orders,West,Low,Latency,919.57,Auto generated incident log,Optimized queries,114
I03162,12-05-2026 17:00,Search,South,Low,CPU,35.47,Auto generated incident log,Rolled back deployment,34
I03163,12-05-2026 18:00,Auth,West,Low,ErrorRate,95.19,Auto generated incident log,Increased cache,73
I03164,12-05-2026 19:00,Orders,East,High,CPU,917.91,Auto generated incident log,Restarted service,26
I03165,12-05-2026 20:00,Search,South,High,CPU,781.6,Auto generated incident log,Increased cache,29
I03166,12-05-2026 21:00,Search,North,Low,Throughput,940.21,Auto generated incident log,Restarted service,117
I03167,12-05-2026 22:00,Billing,North,Low,CPU,518.27,Auto generated incident log,Scaled up instances,54
I03168,12-05-2026 23:00,Billing,North,High,Memory,936,Auto generated incident log,Scaled up instances,78
I03169,13-05-2026 00:00,Payment,West,Critical,CPU,426.18,Auto generated incident log,Scaled up instances,76
I03170,13-05-2026 01:00,Billing,South,Low,ErrorRate,189.62,Auto generated incident log,Rolled back deployment,54
I03171,13-05-2026 02:00,Payment,North,Medium,Latency,848.37,Auto generated incident log,Restarted service,19
I03172,13-05-2026 03:00,Orders,East,Low,Latency,647.23,Auto generated incident log,Rolled back deployment,111
I03173,13-05-2026 04:00,Orders,East,High,CPU,37.27,Auto generated incident log,Scaled up instances,94
I03174,13-05-2026 05:00,Auth,North,High,Throughput,437.28,Auto generated incident log,Rolled back deployment,27
I03175,13-05-2026 06:00,Auth,East,Low,Memory,539.54,Auto generated incident log,Rolled back deployment,50
I03176,13-05-2026 07:00,Billing,South,Medium,ErrorRate,678.11,Auto generated incident log,Increased cache,66
I03177,13-05-2026 08:00,Search,North,High,ErrorRate,834.57,Auto generated incident log,Rolled back deployment,94
I03178,13-05-2026 09:00,Orders,North,High,CPU,78.49,Auto generated incident log,Optimized queries,93
I03179,13-05-2026 10:00,Search,South,Medium,Latency,562.99,Auto generated incident log,Increased cache,81
I03180,13-05-2026 11:00,Auth,South,Low,Memory,5.8,Auto generated incident log,Increased cache,112
I03181,13-05-2026 12:00,Auth,West,Low,CPU,747.54,Auto generated incident log,Restarted service,85
I03182,13-05-2026 13:00,Search,South,Medium,ErrorRate,685.95,Auto generated incident log,Restarted service,88
I03183,13-05-2026 14:00,Payment,South,Low,Memory,349.9,Auto generated incident log,Rolled back deployment,114
I03184,13-05-2026 15:00,Orders,East,Medium,ErrorRate,76.27,Auto generated incident log,Restarted service,37
I03185,13-05-2026 16:00,Auth,South,Low,Throughput,130.38,Auto generated incident log,Increased cache,29
I03186,13-05-2026 17:00,Billing,West,Low,Throughput,949.64,Auto generated incident log,Optimized queries,6
I03187,13-05-2026 18:00,Billing,West,Low,Latency,609.25,Auto generated incident log,Optimized queries,7
I03188,13-05-2026 19:00,Orders,North,Low,CPU,528.92,Auto generated incident log,Restarted service,85
I03189,13-05-2026 20:00,Billing,South,Low,Memory,106.12,Auto generated incident log,Restarted service,93
I03190,13-05-2026 21:00,Auth,West,High,Throughput,142.07,Auto generated incident log,Scaled up instances,47
I03191,13-05-2026 22:00,Orders,South,High,Memory,769.06,Auto generated incident log,Optimized queries,65
I03192,13-05-2026 23:00,Payment,West,High,Memory,503.57,Auto generated incident log,Restarted service,45
I03193,14-05-2026 00:00,Search,North,High,ErrorRate,46.08,Auto generated incident log,Increased cache,86
I03194,14-05-2026 01:00,Search,North,Medium,Latency,700.99,Auto generated incident log,Optimized queries,79
I03195,14-05-2026 02:00,Billing,North,Critical,CPU,929.71,Auto generated incident log,Scaled up instances,12
I03196,14-05-2026 03:00,Auth,North,Critical,ErrorRate,747.57,Auto generated incident log,Scaled up instances,30
I03197,14-05-2026 04:00,Auth,East,Medium,Memory,455.37,Auto generated incident log,Scaled up instances,71
I03198,14-05-2026 05:00,Orders,South,Medium,Memory,66.21,Auto generated incident log,Rolled back deployment,14
I03199,14-05-2026 06:00,Payment,North,High,CPU,305,Auto generated incident log,Increased cache,14
I03200,14-05-2026 07:00,Orders,South,Low,Memory,522.09,Auto generated incident log,Restarted service,99
I03201,14-05-2026 08:00,Billing,South,Critical,Memory,852.84,Auto generated incident log,Rolled back deployment,97
I03202,14-05-2026 09:00,Billing,South,Low,ErrorRate,938.95,Auto generated incident log,Increased cache,39
I03203,14-05-2026 10:00,Payment,East,Low,Throughput,419.66,Auto generated incident log,Optimized queries,43
I03204,14-05-2026 11:00,Billing,North,Low,ErrorRate,761.68,Auto generated incident log,Optimized queries,41
I03205,14-05-2026 12:00,Billing,West,Low,CPU,374.23,Auto generated incident log,Scaled up instances,58
I03206,14-05-2026 13:00,Billing,West,Medium,Throughput,507.95,Auto generated incident log,Restarted service,87
I03207,14-05-2026 14:00,Search,East,Critical,Throughput,233.6,Auto generated incident log,Rolled back deployment,46
I03208,14-05-2026 15:00,Auth,West,Low,Memory,384,Auto generated incident log,Rolled back deployment,25
I03209,14-05-2026 16:00,Orders,North,Medium,CPU,872.45,Auto generated incident log,Scaled up instances,108
I03210,14-05-2026 17:00,Payment,South,High,ErrorRate,524.94,Auto generated incident log,Increased cache,34
I03211,14-05-2026 18:00,Search,West,Medium,Throughput,843.83,Auto generated incident log,Scaled up instances,19
I03212,14-05-2026 19:00,Auth,North,High,Throughput,95.52,Auto generated incident log,Rolled back deployment,54
I03213,14-05-2026 20:00,Search,North,Low,Throughput,974.28,Auto generated incident log,Restarted service,58
I03214,14-05-2026 21:00,Search,North,Low,ErrorRate,13.83,Auto generated incident log,Optimized queries,32
I03215,14-05-2026 22:00,Search,East,Critical,CPU,728.06,Auto generated incident log,Scaled up instances,107
I03216,14-05-2026 23:00,Orders,South,Low,CPU,144.94,Auto generated incident log,Optimized queries,44
I03217,15-05-2026 00:00,Auth,West,High,CPU,49.74,Auto generated incident log,Rolled back deployment,109
I03218,15-05-2026 01:00,Orders,North,Medium,ErrorRate,13.91,Auto generated incident log,Scaled up instances,91
I03219,15-05-2026 02:00,Auth,North,High,Memory,782.05,Auto generated incident log,Increased cache,15
I03220,15-05-2026 03:00,Auth,East,Medium,CPU,449.79,Auto generated incident log,Restarted service,58
I03221,15-05-2026 04:00,Billing,South,Low,CPU,148.57,Auto generated incident log,Restarted service,55
I03222,15-05-2026 05:00,Payment,West,Critical,Latency,172.84,Auto generated incident log,Rolled back deployment,40
I03223,15-05-2026 06:00,Billing,East,Medium,ErrorRate,875.56,Auto generated incident log,Rolled back deployment,28
I03224,15-05-2026 07:00,Billing,South,High,Latency,393.26,Auto generated incident log,Scaled up instances,88
I03225,15-05-2026 08:00,Auth,South,High,Memory,636.78,Auto generated incident log,Scaled up instances,43
I03226,15-05-2026 09:00,Search,East,Low,ErrorRate,751.89,Auto generated incident log,Increased cache,92
I03227,15-05-2026 10:00,Search,South,Medium,Throughput,587.38,Auto generated incident log,Increased cache,79
I03228,15-05-2026 11:00,Billing,East,Medium,ErrorRate,974.22,Auto generated incident log,Optimized queries,15
I03229,15-05-2026 12:00,Orders,West,High,Memory,681.21,Auto generated incident log,Rolled back deployment,69
I03230,15-05-2026 13:00,Search,North,High,CPU,643.5,Auto generated incident log,Increased cache,60
I03231,15-05-2026 14:00,Orders,East,Critical,Latency,786.27,Auto generated incident log,Increased cache,74
I03232,15-05-2026 15:00,Payment,North,Low,Latency,132.14,Auto generated incident log,Rolled back deployment,27
I03233,15-05-2026 16:00,Payment,West,Medium,Memory,96.24,Auto generated incident log,Restarted service,16
I03234,15-05-2026 17:00,Search,West,Medium,CPU,637.08,Auto generated incident log,Increased cache,64
I03235,15-05-2026 18:00,Auth,South,High,Memory,830.74,Auto generated incident log,Restarted service,40
I03236,15-05-2026 19:00,Payment,West,Critical,ErrorRate,616.52,Auto generated incident log,Scaled up instances,25
I03237,15-05-2026 20:00,Orders,South,Critical,ErrorRate,690.37,Auto generated incident log,Scaled up instances,12
I03238,15-05-2026 21:00,Orders,East,Low,Latency,806.91,Auto generated incident log,Rolled back deployment,91
I03239,15-05-2026 22:00,Payment,North,Low,Throughput,541.38,Auto generated incident log,Scaled up instances,7
I03240,15-05-2026 23:00,Auth,South,High,ErrorRate,833.63,Auto generated incident log,Increased cache,40
I03241,16-05-2026 00:00,Orders,South,Low,ErrorRate,991.37,Auto generated incident log,Rolled back deployment,33
I03242,16-05-2026 01:00,Auth,East,Low,Latency,129.19,Auto generated incident log,Scaled up instances,55
I03243,16-05-2026 02:00,Auth,South,Medium,ErrorRate,763.85,Auto generated incident log,Optimized queries,111
I03244,16-05-2026 03:00,Search,East,Low,Memory,118.06,Auto generated incident log,Optimized queries,62
I03245,16-05-2026 04:00,Billing,East,High,Memory,38.47,Auto generated incident log,Restarted service,106
I03246,16-05-2026 05:00,Auth,North,Medium,ErrorRate,51.3,Auto generated incident log,Scaled up instances,18
I03247,16-05-2026 06:00,Payment,North,Low,CPU,594.65,Auto generated incident log,Scaled up instances,83
I03248,16-05-2026 07:00,Orders,South,Critical,Throughput,719.2,Auto generated incident log,Increased cache,46
I03249,16-05-2026 08:00,Billing,East,Low,CPU,56.33,Auto generated incident log,Optimized queries,51
I03250,16-05-2026 09:00,Auth,North,Low,Throughput,212.53,Auto generated incident log,Increased cache,28
I03251,16-05-2026 10:00,Auth,West,Low,ErrorRate,123.1,Auto generated incident log,Optimized queries,113
I03252,16-05-2026 11:00,Payment,East,Medium,CPU,173.85,Auto generated incident log,Rolled back deployment,67
I03253,16-05-2026 12:00,Payment,East,Medium,CPU,584.67,Auto generated incident log,Optimized queries,56
I03254,16-05-2026 13:00,Orders,South,Medium,ErrorRate,247.83,Auto generated incident log,Scaled up instances,112
I03255,16-05-2026 14:00,Auth,West,Low,Throughput,880.26,Auto generated incident log,Restarted service,37
I03256,16-05-2026 15:00,Auth,West,Low,Memory,130.67,Auto generated incident log,Restarted service,42
I03257,16-05-2026 16:00,Auth,North,Medium,CPU,306.32,Auto generated incident log,Increased cache,87
I03258,16-05-2026 17:00,Billing,North,High,Memory,920.68,Auto generated incident log,Rolled back deployment,100
I03259,16-05-2026 18:00,Orders,South,Medium,ErrorRate,683.09,Auto generated incident log,Increased cache,48
I03260,16-05-2026 19:00,Payment,North,Low,Memory,362.04,Auto generated incident log,Increased cache,58
I03261,16-05-2026 20:00,Auth,East,Low,CPU,274.58,Auto generated incident log,Increased cache,12
I03262,16-05-2026 21:00,Auth,West,Medium,Throughput,616.88,Auto generated incident log,Increased cache,117
I03263,16-05-2026 22:00,Search,South,High,Memory,486.5,Auto generated incident log,Scaled up instances,110
I03264,16-05-2026 23:00,Orders,South,Low,ErrorRate,556.7,Auto generated incident log,Optimized queries,56
I03265,17-05-2026 00:00,Search,South,Low,CPU,1.84,Auto generated incident log,Optimized queries,118
I03266,17-05-2026 01:00,Search,South,Medium,Latency,506.65,Auto generated incident log,Rolled back deployment,67
I03267,17-05-2026 02:00,Billing,South,High,Throughput,685.83,Auto generated incident log,Restarted service,57
I03268,17-05-2026 03:00,Orders,South,Low,Latency,164.4,Auto generated incident log,Restarted service,45
I03269,17-05-2026 04:00,Payment,West,Medium,CPU,587.91,Auto generated incident log,Increased cache,42
I03270,17-05-2026 05:00,Billing,East,High,Memory,61.34,Auto generated incident log,Increased cache,13
I03271,17-05-2026 06:00,Payment,South,Medium,Latency,625.95,Auto generated incident log,Restarted service,111
I03272,17-05-2026 07:00,Auth,North,Low,CPU,681.79,Auto generated incident log,Restarted service,50
I03273,17-05-2026 08:00,Billing,West,High,Throughput,989.77,Auto generated incident log,Scaled up instances,29
I03274,17-05-2026 09:00,Billing,South,Critical,ErrorRate,944.93,Auto generated incident log,Scaled up instances,89
I03275,17-05-2026 10:00,Orders,South,Critical,Throughput,473.05,Auto generated incident log,Restarted service,107
I03276,17-05-2026 11:00,Payment,South,High,ErrorRate,39.93,Auto generated incident log,Restarted service,42
I03277,17-05-2026 12:00,Search,North,Low,Throughput,629.24,Auto generated incident log,Restarted service,55
I03278,17-05-2026 13:00,Orders,West,Medium,CPU,975.61,Auto generated incident log,Scaled up instances,68
I03279,17-05-2026 14:00,Auth,North,Low,CPU,396.31,Auto generated incident log,Scaled up instances,21
I03280,17-05-2026 15:00,Billing,South,High,ErrorRate,700.13,Auto generated incident log,Scaled up instances,28
I03281,17-05-2026 16:00,Billing,North,Medium,Throughput,445.66,Auto generated incident log,Rolled back deployment,41
I03282,17-05-2026 17:00,Payment,West,High,Throughput,918.35,Auto generated incident log,Scaled up instances,43
I03283,17-05-2026 18:00,Orders,South,Medium,ErrorRate,504.37,Auto generated incident log,Increased cache,109
I03284,17-05-2026 19:00,Payment,North,High,Latency,704.66,Auto generated incident log,Optimized queries,20
I03285,17-05-2026 20:00,Orders,West,Medium,ErrorRate,347.93,Auto generated incident log,Optimized queries,101
I03286,17-05-2026 21:00,Billing,East,Medium,Latency,594.46,Auto generated incident log,Scaled up instances,43
I03287,17-05-2026 22:00,Orders,North,High,Latency,955.29,Auto generated incident log,Optimized queries,10
I03288,17-05-2026 23:00,Orders,West,Medium,ErrorRate,548.86,Auto generated incident log,Rolled back deployment,92
I03289,18-05-2026 00:00,Auth,South,Medium,ErrorRate,144.28,Auto generated incident log,Rolled back deployment,71
I03290,18-05-2026 01:00,Auth,North,High,CPU,807.6,Auto generated incident log,Increased cache,111
I03291,18-05-2026 02:00,Auth,South,Medium,CPU,431.22,Auto generated incident log,Scaled up instances,25
I03292,18-05-2026 03:00,Payment,South,Medium,CPU,280.18,Auto generated incident log,Scaled up instances,68
I03293,18-05-2026 04:00,Orders,North,Critical,CPU,980.56,Auto generated incident log,Rolled back deployment,60
I03294,18-05-2026 05:00,Search,West,High,Latency,711.29,Auto generated incident log,Restarted service,100
I03295,18-05-2026 06:00,Auth,West,High,Latency,909.04,Auto generated incident log,Optimized queries,79
I03296,18-05-2026 07:00,Billing,South,High,Memory,790.35,Auto generated incident log,Optimized queries,112
I03297,18-05-2026 08:00,Billing,South,High,Throughput,152.92,Auto generated incident log,Restarted service,105
I03298,18-05-2026 09:00,Auth,West,Low,Latency,603,Auto generated incident log,Scaled up instances,119
I03299,18-05-2026 10:00,Auth,South,Low,Throughput,521.99,Auto generated incident log,Restarted service,91
I03300,18-05-2026 11:00,Billing,North,Medium,Throughput,741.35,Auto generated incident log,Restarted service,70
I03301,18-05-2026 12:00,Orders,South,High,CPU,257.09,Auto generated incident log,Scaled up instances,82
I03302,18-05-2026 13:00,Search,North,Low,Latency,706.67,Auto generated incident log,Rolled back deployment,22
I03303,18-05-2026 14:00,Billing,West,High,Latency,603.59,Auto generated incident log,Rolled back deployment,80
I03304,18-05-2026 15:00,Search,East,Medium,Throughput,815.92,Auto generated incident log,Scaled up instances,115
I03305,18-05-2026 16:00,Search,West,Medium,Throughput,598.38,Auto generated incident log,Restarted service,82
I03306,18-05-2026 17:00,Billing,East,Low,Throughput,265.62,Auto generated incident log,Scaled up instances,33
I03307,18-05-2026 18:00,Billing,West,Critical,Latency,1.13,Auto generated incident log,Increased cache,12
I03308,18-05-2026 19:00,Orders,South,High,Latency,821.4,Auto generated incident log,Scaled up instances,29
I03309,18-05-2026 20:00,Search,North,Medium,CPU,371.5,Auto generated incident log,Restarted service,108
I03310,18-05-2026 21:00,Payment,West,Low,Throughput,198.33,Auto generated incident log,Scaled up instances,104
I03311,18-05-2026 22:00,Billing,West,High,CPU,575.4,Auto generated incident log,Optimized queries,15
I03312,18-05-2026 23:00,Payment,East,Medium,Latency,729.76,Auto generated incident log,Rolled back deployment,69
I03313,19-05-2026 00:00,Search,East,Medium,ErrorRate,274.98,Auto generated incident log,Rolled back deployment,88
I03314,19-05-2026 01:00,Billing,West,Low,Latency,376.18,Auto generated incident log,Optimized queries,56
I03315,19-05-2026 02:00,Search,South,Medium,ErrorRate,219.58,Auto generated incident log,Rolled back deployment,101
I03316,19-05-2026 03:00,Payment,North,High,Throughput,296.83,Auto generated incident log,Rolled back deployment,86
I03317,19-05-2026 04:00,Search,West,Medium,CPU,432.97,Auto generated incident log,Scaled up instances,38
I03318,19-05-2026 05:00,Payment,North,Low,Memory,814.86,Auto generated incident log,Optimized queries,99
I03319,19-05-2026 06:00,Search,North,Medium,Latency,199.24,Auto generated incident log,Optimized queries,62
I03320,19-05-2026 07:00,Payment,South,Critical,Memory,148.06,Auto generated incident log,Rolled back deployment,88
I03321,19-05-2026 08:00,Billing,East,Medium,Throughput,355.81,Auto generated incident log,Increased cache,67
I03322,19-05-2026 09:00,Orders,East,Critical,Throughput,833.92,Auto generated incident log,Rolled back deployment,19
I03323,19-05-2026 10:00,Billing,South,Low,CPU,635.91,Auto generated incident log,Restarted service,45
I03324,19-05-2026 11:00,Orders,North,Low,Throughput,356.13,Auto generated incident log,Rolled back deployment,94
I03325,19-05-2026 12:00,Billing,East,High,ErrorRate,297.94,Auto generated incident log,Increased cache,97
I03326,19-05-2026 13:00,Payment,East,High,Latency,381.27,Auto generated incident log,Increased cache,90
I03327,19-05-2026 14:00,Payment,North,Low,CPU,901.46,Auto generated incident log,Rolled back deployment,65
I03328,19-05-2026 15:00,Orders,West,High,Throughput,520.98,Auto generated incident log,Scaled up instances,98
I03329,19-05-2026 16:00,Orders,North,Medium,Throughput,203,Auto generated incident log,Restarted service,102
I03330,19-05-2026 17:00,Orders,North,High,CPU,112.24,Auto generated incident log,Restarted service,110
I03331,19-05-2026 18:00,Orders,East,Low,ErrorRate,935.38,Auto generated incident log,Rolled back deployment,74
I03332,19-05-2026 19:00,Payment,East,High,Latency,323.98,Auto generated incident log,Optimized queries,66
I03333,19-05-2026 20:00,Auth,East,Medium,Memory,840.46,Auto generated incident log,Increased cache,74
I03334,19-05-2026 21:00,Orders,West,High,CPU,733.17,Auto generated incident log,Optimized queries,111
I03335,19-05-2026 22:00,Auth,South,Medium,ErrorRate,945.03,Auto generated incident log,Optimized queries,92
I03336,19-05-2026 23:00,Search,East,Low,Memory,431.2,Auto generated incident log,Increased cache,16
I03337,20-05-2026 00:00,Search,North,Low,ErrorRate,47.67,Auto generated incident log,Increased cache,79
I03338,20-05-2026 01:00,Payment,East,Low,CPU,395.91,Auto generated incident log,Increased cache,89
I03339,20-05-2026 02:00,Billing,North,High,CPU,320.05,Auto generated incident log,Rolled back deployment,82
I03340,20-05-2026 03:00,Search,East,Medium,Latency,913.84,Auto generated incident log,Increased cache,45
I03341,20-05-2026 04:00,Billing,West,Medium,Latency,33.59,Auto generated incident log,Restarted service,110
I03342,20-05-2026 05:00,Search,South,Low,ErrorRate,553.08,Auto generated incident log,Increased cache,65
I03343,20-05-2026 06:00,Payment,West,High,ErrorRate,559.72,Auto generated incident log,Rolled back deployment,115
I03344,20-05-2026 07:00,Orders,West,High,ErrorRate,430.21,Auto generated incident log,Restarted service,56
I03345,20-05-2026 08:00,Auth,West,High,CPU,312.78,Auto generated incident log,Optimized queries,50
I03346,20-05-2026 09:00,Billing,West,Low,CPU,330.54,Auto generated incident log,Rolled back deployment,46
I03347,20-05-2026 10:00,Payment,West,High,Throughput,230.1,Auto generated incident log,Optimized queries,103
I03348,20-05-2026 11:00,Payment,East,Low,Throughput,370.44,Auto generated incident log,Rolled back deployment,36
I03349,20-05-2026 12:00,Orders,South,High,CPU,414.99,Auto generated incident log,Rolled back deployment,60
I03350,20-05-2026 13:00,Orders,North,Low,Memory,157.68,Auto generated incident log,Rolled back deployment,21
I03351,20-05-2026 14:00,Billing,North,High,ErrorRate,699.47,Auto generated incident log,Restarted service,102
I03352,20-05-2026 15:00,Search,West,Low,CPU,768.37,Auto generated incident log,Rolled back deployment,66
I03353,20-05-2026 16:00,Orders,West,High,ErrorRate,458.12,Auto generated incident log,Increased cache,59
I03354,20-05-2026 17:00,Payment,South,Medium,ErrorRate,786.44,Auto generated incident log,Optimized queries,115
I03355,20-05-2026 18:00,Billing,South,Medium,Throughput,963.31,Auto generated incident log,Increased cache,74
I03356,20-05-2026 19:00,Search,East,Critical,Memory,176.72,Auto generated incident log,Rolled back deployment,107
I03357,20-05-2026 20:00,Search,West,Critical,Latency,385.79,Auto generated incident log,Increased cache,49
I03358,20-05-2026 21:00,Search,South,Low,Latency,424.81,Auto generated incident log,Optimized queries,80
I03359,20-05-2026 22:00,Billing,East,Low,Throughput,530.69,Auto generated incident log,Increased cache,54
I03360,20-05-2026 23:00,Auth,North,Low,Latency,846.54,Auto generated incident log,Optimized queries,45
I03361,21-05-2026 00:00,Orders,North,Medium,Latency,499.83,Auto generated incident log,Restarted service,67
I03362,21-05-2026 01:00,Payment,South,Low,Latency,446.04,Auto generated incident log,Rolled back deployment,5
I03363,21-05-2026 02:00,Auth,South,Medium,Throughput,802.22,Auto generated incident log,Increased cache,56
I03364,21-05-2026 03:00,Search,West,High,Memory,991.16,Auto generated incident log,Scaled up instances,97
I03365,21-05-2026 04:00,Payment,South,Low,ErrorRate,226.31,Auto generated incident log,Scaled up instances,54
I03366,21-05-2026 05:00,Auth,East,Low,Memory,838.32,Auto generated incident log,Optimized queries,114
I03367,21-05-2026 06:00,Search,North,Low,CPU,438.7,Auto generated incident log,Rolled back deployment,97
I03368,21-05-2026 07:00,Payment,South,High,ErrorRate,110.31,Auto generated incident log,Scaled up instances,25
I03369,21-05-2026 08:00,Orders,South,Low,ErrorRate,359.74,Auto generated incident log,Optimized queries,7
I03370,21-05-2026 09:00,Billing,South,High,Throughput,206.59,Auto generated incident log,Scaled up instances,75
I03371,21-05-2026 10:00,Auth,South,Medium,ErrorRate,376.68,Auto generated incident log,Increased cache,64
I03372,21-05-2026 11:00,Billing,West,High,Latency,169.17,Auto generated incident log,Increased cache,15
I03373,21-05-2026 12:00,Billing,West,Low,Memory,407.38,Auto generated incident log,Restarted service,98
I03374,21-05-2026 13:00,Auth,South,High,Throughput,967.01,Auto generated incident log,Restarted service,32
I03375,21-05-2026 14:00,Auth,West,Low,Latency,911.48,Auto generated incident log,Restarted service,19
I03376,21-05-2026 15:00,Search,West,Medium,Throughput,336.99,Auto generated incident log,Restarted service,35
I03377,21-05-2026 16:00,Orders,East,Low,Throughput,675.61,Auto generated incident log,Increased cache,25
I03378,21-05-2026 17:00,Billing,South,Medium,ErrorRate,552.42,Auto generated incident log,Restarted service,73
I03379,21-05-2026 18:00,Billing,North,Critical,Latency,931.72,Auto generated incident log,Restarted service,33
I03380,21-05-2026 19:00,Search,East,Low,CPU,573.44,Auto generated incident log,Scaled up instances,118
I03381,21-05-2026 20:00,Orders,South,Medium,ErrorRate,339.23,Auto generated incident log,Rolled back deployment,33
I03382,21-05-2026 21:00,Billing,South,Medium,CPU,754.28,Auto generated incident log,Rolled back deployment,12
I03383,21-05-2026 22:00,Search,East,Medium,Throughput,737.81,Auto generated incident log,Increased cache,20
I03384,21-05-2026 23:00,Auth,West,Low,Memory,845.5,Auto generated incident log,Increased cache,96
I03385,22-05-2026 00:00,Search,South,Low,Memory,264.95,Auto generated incident log,Optimized queries,81
I03386,22-05-2026 01:00,Billing,North,Medium,CPU,769.77,Auto generated incident log,Optimized queries,46
I03387,22-05-2026 02:00,Orders,West,Low,Memory,561.1,Auto generated incident log,Optimized queries,116
I03388,22-05-2026 03:00,Auth,South,Medium,Throughput,780.87,Auto generated incident log,Scaled up instances,78
I03389,22-05-2026 04:00,Payment,South,High,Latency,402.92,Auto generated incident log,Restarted service,17
I03390,22-05-2026 05:00,Search,North,Medium,CPU,781.78,Auto generated incident log,Restarted service,103
I03391,22-05-2026 06:00,Orders,West,Low,Memory,789.47,Auto generated incident log,Restarted service,9
I03392,22-05-2026 07:00,Auth,East,Low,Latency,696.33,Auto generated incident log,Scaled up instances,44
I03393,22-05-2026 08:00,Auth,West,Low,Memory,723.75,Auto generated incident log,Optimized queries,18
I03394,22-05-2026 09:00,Payment,East,High,Latency,948.37,Auto generated incident log,Rolled back deployment,50
I03395,22-05-2026 10:00,Payment,West,Medium,Throughput,480.6,Auto generated incident log,Restarted service,46
I03396,22-05-2026 11:00,Auth,East,Low,ErrorRate,554.98,Auto generated incident log,Scaled up instances,71
I03397,22-05-2026 12:00,Billing,North,Low,CPU,109.3,Auto generated incident log,Scaled up instances,59
I03398,22-05-2026 13:00,Payment,North,High,Memory,765.07,Auto generated incident log,Restarted service,56
I03399,22-05-2026 14:00,Search,East,Medium,Throughput,733.91,Auto generated incident log,Scaled up instances,81
I03400,22-05-2026 15:00,Auth,North,Medium,CPU,249.52,Auto generated incident log,Rolled back deployment,92
I03401,22-05-2026 16:00,Auth,West,Low,ErrorRate,589.92,Auto generated incident log,Optimized queries,56
I03402,22-05-2026 17:00,Payment,West,Medium,Latency,17.17,Auto generated incident log,Optimized queries,114
I03403,22-05-2026 18:00,Search,East,Critical,Memory,710.88,Auto generated incident log,Optimized queries,50
I03404,22-05-2026 19:00,Search,East,High,ErrorRate,258.84,Auto generated incident log,Scaled up instances,29
I03405,22-05-2026 20:00,Payment,North,Medium,ErrorRate,886.73,Auto generated incident log,Restarted service,72
I03406,22-05-2026 21:00,Search,North,High,Memory,832.57,Auto generated incident log,Increased cache,111
I03407,22-05-2026 22:00,Payment,North,Critical,Throughput,325.63,Auto generated incident log,Rolled back deployment,80
I03408,22-05-2026 23:00,Search,West,High,CPU,5.87,Auto generated incident log,Scaled up instances,58
I03409,23-05-2026 00:00,Billing,East,Low,Latency,905.76,Auto generated incident log,Scaled up instances,5
I03410,23-05-2026 01:00,Search,North,Medium,Throughput,488.19,Auto generated incident log,Restarted service,80
I03411,23-05-2026 02:00,Auth,East,Low,Throughput,706.15,Auto generated incident log,Scaled up instances,89
I03412,23-05-2026 03:00,Billing,East,Low,Latency,274.53,Auto generated incident log,Rolled back deployment,116
I03413,23-05-2026 04:00,Auth,North,Low,Memory,408.56,Auto generated incident log,Restarted service,12
I03414,23-05-2026 05:00,Auth,South,High,Memory,766.62,Auto generated incident log,Increased cache,60
I03415,23-05-2026 06:00,Auth,North,High,Throughput,8.42,Auto generated incident log,Scaled up instances,80
I03416,23-05-2026 07:00,Orders,North,Low,Throughput,715.15,Auto generated incident log,Restarted service,39
I03417,23-05-2026 08:00,Billing,South,High,Latency,507.11,Auto generated incident log,Scaled up instances,116
I03418,23-05-2026 09:00,Auth,North,High,CPU,132.21,Auto generated incident log,Optimized queries,59
I03419,23-05-2026 10:00,Payment,South,Low,Memory,702.08,Auto generated incident log,Rolled back deployment,46
I03420,23-05-2026 11:00,Search,North,Low,Throughput,565.73,Auto generated incident log,Rolled back deployment,26
I03421,23-05-2026 12:00,Search,East,Medium,Latency,459.01,Auto generated incident log,Optimized queries,43
I03422,23-05-2026 13:00,Auth,South,Critical,CPU,785.07,Auto generated incident log,Increased cache,107
I03423,23-05-2026 14:00,Auth,West,Low,Throughput,711.2,Auto generated incident log,Optimized queries,26
I03424,23-05-2026 15:00,Billing,North,Medium,ErrorRate,607.66,Auto generated incident log,Optimized queries,11
I03425,23-05-2026 16:00,Search,South,Low,Memory,791.9,Auto generated incident log,Restarted service,57
I03426,23-05-2026 17:00,Orders,North,Medium,Throughput,960.86,Auto generated incident log,Rolled back deployment,76
I03427,23-05-2026 18:00,Search,North,Low,Latency,622.28,Auto generated incident log,Optimized queries,82
I03428,23-05-2026 19:00,Search,West,High,Memory,604.74,Auto generated incident log,Increased cache,23
I03429,23-05-2026 20:00,Auth,West,High,Throughput,498.77,Auto generated incident log,Scaled up instances,97
I03430,23-05-2026 21:00,Orders,South,Medium,Throughput,504.59,Auto generated incident log,Optimized queries,65
I03431,23-05-2026 22:00,Payment,West,High,Latency,984.34,Auto generated incident log,Restarted service,61
I03432,23-05-2026 23:00,Auth,North,Low,ErrorRate,444.89,Auto generated incident log,Restarted service,66
I03433,24-05-2026 00:00,Orders,North,Medium,CPU,940.63,Auto generated incident log,Increased cache,81
I03434,24-05-2026 01:00,Auth,South,Low,CPU,236.92,Auto generated incident log,Optimized queries,113
I03435,24-05-2026 02:00,Billing,West,Medium,Throughput,902.51,Auto generated incident log,Optimized queries,94
I03436,24-05-2026 03:00,Auth,East,High,Memory,555.23,Auto generated incident log,Optimized queries,37
I03437,24-05-2026 04:00,Billing,East,Critical,CPU,320.76,Auto generated incident log,Restarted service,91
I03438,24-05-2026 05:00,Orders,West,Low,Memory,952.54,Auto generated incident log,Optimized queries,8
I03439,24-05-2026 06:00,Payment,South,Low,Memory,614.53,Auto generated incident log,Increased cache,94
I03440,24-05-2026 07:00,Orders,East,Medium,Latency,128.88,Auto generated incident log,Optimized queries,100
I03441,24-05-2026 08:00,Billing,South,Medium,Latency,546.02,Auto generated incident log,Rolled back deployment,52
I03442,24-05-2026 09:00,Payment,East,Medium,Throughput,477.11,Auto generated incident log,Restarted service,35
I03443,24-05-2026 10:00,Payment,South,Low,Throughput,305.99,Auto generated incident log,Restarted service,75
I03444,24-05-2026 11:00,Search,North,High,CPU,599.51,Auto generated incident log,Optimized queries,6
I03445,24-05-2026 12:00,Payment,South,High,Memory,444.14,Auto generated incident log,Scaled up instances,60
I03446,24-05-2026 13:00,Orders,West,High,Memory,713.03,Auto generated incident log,Optimized queries,89
I03447,24-05-2026 14:00,Billing,West,Medium,CPU,54.64,Auto generated incident log,Rolled back deployment,7
I03448,24-05-2026 15:00,Auth,North,High,Memory,824.77,Auto generated incident log,Scaled up instances,42
I03449,24-05-2026 16:00,Search,East,Low,ErrorRate,554.04,Auto generated incident log,Restarted service,61
I03450,24-05-2026 17:00,Orders,West,Low,Latency,622.29,Auto generated incident log,Restarted service,69
I03451,24-05-2026 18:00,Payment,East,Low,Memory,502.53,Auto generated incident log,Rolled back deployment,109
I03452,24-05-2026 19:00,Payment,West,Medium,CPU,509.34,Auto generated incident log,Restarted service,104
I03453,24-05-2026 20:00,Billing,North,Low,Throughput,349,Auto generated incident log,Scaled up instances,58
I03454,24-05-2026 21:00,Billing,East,Low,CPU,296.22,Auto generated incident log,Increased cache,116
I03455,24-05-2026 22:00,Billing,West,Medium,Memory,551.5,Auto generated incident log,Rolled back deployment,38
I03456,24-05-2026 23:00,Auth,North,Medium,Memory,824.2,Auto generated incident log,Restarted service,101
I03457,25-05-2026 00:00,Auth,West,High,Throughput,251.16,Auto generated incident log,Optimized queries,64
I03458,25-05-2026 01:00,Orders,East,High,ErrorRate,611.94,Auto generated incident log,Optimized queries,95
I03459,25-05-2026 02:00,Orders,West,Low,Throughput,320.77,Auto generated incident log,Scaled up instances,56
I03460,25-05-2026 03:00,Billing,South,Low,CPU,877.08,Auto generated incident log,Restarted service,46
I03461,25-05-2026 04:00,Auth,West,Critical,Throughput,736.26,Auto generated incident log,Scaled up instances,41
I03462,25-05-2026 05:00,Orders,East,Medium,Memory,955.06,Auto generated incident log,Rolled back deployment,10
I03463,25-05-2026 06:00,Search,West,Low,CPU,241.58,Auto generated incident log,Optimized queries,31
I03464,25-05-2026 07:00,Orders,East,Low,Latency,52.7,Auto generated incident log,Increased cache,25
I03465,25-05-2026 08:00,Payment,North,Low,Throughput,464.68,Auto generated incident log,Restarted service,56
I03466,25-05-2026 09:00,Auth,West,Critical,Memory,465.98,Auto generated incident log,Optimized queries,7
I03467,25-05-2026 10:00,Search,South,High,ErrorRate,857.56,Auto generated incident log,Rolled back deployment,112
I03468,25-05-2026 11:00,Search,South,Low,Memory,160.12,Auto generated incident log,Scaled up instances,99
I03469,25-05-2026 12:00,Orders,South,High,CPU,209.33,Auto generated incident log,Increased cache,40
I03470,25-05-2026 13:00,Billing,South,High,CPU,785.9,Auto generated incident log,Rolled back deployment,53
I03471,25-05-2026 14:00,Payment,South,Medium,Memory,295.2,Auto generated incident log,Rolled back deployment,79
I03472,25-05-2026 15:00,Orders,South,Critical,ErrorRate,610.71,Auto generated incident log,Restarted service,62
I03473,25-05-2026 16:00,Orders,West,Medium,CPU,419.49,Auto generated incident log,Restarted service,54
I03474,25-05-2026 17:00,Orders,West,Low,CPU,52.3,Auto generated incident log,Scaled up instances,66
I03475,25-05-2026 18:00,Billing,North,Critical,CPU,837.67,Auto generated incident log,Increased cache,30
I03476,25-05-2026 19:00,Search,South,Critical,Throughput,977.62,Auto generated incident log,Optimized queries,18
I03477,25-05-2026 20:00,Search,West,Critical,ErrorRate,90.81,Auto generated incident log,Optimized queries,71
I03478,25-05-2026 21:00,Orders,East,High,CPU,903.75,Auto generated incident log,Increased cache,51
I03479,25-05-2026 22:00,Search,South,Critical,ErrorRate,436.33,Auto generated incident log,Optimized queries,21
I03480,25-05-2026 23:00,Orders,North,Critical,Memory,758.31,Auto generated incident log,Optimized queries,25
I03481,26-05-2026 00:00,Search,North,Low,Latency,661.43,Auto generated incident log,Scaled up instances,5
I03482,26-05-2026 01:00,Auth,South,Low,CPU,337.57,Auto generated incident log,Rolled back deployment,12
I03483,26-05-2026 02:00,Search,South,High,Latency,782.95,Auto generated incident log,Increased cache,55
I03484,26-05-2026 03:00,Billing,South,Low,CPU,625.5,Auto generated incident log,Rolled back deployment,50
I03485,26-05-2026 04:00,Search,South,Medium,ErrorRate,287.47,Auto generated incident log,Scaled up instances,21
I03486,26-05-2026 05:00,Payment,South,High,Latency,638.02,Auto generated incident log,Restarted service,8
I03487,26-05-2026 06:00,Auth,East,Medium,Throughput,632.43,Auto generated incident log,Scaled up instances,33
I03488,26-05-2026 07:00,Orders,West,Medium,Throughput,919.07,Auto generated incident log,Restarted service,89
I03489,26-05-2026 08:00,Search,East,Medium,ErrorRate,604.14,Auto generated incident log,Scaled up instances,37
I03490,26-05-2026 09:00,Auth,East,Low,Throughput,668.62,Auto generated incident log,Optimized queries,54
I03491,26-05-2026 10:00,Billing,South,Low,Throughput,633.22,Auto generated incident log,Scaled up instances,118
I03492,26-05-2026 11:00,Search,North,High,CPU,164.9,Auto generated incident log,Optimized queries,6
I03493,26-05-2026 12:00,Orders,South,High,Throughput,285.79,Auto generated incident log,Optimized queries,18
I03494,26-05-2026 13:00,Orders,East,Medium,Throughput,879.65,Auto generated incident log,Rolled back deployment,107
I03495,26-05-2026 14:00,Search,West,Medium,Memory,728.89,Auto generated incident log,Optimized queries,87
I03496,26-05-2026 15:00,Search,East,Medium,Throughput,501.32,Auto generated incident log,Restarted service,88
I03497,26-05-2026 16:00,Orders,South,Low,ErrorRate,593.18,Auto generated incident log,Optimized queries,70
I03498,26-05-2026 17:00,Orders,West,Medium,Throughput,33.42,Auto generated incident log,Increased cache,37
I03499,26-05-2026 18:00,Auth,South,Low,CPU,175.43,Auto generated incident log,Restarted service,38
I03500,26-05-2026 19:00,Billing,East,Low,ErrorRate,473.19,Auto generated incident log,Optimized queries,5
I03501,26-05-2026 20:00,Search,East,Medium,Latency,610.92,Auto generated incident log,Rolled back deployment,14
I03502,26-05-2026 21:00,Search,East,Critical,ErrorRate,729.92,Auto generated incident log,Optimized queries,71
I03503,26-05-2026 22:00,Search,South,Low,ErrorRate,815.01,Auto generated incident log,Optimized queries,94
I03504,26-05-2026 23:00,Billing,West,High,ErrorRate,448.06,Auto generated incident log,Rolled back deployment,62
I03505,27-05-2026 00:00,Auth,North,Medium,Throughput,25.69,Auto generated incident log,Optimized queries,30
I03506,27-05-2026 01:00,Auth,East,Medium,Throughput,889.44,Auto generated incident log,Rolled back deployment,114
I03507,27-05-2026 02:00,Payment,East,Medium,ErrorRate,712.65,Auto generated incident log,Scaled up instances,26
I03508,27-05-2026 03:00,Orders,North,Low,Throughput,401.36,Auto generated incident log,Increased cache,32
I03509,27-05-2026 04:00,Payment,West,High,CPU,546.65,Auto generated incident log,Restarted service,31
I03510,27-05-2026 05:00,Search,West,Low,Memory,724.7,Auto generated incident log,Optimized queries,61
I03511,27-05-2026 06:00,Billing,East,Low,Throughput,101.46,Auto generated incident log,Restarted service,33
I03512,27-05-2026 07:00,Auth,West,Medium,CPU,252.04,Auto generated incident log,Restarted service,32
I03513,27-05-2026 08:00,Billing,East,High,CPU,450.65,Auto generated incident log,Scaled up instances,53
I03514,27-05-2026 09:00,Payment,South,High,Memory,647.5,Auto generated incident log,Increased cache,31
I03515,27-05-2026 10:00,Payment,North,High,Latency,395.77,Auto generated incident log,Rolled back deployment,92
I03516,27-05-2026 11:00,Orders,East,Critical,Memory,890.73,Auto generated incident log,Rolled back deployment,21
I03517,27-05-2026 12:00,Search,East,Low,ErrorRate,255.78,Auto generated incident log,Increased cache,53
I03518,27-05-2026 13:00,Auth,West,High,CPU,689.9,Auto generated incident log,Rolled back deployment,12
I03519,27-05-2026 14:00,Payment,West,High,CPU,264.14,Auto generated incident log,Scaled up instances,84
I03520,27-05-2026 15:00,Search,East,Low,Memory,36.67,Auto generated incident log,Optimized queries,84
I03521,27-05-2026 16:00,Billing,South,High,CPU,709,Auto generated incident log,Increased cache,21
I03522,27-05-2026 17:00,Auth,East,Medium,Memory,621.62,Auto generated incident log,Rolled back deployment,90
I03523,27-05-2026 18:00,Search,North,Medium,Memory,490.29,Auto generated incident log,Optimized queries,119
I03524,27-05-2026 19:00,Auth,North,Medium,Latency,121.73,Auto generated incident log,Increased cache,11
I03525,27-05-2026 20:00,Auth,North,High,Throughput,803.9,Auto generated incident log,Optimized queries,47
I03526,27-05-2026 21:00,Orders,West,Medium,Throughput,301.5,Auto generated incident log,Increased cache,97
I03527,27-05-2026 22:00,Auth,North,Low,Latency,980.8,Auto generated incident log,Rolled back deployment,117
I03528,27-05-2026 23:00,Auth,East,High,ErrorRate,476,Auto generated incident log,Scaled up instances,60
I03529,28-05-2026 00:00,Auth,West,Medium,Throughput,64.67,Auto generated incident log,Increased cache,111
I03530,28-05-2026 01:00,Payment,West,High,Memory,540.82,Auto generated incident log,Scaled up instances,70
I03531,28-05-2026 02:00,Payment,East,High,Latency,111.09,Auto generated incident log,Rolled back deployment,19
I03532,28-05-2026 03:00,Orders,West,Medium,Latency,537.34,Auto generated incident log,Rolled back deployment,102
I03533,28-05-2026 04:00,Auth,East,Medium,CPU,673.75,Auto generated incident log,Restarted service,26
I03534,28-05-2026 05:00,Search,West,Medium,CPU,823.15,Auto generated incident log,Rolled back deployment,48
I03535,28-05-2026 06:00,Search,South,Medium,Latency,655.83,Auto generated incident log,Scaled up instances,74
I03536,28-05-2026 07:00,Payment,East,Medium,Throughput,28.27,Auto generated incident log,Restarted service,39
I03537,28-05-2026 08:00,Auth,North,Low,ErrorRate,538.37,Auto generated incident log,Optimized queries,59
I03538,28-05-2026 09:00,Orders,East,High,Throughput,151.51,Auto generated incident log,Optimized queries,117
I03539,28-05-2026 10:00,Search,West,Medium,Latency,288.07,Auto generated incident log,Optimized queries,39
I03540,28-05-2026 11:00,Orders,East,Medium,Memory,858.17,Auto generated incident log,Scaled up instances,50
I03541,28-05-2026 12:00,Auth,South,Medium,Memory,731.89,Auto generated incident log,Increased cache,54
I03542,28-05-2026 13:00,Auth,West,Medium,CPU,353.28,Auto generated incident log,Scaled up instances,72
I03543,28-05-2026 14:00,Auth,South,Low,CPU,512.99,Auto generated incident log,Optimized queries,75
I03544,28-05-2026 15:00,Search,West,Low,Throughput,467.93,Auto generated incident log,Increased cache,76
I03545,28-05-2026 16:00,Auth,North,Low,Throughput,568.75,Auto generated incident log,Optimized queries,101
I03546,28-05-2026 17:00,Search,North,Medium,Memory,283.98,Auto generated incident log,Restarted service,107
I03547,28-05-2026 18:00,Payment,North,High,CPU,217.86,Auto generated incident log,Scaled up instances,29
I03548,28-05-2026 19:00,Search,East,Critical,Memory,385.33,Auto generated incident log,Restarted service,35
I03549,28-05-2026 20:00,Search,South,Medium,ErrorRate,766.84,Auto generated incident log,Rolled back deployment,44
I03550,28-05-2026 21:00,Payment,South,Low,ErrorRate,634.33,Auto generated incident log,Restarted service,71
I03551,28-05-2026 22:00,Payment,East,High,Memory,597.6,Auto generated incident log,Optimized queries,92
I03552,28-05-2026 23:00,Billing,East,Critical,CPU,33.85,Auto generated incident log,Restarted service,111
I03553,29-05-2026 00:00,Billing,West,Medium,ErrorRate,873.25,Auto generated incident log,Restarted service,47
I03554,29-05-2026 01:00,Payment,North,Low,Throughput,144.26,Auto generated incident log,Increased cache,24
I03555,29-05-2026 02:00,Billing,South,Medium,ErrorRate,757.56,Auto generated incident log,Scaled up instances,59
I03556,29-05-2026 03:00,Auth,West,Low,Memory,672.28,Auto generated incident log,Scaled up instances,74
I03557,29-05-2026 04:00,Orders,South,High,ErrorRate,706.25,Auto generated incident log,Optimized queries,90
I03558,29-05-2026 05:00,Search,South,Medium,Throughput,622.24,Auto generated incident log,Increased cache,53
I03559,29-05-2026 06:00,Payment,West,High,Memory,772.23,Auto generated incident log,Increased cache,94
I03560,29-05-2026 07:00,Orders,West,Medium,ErrorRate,192.2,Auto generated incident log,Restarted service,91
I03561,29-05-2026 08:00,Payment,East,Low,Memory,848.22,Auto generated incident log,Increased cache,64
I03562,29-05-2026 09:00,Payment,North,Low,CPU,394.28,Auto generated incident log,Restarted service,36
I03563,29-05-2026 10:00,Auth,North,Low,Memory,537.99,Auto generated incident log,Scaled up instances,29
I03564,29-05-2026 11:00,Search,North,Critical,ErrorRate,457.75,Auto generated incident log,Restarted service,44
I03565,29-05-2026 12:00,Search,South,Critical,Memory,19.89,Auto generated incident log,Scaled up instances,99
I03566,29-05-2026 13:00,Search,South,High,CPU,75.65,Auto generated incident log,Rolled back deployment,67
I03567,29-05-2026 14:00,Orders,West,Low,CPU,211.84,Auto generated incident log,Scaled up instances,106
I03568,29-05-2026 15:00,Payment,North,Low,Memory,955.92,Auto generated incident log,Optimized queries,11
I03569,29-05-2026 16:00,Search,North,Medium,CPU,293.13,Auto generated incident log,Scaled up instances,111
I03570,29-05-2026 17:00,Payment,East,High,Throughput,825.59,Auto generated incident log,Optimized queries,92
I03571,29-05-2026 18:00,Auth,North,High,Throughput,845.46,Auto generated incident log,Scaled up instances,105
I03572,29-05-2026 19:00,Orders,West,Low,Throughput,359.91,Auto generated incident log,Optimized queries,35
I03573,29-05-2026 20:00,Orders,West,Medium,ErrorRate,70.87,Auto generated incident log,Rolled back deployment,64
I03574,29-05-2026 21:00,Payment,West,High,Latency,90.08,Auto generated incident log,Rolled back deployment,5
I03575,29-05-2026 22:00,Orders,South,Medium,Latency,464.4,Auto generated incident log,Scaled up instances,48
I03576,29-05-2026 23:00,Payment,North,Low,ErrorRate,945.58,Auto generated incident log,Scaled up instances,47
I03577,30-05-2026 00:00,Orders,East,High,Memory,475.49,Auto generated incident log,Increased cache,81
I03578,30-05-2026 01:00,Search,West,Low,CPU,802.18,Auto generated incident log,Rolled back deployment,104
I03579,30-05-2026 02:00,Auth,North,Critical,ErrorRate,184.37,Auto generated incident log,Restarted service,65
I03580,30-05-2026 03:00,Search,West,Low,ErrorRate,706.18,Auto generated incident log,Optimized queries,40
I03581,30-05-2026 04:00,Orders,South,High,CPU,104.51,Auto generated incident log,Rolled back deployment,16
I03582,30-05-2026 05:00,Payment,West,Low,ErrorRate,666.56,Auto generated incident log,Increased cache,57
I03583,30-05-2026 06:00,Auth,West,Low,Memory,838.13,Auto generated incident log,Scaled up instances,26
I03584,30-05-2026 07:00,Payment,North,Low,ErrorRate,47.86,Auto generated incident log,Restarted service,79
I03585,30-05-2026 08:00,Orders,East,Low,Latency,788.15,Auto generated incident log,Increased cache,27
I03586,30-05-2026 09:00,Search,South,Low,Latency,32.61,Auto generated incident log,Restarted service,84
I03587,30-05-2026 10:00,Search,South,High,ErrorRate,119.21,Auto generated incident log,Optimized queries,47
I03588,30-05-2026 11:00,Orders,South,Low,Memory,373.91,Auto generated incident log,Increased cache,74
I03589,30-05-2026 12:00,Orders,East,Low,Latency,620.1,Auto generated incident log,Optimized queries,41
I03590,30-05-2026 13:00,Orders,East,Medium,ErrorRate,177.06,Auto generated incident log,Restarted service,109
I03591,30-05-2026 14:00,Search,South,Critical,Latency,59.45,Auto generated incident log,Restarted service,102
I03592,30-05-2026 15:00,Auth,North,Medium,Latency,768.1,Auto generated incident log,Increased cache,67
I03593,30-05-2026 16:00,Billing,East,Medium,Latency,462.44,Auto generated incident log,Optimized queries,31
I03594,30-05-2026 17:00,Search,West,Low,Latency,100.93,Auto generated incident log,Optimized queries,115
I03595,30-05-2026 18:00,Orders,West,Low,Memory,600.44,Auto generated incident log,Rolled back deployment,95
I03596,30-05-2026 19:00,Auth,East,Low,ErrorRate,146.39,Auto generated incident log,Scaled up instances,107
I03597,30-05-2026 20:00,Payment,South,High,Memory,739.83,Auto generated incident log,Scaled up instances,55
I03598,30-05-2026 21:00,Search,South,High,ErrorRate,432.3,Auto generated incident log,Optimized queries,105
I03599,30-05-2026 22:00,Search,North,High,CPU,177.28,Auto generated incident log,Optimized queries,60
I03600,30-05-2026 23:00,Auth,North,Medium,ErrorRate,84.35,Auto generated incident log,Rolled back deployment,32
I03601,31-05-2026 00:00,Orders,South,Low,Latency,440.45,Auto generated incident log,Restarted service,105
I03602,31-05-2026 01:00,Search,West,Low,Latency,602.6,Auto generated incident log,Scaled up instances,72
I03603,31-05-2026 02:00,Search,West,Medium,CPU,123.46,Auto generated incident log,Optimized queries,110
I03604,31-05-2026 03:00,Search,East,Low,Throughput,859.27,Auto generated incident log,Optimized queries,99
I03605,31-05-2026 04:00,Search,North,Low,CPU,187.9,Auto generated incident log,Increased cache,81
I03606,31-05-2026 05:00,Payment,South,Low,CPU,263.31,Auto generated incident log,Scaled up instances,103
I03607,31-05-2026 06:00,Payment,North,High,Throughput,740.22,Auto generated incident log,Scaled up instances,86
I03608,31-05-2026 07:00,Payment,West,Low,Memory,528.43,Auto generated incident log,Rolled back deployment,21
I03609,31-05-2026 08:00,Auth,East,Low,Latency,526.29,Auto generated incident log,Restarted service,37
I03610,31-05-2026 09:00,Orders,South,Low,Memory,648.04,Auto generated incident log,Rolled back deployment,38
I03611,31-05-2026 10:00,Billing,East,Low,ErrorRate,809.25,Auto generated incident log,Scaled up instances,102
I03612,31-05-2026 11:00,Search,West,Low,Latency,244.16,Auto generated incident log,Optimized queries,98
I03613,31-05-2026 12:00,Billing,North,Medium,Latency,632.24,Auto generated incident log,Scaled up instances,112
I03614,31-05-2026 13:00,Auth,North,Low,Latency,786.21,Auto generated incident log,Increased cache,30
I03615,31-05-2026 14:00,Auth,East,Medium,Throughput,647.51,Auto generated incident log,Scaled up instances,44
I03616,31-05-2026 15:00,Billing,South,Medium,Latency,492.21,Auto generated incident log,Scaled up instances,103
I03617,31-05-2026 16:00,Billing,West,Medium,Throughput,643.34,Auto generated incident log,Restarted service,111
I03618,31-05-2026 17:00,Auth,West,Low,CPU,526.75,Auto generated incident log,Rolled back deployment,76
I03619,31-05-2026 18:00,Auth,West,Critical,CPU,374.17,Auto generated incident log,Increased cache,65
I03620,31-05-2026 19:00,Payment,West,Low,Throughput,868.6,Auto generated incident log,Increased cache,33
I03621,31-05-2026 20:00,Auth,West,Low,Latency,590.31,Auto generated incident log,Rolled back deployment,21
I03622,31-05-2026 21:00,Auth,South,Medium,Latency,622.65,Auto generated incident log,Scaled up instances,79
I03623,31-05-2026 22:00,Orders,West,High,Memory,922.77,Auto generated incident log,Optimized queries,34
I03624,31-05-2026 23:00,Payment,West,Low,Throughput,34.35,Auto generated incident log,Rolled back deployment,52
I03625,01-06-2026 00:00,Auth,East,High,Throughput,870.15,Auto generated incident log,Scaled up instances,17
I03626,01-06-2026 01:00,Orders,West,Critical,Throughput,509.7,Auto generated incident log,Rolled back deployment,84
I03627,01-06-2026 02:00,Billing,North,Medium,Memory,592.46,Auto generated incident log,Increased cache,69
I03628,01-06-2026 03:00,Auth,East,Medium,ErrorRate,160.27,Auto generated incident log,Scaled up instances,61
I03629,01-06-2026 04:00,Search,North,Low,Throughput,595.97,Auto generated incident log,Restarted service,9
I03630,01-06-2026 05:00,Payment,South,Low,Latency,185.71,Auto generated incident log,Optimized queries,15
I03631,01-06-2026 06:00,Search,South,Low,CPU,439.08,Auto generated incident log,Scaled up instances,28
I03632,01-06-2026 07:00,Orders,South,Medium,Memory,332.41,Auto generated incident log,Rolled back deployment,31
I03633,01-06-2026 08:00,Auth,East,High,ErrorRate,739.7,Auto generated incident log,Increased cache,117
I03634,01-06-2026 09:00,Billing,North,High,ErrorRate,241.88,Auto generated incident log,Rolled back deployment,27
I03635,01-06-2026 10:00,Payment,North,Low,Latency,963.21,Auto generated incident log,Increased cache,43
I03636,01-06-2026 11:00,Billing,East,Medium,Throughput,171.72,Auto generated incident log,Increased cache,108
I03637,01-06-2026 12:00,Payment,North,Medium,CPU,772.19,Auto generated incident log,Rolled back deployment,71
I03638,01-06-2026 13:00,Orders,North,Critical,Latency,513.43,Auto generated incident log,Restarted service,81
I03639,01-06-2026 14:00,Orders,East,Low,CPU,924.85,Auto generated incident log,Optimized queries,117
I03640,01-06-2026 15:00,Search,North,High,ErrorRate,5.57,Auto generated incident log,Increased cache,41
I03641,01-06-2026 16:00,Search,West,High,CPU,904.94,Auto generated incident log,Increased cache,43
I03642,01-06-2026 17:00,Payment,East,Low,Throughput,913.03,Auto generated incident log,Increased cache,110
I03643,01-06-2026 18:00,Search,North,Medium,CPU,453.05,Auto generated incident log,Scaled up instances,37
I03644,01-06-2026 19:00,Payment,South,Medium,Latency,179.26,Auto generated incident log,Rolled back deployment,113
I03645,01-06-2026 20:00,Orders,North,Critical,Memory,373.88,Auto generated incident log,Rolled back deployment,77
I03646,01-06-2026 21:00,Billing,East,High,Memory,28.57,Auto generated incident log,Rolled back deployment,23
I03647,01-06-2026 22:00,Auth,East,Low,Throughput,634.94,Auto generated incident log,Optimized queries,83
I03648,01-06-2026 23:00,Billing,South,Low,Latency,325.26,Auto generated incident log,Rolled back deployment,86
I03649,02-06-2026 00:00,Payment,North,High,Latency,678,Auto generated incident log,Scaled up instances,29
I03650,02-06-2026 01:00,Search,North,Low,Memory,872.41,Auto generated incident log,Rolled back deployment,80
I03651,02-06-2026 02:00,Payment,North,Critical,ErrorRate,781.61,Auto generated incident log,Restarted service,109
I03652,02-06-2026 03:00,Search,South,High,CPU,752.8,Auto generated incident log,Rolled back deployment,15
I03653,02-06-2026 04:00,Payment,East,Medium,CPU,236.31,Auto generated incident log,Restarted service,117
I03654,02-06-2026 05:00,Search,North,High,Latency,864.43,Auto generated incident log,Restarted service,8
I03655,02-06-2026 06:00,Orders,North,Medium,ErrorRate,133.8,Auto generated incident log,Scaled up instances,29
I03656,02-06-2026 07:00,Payment,North,Medium,ErrorRate,77.61,Auto generated incident log,Optimized queries,71
I03657,02-06-2026 08:00,Payment,South,High,Memory,781.11,Auto generated incident log,Increased cache,71
I03658,02-06-2026 09:00,Billing,South,Low,CPU,177.61,Auto generated incident log,Rolled back deployment,105
I03659,02-06-2026 10:00,Auth,North,High,CPU,228.44,Auto generated incident log,Increased cache,8
I03660,02-06-2026 11:00,Search,West,Low,Latency,149.12,Auto generated incident log,Increased cache,74
I03661,02-06-2026 12:00,Billing,West,Low,ErrorRate,375.43,Auto generated incident log,Increased cache,67
I03662,02-06-2026 13:00,Search,South,Low,CPU,748.06,Auto generated incident log,Scaled up instances,27
I03663,02-06-2026 14:00,Auth,West,Low,Latency,983.89,Auto generated incident log,Scaled up instances,118
I03664,02-06-2026 15:00,Auth,South,Critical,ErrorRate,938.7,Auto generated incident log,Rolled back deployment,65
I03665,02-06-2026 16:00,Search,South,High,ErrorRate,540.51,Auto generated incident log,Rolled back deployment,28
I03666,02-06-2026 17:00,Auth,North,Low,Throughput,815.66,Auto generated incident log,Increased cache,25
I03667,02-06-2026 18:00,Payment,North,Low,Memory,673.51,Auto generated incident log,Scaled up instances,42
I03668,02-06-2026 19:00,Orders,North,Medium,Memory,902.83,Auto generated incident log,Optimized queries,98
I03669,02-06-2026 20:00,Orders,South,High,Memory,751.95,Auto generated incident log,Restarted service,119
I03670,02-06-2026 21:00,Search,West,Medium,CPU,748.64,Auto generated incident log,Rolled back deployment,60
I03671,02-06-2026 22:00,Search,North,Medium,CPU,862.76,Auto generated incident log,Restarted service,25
I03672,02-06-2026 23:00,Orders,West,Low,Throughput,489.84,Auto generated incident log,Scaled up instances,30
I03673,03-06-2026 00:00,Orders,West,Critical,Latency,92.25,Auto generated incident log,Optimized queries,47
I03674,03-06-2026 01:00,Billing,North,Medium,Throughput,278.7,Auto generated incident log,Optimized queries,80
I03675,03-06-2026 02:00,Payment,West,Low,Throughput,339.04,Auto generated incident log,Restarted service,103
I03676,03-06-2026 03:00,Payment,North,Critical,Latency,471.36,Auto generated incident log,Optimized queries,36
I03677,03-06-2026 04:00,Payment,South,Low,Throughput,735.41,Auto generated incident log,Optimized queries,28
I03678,03-06-2026 05:00,Orders,East,Medium,CPU,817.28,Auto generated incident log,Scaled up instances,31
I03679,03-06-2026 06:00,Billing,North,Low,Memory,903.21,Auto generated incident log,Optimized queries,47
I03680,03-06-2026 07:00,Orders,South,Low,Memory,581.43,Auto generated incident log,Increased cache,83
I03681,03-06-2026 08:00,Billing,West,Low,Throughput,171.38,Auto generated incident log,Rolled back deployment,26
I03682,03-06-2026 09:00,Search,North,Medium,Latency,550.42,Auto generated incident log,Scaled up instances,76
I03683,03-06-2026 10:00,Search,East,Medium,CPU,372.21,Auto generated incident log,Increased cache,43
I03684,03-06-2026 11:00,Payment,East,Medium,Latency,261.33,Auto generated incident log,Optimized queries,47
I03685,03-06-2026 12:00,Orders,East,Medium,Memory,573.48,Auto generated incident log,Increased cache,20
I03686,03-06-2026 13:00,Billing,East,Critical,CPU,648.89,Auto generated incident log,Restarted service,99
I03687,03-06-2026 14:00,Auth,East,Low,ErrorRate,704.56,Auto generated incident log,Restarted service,67
I03688,03-06-2026 15:00,Orders,East,Critical,ErrorRate,482.93,Auto generated incident log,Restarted service,92
I03689,03-06-2026 16:00,Search,North,Low,CPU,521.86,Auto generated incident log,Optimized queries,11
I03690,03-06-2026 17:00,Auth,North,Medium,Memory,395.77,Auto generated incident log,Optimized queries,63
I03691,03-06-2026 18:00,Orders,North,Medium,ErrorRate,657.98,Auto generated incident log,Restarted service,64
I03692,03-06-2026 19:00,Search,South,Medium,ErrorRate,957.93,Auto generated incident log,Scaled up instances,118
I03693,03-06-2026 20:00,Payment,West,Low,ErrorRate,669.29,Auto generated incident log,Rolled back deployment,60
I03694,03-06-2026 21:00,Search,East,Medium,CPU,893.53,Auto generated incident log,Optimized queries,74
I03695,03-06-2026 22:00,Billing,North,High,Throughput,727.19,Auto generated incident log,Scaled up instances,41
I03696,03-06-2026 23:00,Billing,South,Medium,Throughput,235.9,Auto generated incident log,Scaled up instances,8
I03697,04-06-2026 00:00,Orders,South,Medium,Memory,941.06,Auto generated incident log,Increased cache,28
I03698,04-06-2026 01:00,Billing,East,Medium,Memory,432.31,Auto generated incident log,Optimized queries,27
I03699,04-06-2026 02:00,Orders,East,Critical,ErrorRate,134.02,Auto generated incident log,Restarted service,62
I03700,04-06-2026 03:00,Billing,East,Medium,Throughput,669.5,Auto generated incident log,Increased cache,32
I03701,04-06-2026 04:00,Orders,West,Medium,ErrorRate,812.53,Auto generated incident log,Rolled back deployment,39
I03702,04-06-2026 05:00,Auth,South,Low,Throughput,869.11,Auto generated incident log,Restarted service,26
I03703,04-06-2026 06:00,Payment,South,Low,Latency,795.05,Auto generated incident log,Rolled back deployment,60
I03704,04-06-2026 07:00,Billing,West,Critical,Throughput,924.66,Auto generated incident log,Rolled back deployment,44
I03705,04-06-2026 08:00,Search,West,Low,Throughput,801.67,Auto generated incident log,Scaled up instances,26
I03706,04-06-2026 09:00,Auth,East,Medium,Latency,225.97,Auto generated incident log,Scaled up instances,97
I03707,04-06-2026 10:00,Payment,South,Low,Memory,422.82,Auto generated incident log,Scaled up instances,72
I03708,04-06-2026 11:00,Auth,South,Low,ErrorRate,787.52,Auto generated incident log,Rolled back deployment,65
I03709,04-06-2026 12:00,Auth,West,High,CPU,0.97,Auto generated incident log,Scaled up instances,60
I03710,04-06-2026 13:00,Auth,South,Low,Throughput,611.7,Auto generated incident log,Increased cache,23
I03711,04-06-2026 14:00,Orders,East,Medium,Memory,401.23,Auto generated incident log,Rolled back deployment,73
I03712,04-06-2026 15:00,Payment,South,High,ErrorRate,870.84,Auto generated incident log,Optimized queries,47
I03713,04-06-2026 16:00,Search,East,Critical,CPU,87.6,Auto generated incident log,Rolled back deployment,41
I03714,04-06-2026 17:00,Search,North,Low,Latency,41.94,Auto generated incident log,Increased cache,19
I03715,04-06-2026 18:00,Billing,East,High,Throughput,591.41,Auto generated incident log,Optimized queries,76
I03716,04-06-2026 19:00,Billing,East,High,Memory,467.24,Auto generated incident log,Rolled back deployment,80
I03717,04-06-2026 20:00,Payment,South,Medium,Throughput,895.62,Auto generated incident log,Scaled up instances,5
I03718,04-06-2026 21:00,Billing,West,Low,ErrorRate,205.98,Auto generated incident log,Scaled up instances,115
I03719,04-06-2026 22:00,Orders,South,Low,CPU,892.06,Auto generated incident log,Increased cache,95
I03720,04-06-2026 23:00,Payment,North,Low,Latency,691.26,Auto generated incident log,Rolled back deployment,72
I03721,05-06-2026 00:00,Billing,North,Medium,Latency,365.23,Auto generated incident log,Rolled back deployment,33
I03722,05-06-2026 01:00,Orders,North,Low,CPU,828.76,Auto generated incident log,Scaled up instances,103
I03723,05-06-2026 02:00,Search,North,Medium,CPU,768.69,Auto generated incident log,Rolled back deployment,71
I03724,05-06-2026 03:00,Billing,South,Medium,Memory,669.33,Auto generated incident log,Increased cache,26
I03725,05-06-2026 04:00,Auth,West,Critical,ErrorRate,753.89,Auto generated incident log,Optimized queries,69
I03726,05-06-2026 05:00,Search,North,Low,Throughput,599.37,Auto generated incident log,Rolled back deployment,14
I03727,05-06-2026 06:00,Billing,North,Medium,ErrorRate,960.99,Auto generated incident log,Increased cache,82
I03728,05-06-2026 07:00,Orders,South,High,Memory,517.61,Auto generated incident log,Rolled back deployment,119
I03729,05-06-2026 08:00,Billing,West,Critical,Memory,114.74,Auto generated incident log,Restarted service,35
I03730,05-06-2026 09:00,Auth,South,High,Memory,233.32,Auto generated incident log,Restarted service,25
I03731,05-06-2026 10:00,Orders,West,Low,Throughput,907.98,Auto generated incident log,Increased cache,24
I03732,05-06-2026 11:00,Search,East,Low,Throughput,207.75,Auto generated incident log,Optimized queries,47
I03733,05-06-2026 12:00,Orders,South,Medium,Memory,842.79,Auto generated incident log,Increased cache,25
I03734,05-06-2026 13:00,Payment,East,Medium,Memory,191.72,Auto generated incident log,Rolled back deployment,71
I03735,05-06-2026 14:00,Auth,North,Critical,Latency,521.04,Auto generated incident log,Optimized queries,27
I03736,05-06-2026 15:00,Billing,North,High,ErrorRate,194.72,Auto generated incident log,Scaled up instances,49
I03737,05-06-2026 16:00,Payment,West,Low,CPU,658.9,Auto generated incident log,Optimized queries,115
I03738,05-06-2026 17:00,Search,East,Low,ErrorRate,817.26,Auto generated incident log,Scaled up instances,14
I03739,05-06-2026 18:00,Payment,East,Medium,CPU,824.41,Auto generated incident log,Restarted service,108
I03740,05-06-2026 19:00,Orders,North,Low,Throughput,790.9,Auto generated incident log,Rolled back deployment,96
I03741,05-06-2026 20:00,Auth,West,Low,CPU,28.53,Auto generated incident log,Scaled up instances,12
I03742,05-06-2026 21:00,Search,East,High,CPU,588.85,Auto generated incident log,Optimized queries,27
I03743,05-06-2026 22:00,Payment,West,Medium,ErrorRate,338.71,Auto generated incident log,Scaled up instances,40
I03744,05-06-2026 23:00,Orders,South,Low,CPU,974.74,Auto generated incident log,Restarted service,7
I03745,06-06-2026 00:00,Auth,North,Low,Throughput,491.05,Auto generated incident log,Scaled up instances,41
I03746,06-06-2026 01:00,Payment,North,Low,ErrorRate,735.48,Auto generated incident log,Scaled up instances,5
I03747,06-06-2026 02:00,Search,East,Low,ErrorRate,688.92,Auto generated incident log,Optimized queries,65
I03748,06-06-2026 03:00,Billing,South,Medium,ErrorRate,756.06,Auto generated incident log,Increased cache,7
I03749,06-06-2026 04:00,Auth,East,Medium,Throughput,262.03,Auto generated incident log,Optimized queries,41
I03750,06-06-2026 05:00,Search,North,Medium,Memory,517.1,Auto generated incident log,Restarted service,105
I03751,06-06-2026 06:00,Billing,West,Medium,CPU,225.43,Auto generated incident log,Optimized queries,17
I03752,06-06-2026 07:00,Auth,East,Low,Latency,735.35,Auto generated incident log,Increased cache,36
I03753,06-06-2026 08:00,Billing,North,Medium,ErrorRate,203.19,Auto generated incident log,Rolled back deployment,104
I03754,06-06-2026 09:00,Payment,West,Medium,Throughput,409.4,Auto generated incident log,Rolled back deployment,70
I03755,06-06-2026 10:00,Search,North,Low,Memory,346.87,Auto generated incident log,Scaled up instances,67
I03756,06-06-2026 11:00,Search,South,High,Throughput,19.49,Auto generated incident log,Restarted service,85
I03757,06-06-2026 12:00,Billing,East,Medium,Throughput,642.58,Auto generated incident log,Restarted service,43
I03758,06-06-2026 13:00,Auth,North,Medium,Throughput,694.89,Auto generated incident log,Scaled up instances,59
I03759,06-06-2026 14:00,Billing,West,High,Latency,844.92,Auto generated incident log,Increased cache,65
I03760,06-06-2026 15:00,Orders,East,Medium,Latency,251.42,Auto generated incident log,Restarted service,67
I03761,06-06-2026 16:00,Billing,East,Medium,Latency,394.22,Auto generated incident log,Restarted service,5
I03762,06-06-2026 17:00,Search,West,Low,Throughput,946.33,Auto generated incident log,Optimized queries,26
I03763,06-06-2026 18:00,Search,East,High,Memory,199.21,Auto generated incident log,Restarted service,58
I03764,06-06-2026 19:00,Billing,West,Critical,Throughput,774.15,Auto generated incident log,Optimized queries,97
I03765,06-06-2026 20:00,Search,West,Low,Latency,34.34,Auto generated incident log,Scaled up instances,65
I03766,06-06-2026 21:00,Payment,North,Medium,Throughput,529.73,Auto generated incident log,Restarted service,108
I03767,06-06-2026 22:00,Orders,West,Medium,ErrorRate,523.34,Auto generated incident log,Scaled up instances,11
I03768,06-06-2026 23:00,Search,South,Low,ErrorRate,744.08,Auto generated incident log,Increased cache,86
I03769,07-06-2026 00:00,Orders,North,Critical,Latency,117.08,Auto generated incident log,Scaled up instances,63
I03770,07-06-2026 01:00,Orders,East,Medium,Throughput,794.34,Auto generated incident log,Rolled back deployment,118
I03771,07-06-2026 02:00,Auth,South,Medium,Memory,894.51,Auto generated incident log,Increased cache,44
I03772,07-06-2026 03:00,Search,West,Medium,Memory,982.51,Auto generated incident log,Scaled up instances,85
I03773,07-06-2026 04:00,Auth,East,Medium,ErrorRate,504.05,Auto generated incident log,Rolled back deployment,32
I03774,07-06-2026 05:00,Orders,West,Medium,Latency,476.39,Auto generated incident log,Rolled back deployment,85
I03775,07-06-2026 06:00,Billing,North,Low,CPU,188.36,Auto generated incident log,Restarted service,72
I03776,07-06-2026 07:00,Orders,South,Low,Latency,883.46,Auto generated incident log,Increased cache,52
I03777,07-06-2026 08:00,Auth,South,Medium,Memory,173.9,Auto generated incident log,Optimized queries,32
I03778,07-06-2026 09:00,Payment,North,High,CPU,731.74,Auto generated incident log,Scaled up instances,53
I03779,07-06-2026 10:00,Auth,East,Medium,Memory,702.96,Auto generated incident log,Increased cache,84
I03780,07-06-2026 11:00,Search,South,Medium,Latency,740.21,Auto generated incident log,Rolled back deployment,8
I03781,07-06-2026 12:00,Billing,East,Low,CPU,18.97,Auto generated incident log,Optimized queries,16
I03782,07-06-2026 13:00,Billing,North,Low,Latency,540.34,Auto generated incident log,Restarted service,102
I03783,07-06-2026 14:00,Billing,South,Low,Throughput,100.59,Auto generated incident log,Restarted service,22
I03784,07-06-2026 15:00,Auth,South,Medium,CPU,730.21,Auto generated incident log,Increased cache,29
I03785,07-06-2026 16:00,Search,South,Low,ErrorRate,189.38,Auto generated incident log,Restarted service,73
I03786,07-06-2026 17:00,Payment,North,Medium,Latency,706.32,Auto generated incident log,Restarted service,75
I03787,07-06-2026 18:00,Billing,East,Low,ErrorRate,805.94,Auto generated incident log,Restarted service,114
I03788,07-06-2026 19:00,Auth,South,Low,Memory,593.75,Auto generated incident log,Scaled up instances,62
I03789,07-06-2026 20:00,Billing,North,Medium,Throughput,765.44,Auto generated incident log,Restarted service,23
I03790,07-06-2026 21:00,Billing,West,Critical,CPU,428.62,Auto generated incident log,Rolled back deployment,77
I03791,07-06-2026 22:00,Search,East,Low,CPU,925.44,Auto generated incident log,Rolled back deployment,11
I03792,07-06-2026 23:00,Search,South,Low,CPU,253.58,Auto generated incident log,Scaled up instances,25
I03793,08-06-2026 00:00,Billing,West,Low,Latency,241.98,Auto generated incident log,Optimized queries,105
I03794,08-06-2026 01:00,Orders,West,Critical,Throughput,118.33,Auto generated incident log,Scaled up instances,10
I03795,08-06-2026 02:00,Search,East,Low,CPU,126.18,Auto generated incident log,Increased cache,56
I03796,08-06-2026 03:00,Payment,East,High,ErrorRate,131.72,Auto generated incident log,Increased cache,40
I03797,08-06-2026 04:00,Orders,East,Medium,ErrorRate,304.99,Auto generated incident log,Increased cache,13
I03798,08-06-2026 05:00,Payment,South,Medium,CPU,711.76,Auto generated incident log,Increased cache,98
I03799,08-06-2026 06:00,Billing,East,Low,CPU,913.83,Auto generated incident log,Rolled back deployment,76
I03800,08-06-2026 07:00,Billing,East,High,ErrorRate,108.87,Auto generated incident log,Rolled back deployment,46
I03801,08-06-2026 08:00,Search,North,Low,Memory,415.79,Auto generated incident log,Optimized queries,43
I03802,08-06-2026 09:00,Payment,North,High,Throughput,108.65,Auto generated incident log,Increased cache,58
I03803,08-06-2026 10:00,Payment,South,Medium,Throughput,2.84,Auto generated incident log,Restarted service,50
I03804,08-06-2026 11:00,Search,West,Medium,ErrorRate,185.25,Auto generated incident log,Scaled up instances,75
I03805,08-06-2026 12:00,Billing,North,Low,CPU,529.68,Auto generated incident log,Rolled back deployment,98
I03806,08-06-2026 13:00,Search,North,Low,Throughput,317.95,Auto generated incident log,Restarted service,116
I03807,08-06-2026 14:00,Payment,East,Medium,ErrorRate,764.35,Auto generated incident log,Optimized queries,50
I03808,08-06-2026 15:00,Auth,South,Medium,Throughput,945.33,Auto generated incident log,Optimized queries,16
I03809,08-06-2026 16:00,Payment,North,Medium,Latency,202.33,Auto generated incident log,Optimized queries,16
I03810,08-06-2026 17:00,Payment,South,Low,ErrorRate,77.77,Auto generated incident log,Restarted service,13
I03811,08-06-2026 18:00,Orders,South,High,ErrorRate,135.03,Auto generated incident log,Rolled back deployment,99
I03812,08-06-2026 19:00,Orders,East,Critical,Latency,917.08,Auto generated incident log,Increased cache,99
I03813,08-06-2026 20:00,Orders,South,Medium,ErrorRate,654.54,Auto generated incident log,Rolled back deployment,63
I03814,08-06-2026 21:00,Billing,South,High,CPU,265.6,Auto generated incident log,Increased cache,114
I03815,08-06-2026 22:00,Payment,West,Medium,Latency,256.94,Auto generated incident log,Increased cache,23
I03816,08-06-2026 23:00,Orders,West,Medium,ErrorRate,977.31,Auto generated incident log,Optimized queries,22
I03817,09-06-2026 00:00,Search,North,Low,Throughput,97.68,Auto generated incident log,Rolled back deployment,47
I03818,09-06-2026 01:00,Auth,West,High,Latency,157.25,Auto generated incident log,Scaled up instances,94
I03819,09-06-2026 02:00,Payment,West,Low,Memory,59.26,Auto generated incident log,Optimized queries,81
I03820,09-06-2026 03:00,Orders,South,Critical,Memory,200.17,Auto generated incident log,Rolled back deployment,74
I03821,09-06-2026 04:00,Billing,East,Critical,Latency,943.06,Auto generated incident log,Increased cache,79
I03822,09-06-2026 05:00,Payment,East,Low,Latency,364.24,Auto generated incident log,Rolled back deployment,48
I03823,09-06-2026 06:00,Orders,North,Medium,Latency,160.16,Auto generated incident log,Restarted service,61
I03824,09-06-2026 07:00,Orders,South,Low,CPU,42.71,Auto generated incident log,Rolled back deployment,110
I03825,09-06-2026 08:00,Orders,West,Medium,CPU,633.84,Auto generated incident log,Rolled back deployment,84
I03826,09-06-2026 09:00,Auth,West,Low,ErrorRate,158.95,Auto generated incident log,Scaled up instances,94
I03827,09-06-2026 10:00,Orders,East,High,CPU,207.02,Auto generated incident log,Restarted service,113
I03828,09-06-2026 11:00,Orders,West,Low,Memory,508.01,Auto generated incident log,Increased cache,116
I03829,09-06-2026 12:00,Orders,East,Low,Throughput,807.24,Auto generated incident log,Rolled back deployment,37
I03830,09-06-2026 13:00,Auth,South,Low,Memory,818.15,Auto generated incident log,Rolled back deployment,90
I03831,09-06-2026 14:00,Auth,South,Critical,CPU,982.92,Auto generated incident log,Scaled up instances,36
I03832,09-06-2026 15:00,Auth,South,Low,Memory,152.19,Auto generated incident log,Optimized queries,110
I03833,09-06-2026 16:00,Search,South,Medium,ErrorRate,785.45,Auto generated incident log,Optimized queries,31
I03834,09-06-2026 17:00,Billing,South,Low,Memory,319.56,Auto generated incident log,Restarted service,116
I03835,09-06-2026 18:00,Orders,North,Low,Latency,560.02,Auto generated incident log,Scaled up instances,36
I03836,09-06-2026 19:00,Orders,North,Medium,ErrorRate,578.82,Auto generated incident log,Increased cache,80
I03837,09-06-2026 20:00,Search,East,Low,CPU,817.09,Auto generated incident log,Scaled up instances,29
I03838,09-06-2026 21:00,Billing,West,Critical,Latency,504.06,Auto generated incident log,Rolled back deployment,9
I03839,09-06-2026 22:00,Search,South,Low,CPU,332.54,Auto generated incident log,Rolled back deployment,28
I03840,09-06-2026 23:00,Auth,West,Critical,CPU,990.76,Auto generated incident log,Increased cache,94
I03841,10-06-2026 00:00,Search,West,Low,CPU,270.31,Auto generated incident log,Scaled up instances,44
I03842,10-06-2026 01:00,Search,East,Low,ErrorRate,463,Auto generated incident log,Optimized queries,89
I03843,10-06-2026 02:00,Billing,West,Low,Memory,184.07,Auto generated incident log,Rolled back deployment,83
I03844,10-06-2026 03:00,Auth,East,Low,Latency,850,Auto generated incident log,Scaled up instances,24
I03845,10-06-2026 04:00,Search,North,Low,Throughput,739.7,Auto generated incident log,Optimized queries,63
I03846,10-06-2026 05:00,Payment,North,High,Throughput,711.5,Auto generated incident log,Optimized queries,45
I03847,10-06-2026 06:00,Auth,North,Low,CPU,529.58,Auto generated incident log,Rolled back deployment,59
I03848,10-06-2026 07:00,Payment,East,Low,ErrorRate,449.83,Auto generated incident log,Optimized queries,37
I03849,10-06-2026 08:00,Search,East,Low,CPU,366.77,Auto generated incident log,Scaled up instances,93
I03850,10-06-2026 09:00,Auth,East,Low,CPU,380.01,Auto generated incident log,Restarted service,12
I03851,10-06-2026 10:00,Billing,East,Medium,Throughput,687.72,Auto generated incident log,Scaled up instances,115
I03852,10-06-2026 11:00,Payment,West,Low,Throughput,789.51,Auto generated incident log,Scaled up instances,54
I03853,10-06-2026 12:00,Search,North,Low,Memory,578.33,Auto generated incident log,Rolled back deployment,88
I03854,10-06-2026 13:00,Payment,North,Low,Throughput,594.54,Auto generated incident log,Increased cache,22
I03855,10-06-2026 14:00,Billing,North,High,Latency,94.09,Auto generated incident log,Restarted service,111
I03856,10-06-2026 15:00,Auth,West,Medium,ErrorRate,460.54,Auto generated incident log,Restarted service,85
I03857,10-06-2026 16:00,Auth,East,Medium,Throughput,243.05,Auto generated incident log,Increased cache,44
I03858,10-06-2026 17:00,Search,East,Low,Throughput,970.12,Auto generated incident log,Restarted service,47
I03859,10-06-2026 18:00,Orders,West,High,ErrorRate,339.67,Auto generated incident log,Rolled back deployment,49
I03860,10-06-2026 19:00,Billing,South,Low,Throughput,675.44,Auto generated incident log,Scaled up instances,112
I03861,10-06-2026 20:00,Search,East,High,ErrorRate,930.22,Auto generated incident log,Increased cache,112
I03862,10-06-2026 21:00,Auth,North,High,Throughput,313.45,Auto generated incident log,Scaled up instances,45
I03863,10-06-2026 22:00,Auth,West,Low,Memory,267.21,Auto generated incident log,Increased cache,104
I03864,10-06-2026 23:00,Auth,North,Medium,Memory,672.99,Auto generated incident log,Rolled back deployment,104
I03865,11-06-2026 00:00,Payment,West,Critical,Throughput,532.64,Auto generated incident log,Increased cache,80
I03866,11-06-2026 01:00,Payment,North,Medium,Memory,599.78,Auto generated incident log,Restarted service,51
I03867,11-06-2026 02:00,Orders,East,Critical,Throughput,13.31,Auto generated incident log,Optimized queries,34
I03868,11-06-2026 03:00,Auth,North,Critical,CPU,564.46,Auto generated incident log,Optimized queries,100
I03869,11-06-2026 04:00,Payment,West,Medium,Memory,327.24,Auto generated incident log,Restarted service,57
I03870,11-06-2026 05:00,Search,East,High,Memory,534.75,Auto generated incident log,Rolled back deployment,40
I03871,11-06-2026 06:00,Orders,North,High,Memory,993.43,Auto generated incident log,Restarted service,114
I03872,11-06-2026 07:00,Billing,North,Medium,CPU,964.94,Auto generated incident log,Rolled back deployment,98
I03873,11-06-2026 08:00,Orders,East,Low,ErrorRate,893.1,Auto generated incident log,Optimized queries,83
I03874,11-06-2026 09:00,Payment,North,High,Throughput,545.38,Auto generated incident log,Increased cache,118
I03875,11-06-2026 10:00,Auth,West,Critical,Throughput,170.55,Auto generated incident log,Restarted service,42
I03876,11-06-2026 11:00,Payment,East,High,Latency,7.04,Auto generated incident log,Rolled back deployment,17
I03877,11-06-2026 12:00,Billing,East,Low,Latency,840.28,Auto generated incident log,Scaled up instances,20
I03878,11-06-2026 13:00,Orders,West,High,Throughput,32.33,Auto generated incident log,Increased cache,26
I03879,11-06-2026 14:00,Payment,South,Low,Latency,309.39,Auto generated incident log,Optimized queries,95
I03880,11-06-2026 15:00,Auth,North,Medium,Throughput,853.5,Auto generated incident log,Restarted service,48
I03881,11-06-2026 16:00,Search,South,Low,Memory,262.41,Auto generated incident log,Increased cache,90
I03882,11-06-2026 17:00,Search,North,Critical,ErrorRate,512.58,Auto generated incident log,Optimized queries,75
I03883,11-06-2026 18:00,Search,West,Low,Latency,856.18,Auto generated incident log,Rolled back deployment,14
I03884,11-06-2026 19:00,Payment,South,High,Throughput,952.95,Auto generated incident log,Rolled back deployment,19
I03885,11-06-2026 20:00,Billing,West,Medium,CPU,173.75,Auto generated incident log,Increased cache,89
I03886,11-06-2026 21:00,Orders,South,Low,Latency,398.71,Auto generated incident log,Increased cache,37
I03887,11-06-2026 22:00,Payment,West,High,ErrorRate,992.67,Auto generated incident log,Scaled up instances,93
I03888,11-06-2026 23:00,Auth,South,Low,CPU,670.58,Auto generated incident log,Restarted service,87
I03889,12-06-2026 00:00,Payment,East,High,ErrorRate,641.4,Auto generated incident log,Restarted service,106
I03890,12-06-2026 01:00,Billing,North,Low,Latency,208.62,Auto generated incident log,Increased cache,112
I03891,12-06-2026 02:00,Auth,West,Low,ErrorRate,17.35,Auto generated incident log,Optimized queries,111
I03892,12-06-2026 03:00,Orders,East,High,ErrorRate,901.98,Auto generated incident log,Restarted service,80
I03893,12-06-2026 04:00,Payment,East,Low,Memory,408.47,Auto generated incident log,Optimized queries,76
I03894,12-06-2026 05:00,Billing,South,Critical,CPU,104.81,Auto generated incident log,Optimized queries,69
I03895,12-06-2026 06:00,Search,North,Low,Memory,763.45,Auto generated incident log,Optimized queries,13
I03896,12-06-2026 07:00,Payment,East,Low,ErrorRate,134.93,Auto generated incident log,Scaled up instances,24
I03897,12-06-2026 08:00,Billing,North,Medium,Memory,48.6,Auto generated incident log,Scaled up instances,6
I03898,12-06-2026 09:00,Search,West,High,Throughput,675.48,Auto generated incident log,Restarted service,77
I03899,12-06-2026 10:00,Auth,South,Medium,Throughput,232.1,Auto generated incident log,Restarted service,86
I03900,12-06-2026 11:00,Search,East,Low,Memory,446.92,Auto generated incident log,Scaled up instances,41
I03901,12-06-2026 12:00,Billing,South,Low,Throughput,511.91,Auto generated incident log,Restarted service,55
I03902,12-06-2026 13:00,Auth,North,Low,CPU,301.96,Auto generated incident log,Increased cache,72
I03903,12-06-2026 14:00,Auth,West,Low,CPU,894.18,Auto generated incident log,Restarted service,32
I03904,12-06-2026 15:00,Search,North,Critical,ErrorRate,266.69,Auto generated incident log,Rolled back deployment,104
I03905,12-06-2026 16:00,Payment,West,High,Throughput,157.51,Auto generated incident log,Increased cache,119
I03906,12-06-2026 17:00,Orders,South,Medium,CPU,319.15,Auto generated incident log,Optimized queries,107
I03907,12-06-2026 18:00,Search,North,Low,ErrorRate,265.16,Auto generated incident log,Optimized queries,51
I03908,12-06-2026 19:00,Payment,East,Low,Latency,865.64,Auto generated incident log,Increased cache,7
I03909,12-06-2026 20:00,Orders,East,Low,ErrorRate,948.64,Auto generated incident log,Optimized queries,111
I03910,12-06-2026 21:00,Payment,North,High,CPU,465.39,Auto generated incident log,Optimized queries,31
I03911,12-06-2026 22:00,Auth,North,High,Latency,521.19,Auto generated incident log,Restarted service,46
I03912,12-06-2026 23:00,Payment,North,Low,ErrorRate,163.73,Auto generated incident log,Scaled up instances,26
I03913,13-06-2026 00:00,Auth,West,Low,Throughput,379.2,Auto generated incident log,Scaled up instances,48
I03914,13-06-2026 01:00,Auth,West,Low,Throughput,397.58,Auto generated incident log,Optimized queries,35
I03915,13-06-2026 02:00,Payment,West,High,Latency,676.51,Auto generated incident log,Restarted service,49
I03916,13-06-2026 03:00,Auth,South,Low,Latency,629.89,Auto generated incident log,Scaled up instances,12
I03917,13-06-2026 04:00,Payment,South,Low,ErrorRate,507.38,Auto generated incident log,Increased cache,34
I03918,13-06-2026 05:00,Search,East,High,ErrorRate,486.98,Auto generated incident log,Restarted service,14
I03919,13-06-2026 06:00,Billing,East,Critical,CPU,756.78,Auto generated incident log,Increased cache,75
I03920,13-06-2026 07:00,Search,East,Medium,ErrorRate,72.06,Auto generated incident log,Restarted service,43
I03921,13-06-2026 08:00,Billing,East,Medium,Throughput,820.6,Auto generated incident log,Restarted service,69
I03922,13-06-2026 09:00,Orders,East,Low,Latency,997.24,Auto generated incident log,Restarted service,52
I03923,13-06-2026 10:00,Billing,West,Medium,Memory,993.9,Auto generated incident log,Scaled up instances,98
I03924,13-06-2026 11:00,Orders,West,Medium,Latency,72.38,Auto generated incident log,Restarted service,40
I03925,13-06-2026 12:00,Search,West,Low,Latency,52.71,Auto generated incident log,Rolled back deployment,29
I03926,13-06-2026 13:00,Search,West,High,Memory,728.89,Auto generated incident log,Restarted service,87
I03927,13-06-2026 14:00,Billing,East,Critical,CPU,761.06,Auto generated incident log,Rolled back deployment,85
I03928,13-06-2026 15:00,Billing,West,Medium,CPU,645.04,Auto generated incident log,Increased cache,95
I03929,13-06-2026 16:00,Search,West,Medium,ErrorRate,109.82,Auto generated incident log,Rolled back deployment,97
I03930,13-06-2026 17:00,Billing,North,Medium,Memory,412.67,Auto generated incident log,Scaled up instances,15
I03931,13-06-2026 18:00,Search,South,High,Latency,285.41,Auto generated incident log,Rolled back deployment,6
I03932,13-06-2026 19:00,Billing,South,Medium,CPU,974.98,Auto generated incident log,Restarted service,49
I03933,13-06-2026 20:00,Orders,West,Medium,Memory,479.7,Auto generated incident log,Increased cache,109
I03934,13-06-2026 21:00,Search,North,Low,CPU,849.01,Auto generated incident log,Rolled back deployment,17
I03935,13-06-2026 22:00,Payment,West,Low,CPU,623.28,Auto generated incident log,Rolled back deployment,25
I03936,13-06-2026 23:00,Orders,South,High,ErrorRate,892.42,Auto generated incident log,Restarted service,27
I03937,14-06-2026 00:00,Billing,South,High,Throughput,97.25,Auto generated incident log,Restarted service,110
I03938,14-06-2026 01:00,Search,South,Critical,Memory,486.23,Auto generated incident log,Scaled up instances,82
I03939,14-06-2026 02:00,Orders,North,Low,ErrorRate,189.8,Auto generated incident log,Optimized queries,63
I03940,14-06-2026 03:00,Auth,North,Medium,CPU,394.79,Auto generated incident log,Optimized queries,6
I03941,14-06-2026 04:00,Billing,South,Medium,CPU,69.38,Auto generated incident log,Rolled back deployment,5
I03942,14-06-2026 05:00,Search,West,Low,Throughput,293.15,Auto generated incident log,Increased cache,82
I03943,14-06-2026 06:00,Auth,West,High,Memory,399.95,Auto generated incident log,Increased cache,92
I03944,14-06-2026 07:00,Search,South,Medium,Memory,925.72,Auto generated incident log,Restarted service,27
I03945,14-06-2026 08:00,Orders,South,Medium,Throughput,408.41,Auto generated incident log,Increased cache,93
I03946,14-06-2026 09:00,Billing,South,High,ErrorRate,4.94,Auto generated incident log,Increased cache,117
I03947,14-06-2026 10:00,Search,West,Medium,Throughput,114.44,Auto generated incident log,Increased cache,18
I03948,14-06-2026 11:00,Auth,North,High,CPU,522.07,Auto generated incident log,Restarted service,43
I03949,14-06-2026 12:00,Auth,East,Low,ErrorRate,830.94,Auto generated incident log,Restarted service,41
I03950,14-06-2026 13:00,Payment,North,High,ErrorRate,436.27,Auto generated incident log,Restarted service,30
I03951,14-06-2026 14:00,Orders,South,Low,CPU,968.32,Auto generated incident log,Optimized queries,98
I03952,14-06-2026 15:00,Billing,East,High,ErrorRate,71.83,Auto generated incident log,Increased cache,28
I03953,14-06-2026 16:00,Search,East,Medium,Throughput,173.26,Auto generated incident log,Rolled back deployment,97
I03954,14-06-2026 17:00,Billing,West,Critical,Latency,163.81,Auto generated incident log,Restarted service,47
I03955,14-06-2026 18:00,Billing,West,Medium,Memory,808.88,Auto generated incident log,Optimized queries,117
I03956,14-06-2026 19:00,Search,West,High,ErrorRate,689.49,Auto generated incident log,Optimized queries,43
I03957,14-06-2026 20:00,Payment,South,Low,ErrorRate,995.32,Auto generated incident log,Scaled up instances,81
I03958,14-06-2026 21:00,Billing,North,High,ErrorRate,799.52,Auto generated incident log,Rolled back deployment,24
I03959,14-06-2026 22:00,Orders,East,Low,ErrorRate,453,Auto generated incident log,Optimized queries,54
I03960,14-06-2026 23:00,Auth,South,Medium,ErrorRate,39.06,Auto generated incident log,Scaled up instances,99
I03961,15-06-2026 00:00,Search,East,High,Memory,1.59,Auto generated incident log,Optimized queries,119
I03962,15-06-2026 01:00,Search,South,High,Latency,658.06,Auto generated incident log,Optimized queries,115
I03963,15-06-2026 02:00,Orders,South,Low,CPU,693.47,Auto generated incident log,Scaled up instances,57
I03964,15-06-2026 03:00,Payment,North,Medium,Latency,830.41,Auto generated incident log,Optimized queries,110
I03965,15-06-2026 04:00,Orders,East,Medium,CPU,619.32,Auto generated incident log,Rolled back deployment,16
I03966,15-06-2026 05:00,Auth,South,Medium,Throughput,436.83,Auto generated incident log,Increased cache,62
I03967,15-06-2026 06:00,Orders,North,Low,Latency,226.74,Auto generated incident log,Optimized queries,81
I03968,15-06-2026 07:00,Payment,East,Low,Latency,996.91,Auto generated incident log,Optimized queries,25
I03969,15-06-2026 08:00,Search,West,Low,CPU,344.91,Auto generated incident log,Optimized queries,26
I03970,15-06-2026 09:00,Billing,West,Low,CPU,517.6,Auto generated incident log,Scaled up instances,46
I03971,15-06-2026 10:00,Auth,West,Medium,ErrorRate,676.3,Auto generated incident log,Rolled back deployment,63
I03972,15-06-2026 11:00,Payment,North,Low,Memory,928.44,Auto generated incident log,Restarted service,117
I03973,15-06-2026 12:00,Orders,North,Medium,Latency,926.23,Auto generated incident log,Rolled back deployment,64
I03974,15-06-2026 13:00,Payment,East,Low,Latency,499.91,Auto generated incident log,Scaled up instances,56
I03975,15-06-2026 14:00,Billing,South,Low,Memory,162.09,Auto generated incident log,Rolled back deployment,95
I03976,15-06-2026 15:00,Payment,North,Low,Throughput,631.06,Auto generated incident log,Scaled up instances,26
I03977,15-06-2026 16:00,Search,East,Low,CPU,821.97,Auto generated incident log,Increased cache,12
I03978,15-06-2026 17:00,Auth,East,Medium,Latency,792.08,Auto generated incident log,Increased cache,70
I03979,15-06-2026 18:00,Orders,South,Low,Memory,303.89,Auto generated incident log,Rolled back deployment,80
I03980,15-06-2026 19:00,Billing,East,Medium,ErrorRate,382.61,Auto generated incident log,Increased cache,32
I03981,15-06-2026 20:00,Orders,North,Low,CPU,938.97,Auto generated incident log,Optimized queries,67
I03982,15-06-2026 21:00,Payment,East,Low,CPU,285.17,Auto generated incident log,Restarted service,55
I03983,15-06-2026 22:00,Orders,East,Medium,Memory,825.5,Auto generated incident log,Increased cache,42
I03984,15-06-2026 23:00,Billing,South,Low,ErrorRate,93.62,Auto generated incident log,Restarted service,42
I03985,16-06-2026 00:00,Search,East,Medium,Latency,291.54,Auto generated incident log,Optimized queries,35
I03986,16-06-2026 01:00,Billing,East,Low,CPU,67.24,Auto generated incident log,Restarted service,5
I03987,16-06-2026 02:00,Auth,West,Low,Latency,398.63,Auto generated incident log,Optimized queries,79
I03988,16-06-2026 03:00,Orders,South,High,CPU,538.8,Auto generated incident log,Rolled back deployment,53
I03989,16-06-2026 04:00,Auth,East,Low,CPU,110.11,Auto generated incident log,Restarted service,86
I03990,16-06-2026 05:00,Auth,East,Low,Memory,402.49,Auto generated incident log,Scaled up instances,106
I03991,16-06-2026 06:00,Search,North,High,Throughput,786.02,Auto generated incident log,Optimized queries,16
I03992,16-06-2026 07:00,Auth,West,High,CPU,768.46,Auto generated incident log,Rolled back deployment,71
I03993,16-06-2026 08:00,Billing,West,Medium,Throughput,347.14,Auto generated incident log,Increased cache,115
I03994,16-06-2026 09:00,Orders,West,Low,ErrorRate,109.31,Auto generated incident log,Optimized queries,58
I03995,16-06-2026 10:00,Orders,North,Medium,CPU,71.78,Auto generated incident log,Restarted service,40
I03996,16-06-2026 11:00,Auth,East,Medium,Latency,452.04,Auto generated incident log,Rolled back deployment,46
I03997,16-06-2026 12:00,Payment,West,High,ErrorRate,662.29,Auto generated incident log,Increased cache,6
I03998,16-06-2026 13:00,Payment,East,Low,Latency,7.04,Auto generated incident log,Increased cache,5
I03999,16-06-2026 14:00,Orders,East,Low,Memory,722.72,Auto generated incident log,Increased cache,29
I04000,16-06-2026 15:00,Auth,North,Medium,Memory,869.16,Auto generated incident log,Restarted service,106
I04001,16-06-2026 16:00,Payment,North,Critical,Throughput,271.58,Auto generated incident log,Scaled up instances,88
I04002,16-06-2026 17:00,Auth,West,Medium,Throughput,673.77,Auto generated incident log,Restarted service,63
I04003,16-06-2026 18:00,Auth,West,High,Latency,984.23,Auto generated incident log,Optimized queries,97
I04004,16-06-2026 19:00,Orders,West,High,Throughput,154.24,Auto generated incident log,Optimized queries,22
I04005,16-06-2026 20:00,Billing,South,High,Latency,811.32,Auto generated incident log,Rolled back deployment,6
I04006,16-06-2026 21:00,Auth,West,Low,Memory,652.96,Auto generated incident log,Rolled back deployment,42
I04007,16-06-2026 22:00,Auth,North,Low,CPU,313.7,Auto generated incident log,Optimized queries,11
I04008,16-06-2026 23:00,Billing,North,Low,Latency,449.97,Auto generated incident log,Scaled up instances,100
I04009,17-06-2026 00:00,Search,South,High,ErrorRate,465.52,Auto generated incident log,Rolled back deployment,34
I04010,17-06-2026 01:00,Auth,East,Medium,Memory,694.72,Auto generated incident log,Increased cache,106
I04011,17-06-2026 02:00,Search,West,High,Throughput,910.18,Auto generated incident log,Rolled back deployment,18
I04012,17-06-2026 03:00,Auth,West,High,Latency,176.58,Auto generated incident log,Optimized queries,26
I04013,17-06-2026 04:00,Orders,East,High,Latency,865.33,Auto generated incident log,Optimized queries,111
I04014,17-06-2026 05:00,Payment,East,Low,CPU,844.59,Auto generated incident log,Rolled back deployment,38
I04015,17-06-2026 06:00,Search,East,Medium,Memory,746.86,Auto generated incident log,Rolled back deployment,112
I04016,17-06-2026 07:00,Orders,East,Medium,CPU,865.98,Auto generated incident log,Optimized queries,119
I04017,17-06-2026 08:00,Auth,North,High,Latency,731.97,Auto generated incident log,Increased cache,92
I04018,17-06-2026 09:00,Search,West,Medium,ErrorRate,249.5,Auto generated incident log,Optimized queries,11
I04019,17-06-2026 10:00,Auth,North,Low,Latency,335.61,Auto generated incident log,Rolled back deployment,13
I04020,17-06-2026 11:00,Payment,East,Critical,Throughput,269.58,Auto generated incident log,Increased cache,8
I04021,17-06-2026 12:00,Orders,North,Low,Memory,806.24,Auto generated incident log,Scaled up instances,79
I04022,17-06-2026 13:00,Auth,West,Low,Throughput,486.38,Auto generated incident log,Scaled up instances,103
I04023,17-06-2026 14:00,Search,South,Medium,Latency,417.43,Auto generated incident log,Increased cache,6
I04024,17-06-2026 15:00,Orders,North,High,Latency,137.83,Auto generated incident log,Scaled up instances,68
I04025,17-06-2026 16:00,Payment,South,Medium,Throughput,62.84,Auto generated incident log,Restarted service,107
I04026,17-06-2026 17:00,Billing,West,High,ErrorRate,916.16,Auto generated incident log,Rolled back deployment,80
I04027,17-06-2026 18:00,Billing,North,Low,ErrorRate,903.33,Auto generated incident log,Optimized queries,14
I04028,17-06-2026 19:00,Orders,West,Low,Memory,548.85,Auto generated incident log,Scaled up instances,74
I04029,17-06-2026 20:00,Billing,East,Medium,ErrorRate,974,Auto generated incident log,Optimized queries,97
I04030,17-06-2026 21:00,Payment,South,Low,Memory,761.58,Auto generated incident log,Rolled back deployment,67
I04031,17-06-2026 22:00,Auth,West,Medium,ErrorRate,931.73,Auto generated incident log,Increased cache,29
I04032,17-06-2026 23:00,Payment,West,Low,Throughput,108.71,Auto generated incident log,Scaled up instances,113
I04033,18-06-2026 00:00,Billing,West,Critical,CPU,820.19,Auto generated incident log,Rolled back deployment,95
I04034,18-06-2026 01:00,Auth,West,Medium,Latency,684.11,Auto generated incident log,Optimized queries,97
I04035,18-06-2026 02:00,Auth,West,Medium,Latency,680.99,Auto generated incident log,Restarted service,80
I04036,18-06-2026 03:00,Billing,West,Medium,Memory,789.22,Auto generated incident log,Increased cache,17
I04037,18-06-2026 04:00,Orders,South,Medium,Throughput,46.82,Auto generated incident log,Optimized queries,96
I04038,18-06-2026 05:00,Auth,South,High,Latency,111.38,Auto generated incident log,Restarted service,46
I04039,18-06-2026 06:00,Payment,North,Medium,CPU,848.51,Auto generated incident log,Optimized queries,19
I04040,18-06-2026 07:00,Billing,South,Medium,ErrorRate,497.19,Auto generated incident log,Scaled up instances,59
I04041,18-06-2026 08:00,Auth,North,Medium,Latency,148.65,Auto generated incident log,Restarted service,51
I04042,18-06-2026 09:00,Billing,South,Critical,Throughput,769.89,Auto generated incident log,Increased cache,62
I04043,18-06-2026 10:00,Billing,South,Medium,ErrorRate,614.53,Auto generated incident log,Restarted service,85
I04044,18-06-2026 11:00,Auth,East,High,Latency,512.83,Auto generated incident log,Rolled back deployment,53
I04045,18-06-2026 12:00,Orders,East,Medium,ErrorRate,487.9,Auto generated incident log,Scaled up instances,14
I04046,18-06-2026 13:00,Billing,South,Medium,Throughput,45.65,Auto generated incident log,Rolled back deployment,36
I04047,18-06-2026 14:00,Search,West,Medium,Latency,533.29,Auto generated incident log,Restarted service,43
I04048,18-06-2026 15:00,Payment,North,Low,Latency,439.59,Auto generated incident log,Rolled back deployment,32
I04049,18-06-2026 16:00,Search,South,Low,CPU,437.84,Auto generated incident log,Optimized queries,70
I04050,18-06-2026 17:00,Auth,North,Medium,Memory,733.04,Auto generated incident log,Rolled back deployment,71
I04051,18-06-2026 18:00,Auth,West,Low,ErrorRate,721.32,Auto generated incident log,Scaled up instances,59
I04052,18-06-2026 19:00,Auth,South,High,CPU,808.2,Auto generated incident log,Optimized queries,64
I04053,18-06-2026 20:00,Orders,West,Medium,Latency,999.9,Auto generated incident log,Increased cache,102
I04054,18-06-2026 21:00,Orders,North,Low,ErrorRate,660.49,Auto generated incident log,Scaled up instances,9
I04055,18-06-2026 22:00,Auth,West,Low,ErrorRate,334.45,Auto generated incident log,Optimized queries,88
I04056,18-06-2026 23:00,Orders,West,Low,Throughput,574.42,Auto generated incident log,Scaled up instances,110
I04057,19-06-2026 00:00,Billing,East,Medium,Latency,721.53,Auto generated incident log,Restarted service,18
I04058,19-06-2026 01:00,Payment,North,High,Throughput,949.41,Auto generated incident log,Scaled up instances,30
I04059,19-06-2026 02:00,Billing,West,Low,Memory,575.96,Auto generated incident log,Rolled back deployment,19
I04060,19-06-2026 03:00,Search,West,Low,ErrorRate,539.05,Auto generated incident log,Optimized queries,44
I04061,19-06-2026 04:00,Orders,South,Low,ErrorRate,459.35,Auto generated incident log,Restarted service,23
I04062,19-06-2026 05:00,Payment,South,Medium,Memory,547.69,Auto generated incident log,Increased cache,64
I04063,19-06-2026 06:00,Search,North,Medium,Latency,541.08,Auto generated incident log,Restarted service,67
I04064,19-06-2026 07:00,Billing,East,Low,ErrorRate,508.83,Auto generated incident log,Restarted service,61
I04065,19-06-2026 08:00,Auth,East,High,ErrorRate,899.77,Auto generated incident log,Scaled up instances,97
I04066,19-06-2026 09:00,Payment,West,Low,Memory,12.24,Auto generated incident log,Restarted service,113
I04067,19-06-2026 10:00,Orders,West,Critical,Throughput,835.85,Auto generated incident log,Scaled up instances,113
I04068,19-06-2026 11:00,Payment,South,High,Latency,423.2,Auto generated incident log,Scaled up instances,110
I04069,19-06-2026 12:00,Payment,North,Critical,CPU,490.38,Auto generated incident log,Increased cache,105
I04070,19-06-2026 13:00,Orders,West,Low,Memory,215.53,Auto generated incident log,Optimized queries,57
I04071,19-06-2026 14:00,Billing,South,High,Memory,198.36,Auto generated incident log,Increased cache,114
I04072,19-06-2026 15:00,Payment,North,Medium,ErrorRate,730.37,Auto generated incident log,Increased cache,92
I04073,19-06-2026 16:00,Billing,West,Medium,Memory,33.59,Auto generated incident log,Restarted service,57
I04074,19-06-2026 17:00,Auth,East,Low,CPU,309.71,Auto generated incident log,Rolled back deployment,28
I04075,19-06-2026 18:00,Auth,East,Medium,CPU,73.8,Auto generated incident log,Optimized queries,28
I04076,19-06-2026 19:00,Orders,North,Low,CPU,871.8,Auto generated incident log,Optimized queries,104
I04077,19-06-2026 20:00,Billing,West,Medium,ErrorRate,613.58,Auto generated incident log,Increased cache,102
I04078,19-06-2026 21:00,Search,East,Medium,ErrorRate,570.04,Auto generated incident log,Optimized queries,42
I04079,19-06-2026 22:00,Orders,North,High,ErrorRate,310.34,Auto generated incident log,Rolled back deployment,52
I04080,19-06-2026 23:00,Orders,South,Low,ErrorRate,947.49,Auto generated incident log,Optimized queries,75
I04081,20-06-2026 00:00,Billing,East,Low,ErrorRate,164.94,Auto generated incident log,Restarted service,14
I04082,20-06-2026 01:00,Search,East,Low,ErrorRate,125.7,Auto generated incident log,Rolled back deployment,111
I04083,20-06-2026 02:00,Billing,East,High,ErrorRate,483.61,Auto generated incident log,Increased cache,12
I04084,20-06-2026 03:00,Billing,East,Medium,ErrorRate,435.76,Auto generated incident log,Optimized queries,112
I04085,20-06-2026 04:00,Payment,West,Medium,Memory,317.15,Auto generated incident log,Rolled back deployment,44
I04086,20-06-2026 05:00,Billing,North,Critical,Throughput,885.3,Auto generated incident log,Rolled back deployment,21
I04087,20-06-2026 06:00,Orders,East,High,Throughput,965.09,Auto generated incident log,Increased cache,17
I04088,20-06-2026 07:00,Search,South,High,CPU,261.73,Auto generated incident log,Optimized queries,116
I04089,20-06-2026 08:00,Payment,West,Low,Throughput,221.96,Auto generated incident log,Optimized queries,86
I04090,20-06-2026 09:00,Billing,West,Medium,ErrorRate,554.1,Auto generated incident log,Scaled up instances,44
I04091,20-06-2026 10:00,Orders,South,Medium,CPU,296.74,Auto generated incident log,Rolled back deployment,21
I04092,20-06-2026 11:00,Auth,West,Critical,Memory,889.48,Auto generated incident log,Restarted service,23
I04093,20-06-2026 12:00,Search,West,Low,Throughput,484,Auto generated incident log,Rolled back deployment,112
I04094,20-06-2026 13:00,Search,North,High,Throughput,871.84,Auto generated incident log,Restarted service,92
I04095,20-06-2026 14:00,Payment,East,Critical,Memory,702.2,Auto generated incident log,Increased cache,42
I04096,20-06-2026 15:00,Search,North,Medium,Memory,255.67,Auto generated incident log,Restarted service,116
I04097,20-06-2026 16:00,Search,North,Critical,CPU,986.49,Auto generated incident log,Optimized queries,95
I04098,20-06-2026 17:00,Billing,East,Medium,Latency,434.9,Auto generated incident log,Increased cache,81
I04099,20-06-2026 18:00,Payment,North,Low,Latency,299.32,Auto generated incident log,Rolled back deployment,29
I04100,20-06-2026 19:00,Billing,North,Critical,Throughput,712.48,Auto generated incident log,Increased cache,87
I04101,20-06-2026 20:00,Auth,West,Low,CPU,284.74,Auto generated incident log,Scaled up instances,56
I04102,20-06-2026 21:00,Search,North,Low,Latency,866.49,Auto generated incident log,Increased cache,105
I04103,20-06-2026 22:00,Orders,East,Medium,Memory,431.47,Auto generated incident log,Scaled up instances,62
I04104,20-06-2026 23:00,Orders,West,Low,CPU,208.16,Auto generated incident log,Rolled back deployment,101
I04105,21-06-2026 00:00,Payment,East,Critical,Memory,207.81,Auto generated incident log,Optimized queries,119
I04106,21-06-2026 01:00,Auth,East,Low,Latency,530.78,Auto generated incident log,Optimized queries,29
I04107,21-06-2026 02:00,Auth,North,Critical,CPU,617.3,Auto generated incident log,Scaled up instances,14
I04108,21-06-2026 03:00,Payment,West,Low,Throughput,942.5,Auto generated incident log,Rolled back deployment,77
I04109,21-06-2026 04:00,Payment,West,Low,Latency,562.62,Auto generated incident log,Increased cache,21
I04110,21-06-2026 05:00,Payment,West,Medium,Memory,799.19,Auto generated incident log,Optimized queries,105
I04111,21-06-2026 06:00,Auth,West,High,Memory,432.95,Auto generated incident log,Optimized queries,27
I04112,21-06-2026 07:00,Orders,West,Low,Memory,72.97,Auto generated incident log,Scaled up instances,51
I04113,21-06-2026 08:00,Search,South,Medium,Memory,640.37,Auto generated incident log,Restarted service,18
I04114,21-06-2026 09:00,Orders,West,Critical,CPU,88.35,Auto generated incident log,Optimized queries,62
I04115,21-06-2026 10:00,Auth,East,High,Latency,58.51,Auto generated incident log,Scaled up instances,105
I04116,21-06-2026 11:00,Orders,East,Low,Throughput,57.16,Auto generated incident log,Increased cache,49
I04117,21-06-2026 12:00,Billing,North,Low,Throughput,853.69,Auto generated incident log,Scaled up instances,64
I04118,21-06-2026 13:00,Payment,South,Medium,ErrorRate,895.74,Auto generated incident log,Optimized queries,50
I04119,21-06-2026 14:00,Billing,South,Low,CPU,804.56,Auto generated incident log,Scaled up instances,15
I04120,21-06-2026 15:00,Orders,West,Low,Latency,447.5,Auto generated incident log,Scaled up instances,17
I04121,21-06-2026 16:00,Orders,East,Low,Latency,464.38,Auto generated incident log,Optimized queries,9
I04122,21-06-2026 17:00,Search,South,Low,Latency,83.1,Auto generated incident log,Scaled up instances,14
I04123,21-06-2026 18:00,Auth,East,High,Latency,709.87,Auto generated incident log,Optimized queries,24
I04124,21-06-2026 19:00,Payment,West,Medium,Latency,916.93,Auto generated incident log,Optimized queries,16
I04125,21-06-2026 20:00,Billing,North,Low,Latency,140.26,Auto generated incident log,Rolled back deployment,48
I04126,21-06-2026 21:00,Billing,East,Medium,ErrorRate,873.56,Auto generated incident log,Scaled up instances,70
I04127,21-06-2026 22:00,Auth,East,Medium,Memory,949.12,Auto generated incident log,Scaled up instances,71
I04128,21-06-2026 23:00,Search,East,Low,CPU,867.61,Auto generated incident log,Increased cache,12
I04129,22-06-2026 00:00,Search,East,Critical,Throughput,505.61,Auto generated incident log,Increased cache,105
I04130,22-06-2026 01:00,Search,North,Medium,Latency,146.28,Auto generated incident log,Scaled up instances,10
I04131,22-06-2026 02:00,Orders,North,Low,Memory,806.35,Auto generated incident log,Optimized queries,88
I04132,22-06-2026 03:00,Auth,West,Medium,CPU,690.13,Auto generated incident log,Scaled up instances,90
I04133,22-06-2026 04:00,Orders,West,High,CPU,21.71,Auto generated incident log,Scaled up instances,28
I04134,22-06-2026 05:00,Search,North,Medium,CPU,415.31,Auto generated incident log,Optimized queries,87
I04135,22-06-2026 06:00,Auth,North,Low,CPU,773.54,Auto generated incident log,Scaled up instances,57
I04136,22-06-2026 07:00,Search,East,High,ErrorRate,362.56,Auto generated incident log,Restarted service,8
I04137,22-06-2026 08:00,Search,West,High,Throughput,417.05,Auto generated incident log,Restarted service,113
I04138,22-06-2026 09:00,Billing,South,Medium,Throughput,164.26,Auto generated incident log,Optimized queries,117
I04139,22-06-2026 10:00,Payment,East,Low,Memory,608.34,Auto generated incident log,Restarted service,39
I04140,22-06-2026 11:00,Orders,South,Low,CPU,369.75,Auto generated incident log,Scaled up instances,13
I04141,22-06-2026 12:00,Orders,North,Low,Memory,167.22,Auto generated incident log,Restarted service,116
I04142,22-06-2026 13:00,Billing,North,High,Latency,324.06,Auto generated incident log,Scaled up instances,112
I04143,22-06-2026 14:00,Payment,East,Low,ErrorRate,360.69,Auto generated incident log,Scaled up instances,31
I04144,22-06-2026 15:00,Search,South,Low,ErrorRate,421.07,Auto generated incident log,Scaled up instances,48
I04145,22-06-2026 16:00,Orders,North,High,CPU,885.25,Auto generated incident log,Optimized queries,78
I04146,22-06-2026 17:00,Search,East,Medium,ErrorRate,791.79,Auto generated incident log,Optimized queries,86
I04147,22-06-2026 18:00,Payment,East,Low,Throughput,442.24,Auto generated incident log,Optimized queries,68
I04148,22-06-2026 19:00,Auth,South,Medium,Memory,873.1,Auto generated incident log,Rolled back deployment,118
I04149,22-06-2026 20:00,Billing,West,High,CPU,156.94,Auto generated incident log,Increased cache,46
I04150,22-06-2026 21:00,Auth,East,Low,Memory,24.34,Auto generated incident log,Scaled up instances,107
I04151,22-06-2026 22:00,Auth,North,Low,ErrorRate,682.34,Auto generated incident log,Optimized queries,58
I04152,22-06-2026 23:00,Orders,South,Low,Latency,259,Auto generated incident log,Increased cache,95
I04153,23-06-2026 00:00,Billing,North,Low,Latency,490.56,Auto generated incident log,Scaled up instances,29
I04154,23-06-2026 01:00,Billing,West,Low,Memory,573.56,Auto generated incident log,Restarted service,31
I04155,23-06-2026 02:00,Orders,South,Critical,CPU,905.97,Auto generated incident log,Increased cache,112
I04156,23-06-2026 03:00,Orders,West,High,Latency,805.2,Auto generated incident log,Increased cache,43
I04157,23-06-2026 04:00,Auth,East,Low,ErrorRate,694.31,Auto generated incident log,Scaled up instances,62
I04158,23-06-2026 05:00,Orders,South,Critical,Memory,730.53,Auto generated incident log,Optimized queries,27
I04159,23-06-2026 06:00,Search,South,High,Latency,379.89,Auto generated incident log,Increased cache,94
I04160,23-06-2026 07:00,Billing,East,Critical,CPU,458.92,Auto generated incident log,Scaled up instances,107
I04161,23-06-2026 08:00,Billing,East,Medium,Memory,466.59,Auto generated incident log,Optimized queries,17
I04162,23-06-2026 09:00,Billing,West,Low,ErrorRate,536.82,Auto generated incident log,Rolled back deployment,93
I04163,23-06-2026 10:00,Search,North,Low,CPU,186.58,Auto generated incident log,Rolled back deployment,100
I04164,23-06-2026 11:00,Orders,North,Low,Latency,659.04,Auto generated incident log,Rolled back deployment,68
I04165,23-06-2026 12:00,Orders,South,High,CPU,558.38,Auto generated incident log,Restarted service,70
I04166,23-06-2026 13:00,Payment,East,Low,ErrorRate,797.95,Auto generated incident log,Scaled up instances,12
I04167,23-06-2026 14:00,Search,West,Medium,Throughput,451.72,Auto generated incident log,Optimized queries,101
I04168,23-06-2026 15:00,Billing,North,Low,Latency,550.61,Auto generated incident log,Increased cache,93
I04169,23-06-2026 16:00,Payment,North,Critical,CPU,804.74,Auto generated incident log,Optimized queries,114
I04170,23-06-2026 17:00,Payment,South,Low,CPU,634.04,Auto generated incident log,Increased cache,87
I04171,23-06-2026 18:00,Search,West,Low,CPU,961.71,Auto generated incident log,Increased cache,55
I04172,23-06-2026 19:00,Search,East,Medium,ErrorRate,601.29,Auto generated incident log,Rolled back deployment,48
I04173,23-06-2026 20:00,Orders,South,Low,Memory,204.51,Auto generated incident log,Rolled back deployment,28
I04174,23-06-2026 21:00,Payment,West,High,CPU,288.21,Auto generated incident log,Rolled back deployment,43
I04175,23-06-2026 22:00,Billing,South,Critical,Memory,708.24,Auto generated incident log,Increased cache,91
I04176,23-06-2026 23:00,Payment,South,Low,Latency,603.07,Auto generated incident log,Scaled up instances,29
I04177,24-06-2026 00:00,Search,North,Low,ErrorRate,94.59,Auto generated incident log,Scaled up instances,56
I04178,24-06-2026 01:00,Auth,East,Critical,Latency,282.68,Auto generated incident log,Rolled back deployment,7
I04179,24-06-2026 02:00,Billing,East,Medium,Memory,784.27,Auto generated incident log,Increased cache,113
I04180,24-06-2026 03:00,Billing,West,Medium,Latency,236.36,Auto generated incident log,Scaled up instances,58
I04181,24-06-2026 04:00,Auth,West,Medium,Throughput,631.62,Auto generated incident log,Restarted service,22
I04182,24-06-2026 05:00,Search,East,Low,Latency,884.37,Auto generated incident log,Increased cache,19
I04183,24-06-2026 06:00,Orders,West,High,Latency,995.15,Auto generated incident log,Optimized queries,24
I04184,24-06-2026 07:00,Search,North,High,ErrorRate,637.03,Auto generated incident log,Rolled back deployment,98
I04185,24-06-2026 08:00,Orders,West,Medium,CPU,33.63,Auto generated incident log,Optimized queries,102
I04186,24-06-2026 09:00,Search,West,Medium,CPU,328.43,Auto generated incident log,Optimized queries,24
I04187,24-06-2026 10:00,Orders,East,High,Memory,857.11,Auto generated incident log,Scaled up instances,14
I04188,24-06-2026 11:00,Orders,East,Low,Throughput,788.02,Auto generated incident log,Rolled back deployment,87
I04189,24-06-2026 12:00,Search,East,High,Throughput,378.91,Auto generated incident log,Optimized queries,37
I04190,24-06-2026 13:00,Payment,East,High,CPU,946.13,Auto generated incident log,Increased cache,113
I04191,24-06-2026 14:00,Orders,East,Medium,Memory,90.4,Auto generated incident log,Rolled back deployment,116
I04192,24-06-2026 15:00,Billing,West,Medium,Latency,165.15,Auto generated incident log,Scaled up instances,106
I04193,24-06-2026 16:00,Payment,East,Low,Latency,822.89,Auto generated incident log,Scaled up instances,76
I04194,24-06-2026 17:00,Payment,East,Medium,CPU,686.61,Auto generated incident log,Scaled up instances,102
I04195,24-06-2026 18:00,Orders,West,Low,CPU,237.72,Auto generated incident log,Rolled back deployment,113
I04196,24-06-2026 19:00,Payment,South,Medium,Latency,11.56,Auto generated incident log,Restarted service,104
I04197,24-06-2026 20:00,Payment,East,High,CPU,519.06,Auto generated incident log,Scaled up instances,18
I04198,24-06-2026 21:00,Orders,North,Medium,Throughput,662.51,Auto generated incident log,Restarted service,58
I04199,24-06-2026 22:00,Auth,East,High,Latency,56.91,Auto generated incident log,Rolled back deployment,9
I04200,24-06-2026 23:00,Orders,East,Medium,ErrorRate,329.07,Auto generated incident log,Increased cache,11
I04201,25-06-2026 00:00,Auth,West,Low,Latency,426.09,Auto generated incident log,Increased cache,83
I04202,25-06-2026 01:00,Orders,South,Low,Latency,490.41,Auto generated incident log,Restarted service,96
I04203,25-06-2026 02:00,Payment,West,Low,ErrorRate,93.22,Auto generated incident log,Optimized queries,112
I04204,25-06-2026 03:00,Billing,West,Low,CPU,439.12,Auto generated incident log,Increased cache,10
I04205,25-06-2026 04:00,Orders,North,Critical,CPU,374.39,Auto generated incident log,Optimized queries,93
I04206,25-06-2026 05:00,Payment,East,Low,ErrorRate,97.8,Auto generated incident log,Optimized queries,30
I04207,25-06-2026 06:00,Payment,North,Low,Memory,385.69,Auto generated incident log,Increased cache,37
I04208,25-06-2026 07:00,Orders,West,Low,ErrorRate,39.43,Auto generated incident log,Scaled up instances,16
I04209,25-06-2026 08:00,Payment,West,Low,CPU,115.88,Auto generated incident log,Optimized queries,118
I04210,25-06-2026 09:00,Payment,North,Medium,ErrorRate,318.82,Auto generated incident log,Optimized queries,38
I04211,25-06-2026 10:00,Auth,East,Medium,CPU,650.83,Auto generated incident log,Optimized queries,14
I04212,25-06-2026 11:00,Billing,East,Low,Memory,644.94,Auto generated incident log,Optimized queries,45
I04213,25-06-2026 12:00,Payment,East,Low,Memory,284.6,Auto generated incident log,Optimized queries,48
I04214,25-06-2026 13:00,Billing,West,High,Latency,346.05,Auto generated incident log,Restarted service,45
I04215,25-06-2026 14:00,Orders,South,Medium,CPU,662.82,Auto generated incident log,Increased cache,22
I04216,25-06-2026 15:00,Orders,South,Low,Throughput,638.61,Auto generated incident log,Optimized queries,11
I04217,25-06-2026 16:00,Payment,South,Low,ErrorRate,260.35,Auto generated incident log,Rolled back deployment,103
I04218,25-06-2026 17:00,Orders,South,Critical,Throughput,164.92,Auto generated incident log,Restarted service,66
I04219,25-06-2026 18:00,Orders,South,Low,Throughput,229.9,Auto generated incident log,Restarted service,21
I04220,25-06-2026 19:00,Auth,South,Medium,Latency,58.72,Auto generated incident log,Rolled back deployment,51
I04221,25-06-2026 20:00,Orders,South,Medium,ErrorRate,809.62,Auto generated incident log,Optimized queries,18
I04222,25-06-2026 21:00,Orders,North,Low,Latency,999.49,Auto generated incident log,Restarted service,36
I04223,25-06-2026 22:00,Payment,South,Critical,Latency,609.11,Auto generated incident log,Rolled back deployment,104
I04224,25-06-2026 23:00,Billing,North,Low,Memory,963.93,Auto generated incident log,Rolled back deployment,91
I04225,26-06-2026 00:00,Payment,South,High,CPU,790.35,Auto generated incident log,Restarted service,15
I04226,26-06-2026 01:00,Search,East,High,CPU,304.87,Auto generated incident log,Increased cache,109
I04227,26-06-2026 02:00,Search,South,High,ErrorRate,536.27,Auto generated incident log,Scaled up instances,92
I04228,26-06-2026 03:00,Auth,West,Low,Latency,859.08,Auto generated incident log,Restarted service,102
I04229,26-06-2026 04:00,Search,West,Medium,CPU,916.79,Auto generated incident log,Scaled up instances,102
I04230,26-06-2026 05:00,Auth,East,Medium,Throughput,576.09,Auto generated incident log,Optimized queries,75
I04231,26-06-2026 06:00,Search,West,Medium,CPU,954.93,Auto generated incident log,Rolled back deployment,8
I04232,26-06-2026 07:00,Payment,South,Medium,Throughput,201.37,Auto generated incident log,Optimized queries,17
I04233,26-06-2026 08:00,Auth,East,High,Latency,541.74,Auto generated incident log,Rolled back deployment,109
I04234,26-06-2026 09:00,Payment,North,Low,Latency,284.45,Auto generated incident log,Optimized queries,67
I04235,26-06-2026 10:00,Search,East,High,Throughput,968.27,Auto generated incident log,Scaled up instances,64
I04236,26-06-2026 11:00,Payment,North,Low,CPU,268.34,Auto generated incident log,Scaled up instances,81
I04237,26-06-2026 12:00,Payment,South,Medium,Latency,479.1,Auto generated incident log,Restarted service,115
I04238,26-06-2026 13:00,Orders,North,Medium,Memory,564.46,Auto generated incident log,Rolled back deployment,10
I04239,26-06-2026 14:00,Payment,East,Low,CPU,62.91,Auto generated incident log,Optimized queries,37
I04240,26-06-2026 15:00,Search,North,Medium,Latency,455.19,Auto generated incident log,Rolled back deployment,72
I04241,26-06-2026 16:00,Billing,West,High,Throughput,662.9,Auto generated incident log,Restarted service,95
I04242,26-06-2026 17:00,Orders,East,High,Memory,635.31,Auto generated incident log,Optimized queries,117
I04243,26-06-2026 18:00,Billing,West,Low,CPU,787.04,Auto generated incident log,Scaled up instances,27
I04244,26-06-2026 19:00,Search,West,Medium,CPU,404.27,Auto generated incident log,Optimized queries,52
I04245,26-06-2026 20:00,Billing,South,Low,CPU,191.47,Auto generated incident log,Rolled back deployment,14
I04246,26-06-2026 21:00,Billing,West,Low,Memory,884.75,Auto generated incident log,Scaled up instances,47
I04247,26-06-2026 22:00,Auth,South,Medium,Throughput,232.27,Auto generated incident log,Restarted service,37
I04248,26-06-2026 23:00,Payment,West,Medium,Latency,593.84,Auto generated incident log,Optimized queries,99
I04249,27-06-2026 00:00,Orders,North,Low,Memory,701.43,Auto generated incident log,Increased cache,45
I04250,27-06-2026 01:00,Payment,West,Medium,Memory,225.99,Auto generated incident log,Increased cache,63
I04251,27-06-2026 02:00,Search,West,Medium,Throughput,76.07,Auto generated incident log,Restarted service,24
I04252,27-06-2026 03:00,Search,East,High,CPU,172.47,Auto generated incident log,Optimized queries,17
I04253,27-06-2026 04:00,Search,South,High,Memory,445.06,Auto generated incident log,Optimized queries,38
I04254,27-06-2026 05:00,Search,East,High,Memory,486.57,Auto generated incident log,Scaled up instances,103
I04255,27-06-2026 06:00,Payment,West,Medium,Throughput,931.64,Auto generated incident log,Rolled back deployment,48
I04256,27-06-2026 07:00,Billing,East,High,Memory,593.23,Auto generated incident log,Rolled back deployment,97
I04257,27-06-2026 08:00,Search,East,Medium,Latency,128.57,Auto generated incident log,Scaled up instances,11
I04258,27-06-2026 09:00,Payment,West,Medium,ErrorRate,741.17,Auto generated incident log,Increased cache,13
I04259,27-06-2026 10:00,Orders,West,Critical,Throughput,106.13,Auto generated incident log,Scaled up instances,5
I04260,27-06-2026 11:00,Auth,North,Medium,ErrorRate,279.07,Auto generated incident log,Scaled up instances,22
I04261,27-06-2026 12:00,Orders,East,Low,Memory,697.07,Auto generated incident log,Restarted service,5
I04262,27-06-2026 13:00,Billing,East,Medium,ErrorRate,51.4,Auto generated incident log,Optimized queries,88
I04263,27-06-2026 14:00,Orders,South,Medium,ErrorRate,930.37,Auto generated incident log,Restarted service,97
I04264,27-06-2026 15:00,Orders,South,Medium,Latency,576.93,Auto generated incident log,Rolled back deployment,90
I04265,27-06-2026 16:00,Billing,North,Low,CPU,648.68,Auto generated incident log,Scaled up instances,97
I04266,27-06-2026 17:00,Orders,North,Medium,ErrorRate,234.49,Auto generated incident log,Rolled back deployment,102
I04267,27-06-2026 18:00,Payment,East,Low,Memory,841.04,Auto generated incident log,Scaled up instances,114
I04268,27-06-2026 19:00,Payment,North,Medium,Latency,3.98,Auto generated incident log,Restarted service,65
I04269,27-06-2026 20:00,Orders,West,Low,Latency,581.04,Auto generated incident log,Increased cache,52
I04270,27-06-2026 21:00,Payment,East,High,Memory,746.13,Auto generated incident log,Scaled up instances,73
I04271,27-06-2026 22:00,Orders,South,Low,Memory,358.17,Auto generated incident log,Increased cache,20
I04272,27-06-2026 23:00,Payment,South,High,Throughput,254.02,Auto generated incident log,Rolled back deployment,69
I04273,28-06-2026 00:00,Auth,South,High,Memory,667.73,Auto generated incident log,Scaled up instances,115
I04274,28-06-2026 01:00,Payment,South,High,Throughput,569.12,Auto generated incident log,Scaled up instances,71
I04275,28-06-2026 02:00,Billing,East,Critical,CPU,900.4,Auto generated incident log,Optimized queries,76
I04276,28-06-2026 03:00,Auth,East,Medium,CPU,524.44,Auto generated incident log,Optimized queries,74
I04277,28-06-2026 04:00,Billing,South,Medium,Memory,918.47,Auto generated incident log,Restarted service,56
I04278,28-06-2026 05:00,Search,West,Medium,ErrorRate,133.33,Auto generated incident log,Rolled back deployment,22
I04279,28-06-2026 06:00,Search,West,Medium,CPU,126.83,Auto generated incident log,Rolled back deployment,12
I04280,28-06-2026 07:00,Billing,West,Low,CPU,48.64,Auto generated incident log,Optimized queries,71
I04281,28-06-2026 08:00,Billing,West,Medium,Latency,226.3,Auto generated incident log,Rolled back deployment,41
I04282,28-06-2026 09:00,Billing,West,Medium,Latency,826.31,Auto generated incident log,Rolled back deployment,95
I04283,28-06-2026 10:00,Auth,North,Low,ErrorRate,968.06,Auto generated incident log,Optimized queries,39
I04284,28-06-2026 11:00,Search,West,Low,ErrorRate,626.22,Auto generated incident log,Restarted service,41
I04285,28-06-2026 12:00,Billing,East,Low,Memory,709.85,Auto generated incident log,Optimized queries,43
I04286,28-06-2026 13:00,Billing,North,Medium,ErrorRate,81.11,Auto generated incident log,Restarted service,24
I04287,28-06-2026 14:00,Payment,East,Medium,ErrorRate,961.78,Auto generated incident log,Scaled up instances,92
I04288,28-06-2026 15:00,Search,South,Low,CPU,551.44,Auto generated incident log,Optimized queries,99
I04289,28-06-2026 16:00,Orders,West,Low,Latency,765.8,Auto generated incident log,Optimized queries,94
I04290,28-06-2026 17:00,Orders,West,Low,Throughput,556.52,Auto generated incident log,Rolled back deployment,28
I04291,28-06-2026 18:00,Billing,West,Medium,Throughput,375.39,Auto generated incident log,Scaled up instances,25
I04292,28-06-2026 19:00,Orders,South,Medium,CPU,848.25,Auto generated incident log,Rolled back deployment,57
I04293,28-06-2026 20:00,Auth,South,High,ErrorRate,69.77,Auto generated incident log,Rolled back deployment,96
I04294,28-06-2026 21:00,Search,South,Medium,Latency,722.28,Auto generated incident log,Rolled back deployment,47
I04295,28-06-2026 22:00,Billing,East,Medium,CPU,226.13,Auto generated incident log,Increased cache,110
I04296,28-06-2026 23:00,Auth,South,Low,Latency,331.31,Auto generated incident log,Optimized queries,5
I04297,29-06-2026 00:00,Orders,West,Medium,Latency,363.09,Auto generated incident log,Scaled up instances,119
I04298,29-06-2026 01:00,Billing,North,High,ErrorRate,125.56,Auto generated incident log,Optimized queries,70
I04299,29-06-2026 02:00,Orders,West,Medium,ErrorRate,272.9,Auto generated incident log,Restarted service,33
I04300,29-06-2026 03:00,Search,North,Medium,Memory,425.39,Auto generated incident log,Optimized queries,113
I04301,29-06-2026 04:00,Payment,South,Critical,CPU,843.82,Auto generated incident log,Optimized queries,42
I04302,29-06-2026 05:00,Search,West,Medium,Memory,141.55,Auto generated incident log,Increased cache,119
I04303,29-06-2026 06:00,Payment,East,Medium,Throughput,749.54,Auto generated incident log,Scaled up instances,87
I04304,29-06-2026 07:00,Billing,South,Medium,Latency,12.08,Auto generated incident log,Restarted service,106
I04305,29-06-2026 08:00,Billing,East,Critical,Latency,680.94,Auto generated incident log,Optimized queries,6
I04306,29-06-2026 09:00,Search,East,Low,Throughput,700.32,Auto generated incident log,Rolled back deployment,32
I04307,29-06-2026 10:00,Orders,North,High,Latency,189.17,Auto generated incident log,Optimized queries,102
I04308,29-06-2026 11:00,Billing,North,Critical,CPU,713.93,Auto generated incident log,Rolled back deployment,61
I04309,29-06-2026 12:00,Billing,West,Low,Memory,449.19,Auto generated incident log,Rolled back deployment,118
I04310,29-06-2026 13:00,Search,North,Medium,Memory,352.5,Auto generated incident log,Rolled back deployment,76
I04311,29-06-2026 14:00,Orders,North,Critical,CPU,102.43,Auto generated incident log,Restarted service,81
I04312,29-06-2026 15:00,Auth,North,Medium,CPU,277.11,Auto generated incident log,Increased cache,80
I04313,29-06-2026 16:00,Payment,West,High,CPU,264.41,Auto generated incident log,Scaled up instances,40
I04314,29-06-2026 17:00,Search,West,High,ErrorRate,423.25,Auto generated incident log,Restarted service,38
I04315,29-06-2026 18:00,Payment,West,Low,Memory,271.45,Auto generated incident log,Increased cache,28
I04316,29-06-2026 19:00,Auth,South,Medium,Latency,848.28,Auto generated incident log,Scaled up instances,10
I04317,29-06-2026 20:00,Auth,West,Medium,Memory,545.64,Auto generated incident log,Restarted service,117
I04318,29-06-2026 21:00,Orders,East,High,Memory,255.3,Auto generated incident log,Restarted service,72
I04319,29-06-2026 22:00,Billing,West,Medium,ErrorRate,125.04,Auto generated incident log,Optimized queries,50
I04320,29-06-2026 23:00,Auth,East,Medium,CPU,5.04,Auto generated incident log,Scaled up instances,27
I04321,30-06-2026 00:00,Billing,North,High,ErrorRate,189.74,Auto generated incident log,Increased cache,60
I04322,30-06-2026 01:00,Orders,West,Medium,Throughput,0.35,Auto generated incident log,Optimized queries,52
I04323,30-06-2026 02:00,Search,North,High,Memory,393.7,Auto generated incident log,Rolled back deployment,116
I04324,30-06-2026 03:00,Billing,West,High,Memory,533.32,Auto generated incident log,Scaled up instances,75
I04325,30-06-2026 04:00,Orders,North,Low,CPU,284.47,Auto generated incident log,Optimized queries,37
I04326,30-06-2026 05:00,Payment,East,Medium,Throughput,808.12,Auto generated incident log,Increased cache,72
I04327,30-06-2026 06:00,Billing,South,Low,Throughput,492.38,Auto generated incident log,Scaled up instances,19
I04328,30-06-2026 07:00,Search,North,High,Latency,150.79,Auto generated incident log,Restarted service,80
I04329,30-06-2026 08:00,Orders,North,Low,Throughput,602.12,Auto generated incident log,Scaled up instances,85
I04330,30-06-2026 09:00,Payment,West,Low,CPU,825.05,Auto generated incident log,Rolled back deployment,72
I04331,30-06-2026 10:00,Billing,East,High,Memory,277.5,Auto generated incident log,Rolled back deployment,77
I04332,30-06-2026 11:00,Search,South,Low,Memory,261.18,Auto generated incident log,Optimized queries,98
I04333,30-06-2026 12:00,Orders,West,Medium,Latency,239.67,Auto generated incident log,Scaled up instances,110
I04334,30-06-2026 13:00,Search,East,High,Memory,985.78,Auto generated incident log,Scaled up instances,93
I04335,30-06-2026 14:00,Billing,East,Critical,Memory,858.23,Auto generated incident log,Optimized queries,57
I04336,30-06-2026 15:00,Auth,East,High,ErrorRate,606.25,Auto generated incident log,Optimized queries,20
I04337,30-06-2026 16:00,Payment,South,Medium,Latency,708.19,Auto generated incident log,Increased cache,94
I04338,30-06-2026 17:00,Billing,West,High,CPU,739.22,Auto generated incident log,Increased cache,88
I04339,30-06-2026 18:00,Search,West,Low,Memory,490.44,Auto generated incident log,Increased cache,44
I04340,30-06-2026 19:00,Payment,West,Medium,Memory,261.13,Auto generated incident log,Scaled up instances,12
I04341,30-06-2026 20:00,Auth,East,Low,Memory,750.65,Auto generated incident log,Increased cache,59
I04342,30-06-2026 21:00,Auth,East,Low,CPU,510.63,Auto generated incident log,Restarted service,105
I04343,30-06-2026 22:00,Billing,West,Low,Latency,842.53,Auto generated incident log,Increased cache,14
I04344,30-06-2026 23:00,Search,East,Low,CPU,930.34,Auto generated incident log,Optimized queries,35
I04345,01-07-2026 00:00,Payment,North,Medium,Latency,912.49,Auto generated incident log,Restarted service,20
I04346,01-07-2026 01:00,Payment,West,Medium,ErrorRate,231.7,Auto generated incident log,Rolled back deployment,101
I04347,01-07-2026 02:00,Billing,South,Medium,ErrorRate,265.55,Auto generated incident log,Rolled back deployment,63
I04348,01-07-2026 03:00,Auth,North,Critical,Latency,171.3,Auto generated incident log,Increased cache,83
I04349,01-07-2026 04:00,Billing,North,Medium,ErrorRate,758.5,Auto generated incident log,Rolled back deployment,15
I04350,01-07-2026 05:00,Auth,North,Medium,Latency,581.1,Auto generated incident log,Increased cache,25
I04351,01-07-2026 06:00,Search,South,Low,Throughput,917.35,Auto generated incident log,Optimized queries,116
I04352,01-07-2026 07:00,Search,South,Low,CPU,454.83,Auto generated incident log,Restarted service,115
I04353,01-07-2026 08:00,Payment,West,Low,ErrorRate,442.94,Auto generated incident log,Increased cache,8
I04354,01-07-2026 09:00,Auth,East,Medium,Memory,368.92,Auto generated incident log,Optimized queries,109
I04355,01-07-2026 10:00,Auth,East,Medium,Memory,949.69,Auto generated incident log,Restarted service,28
I04356,01-07-2026 11:00,Orders,East,Critical,ErrorRate,72.34,Auto generated incident log,Increased cache,72
I04357,01-07-2026 12:00,Payment,West,Low,Latency,373.51,Auto generated incident log,Rolled back deployment,96
I04358,01-07-2026 13:00,Payment,East,Low,Latency,970.27,Auto generated incident log,Restarted service,8
I04359,01-07-2026 14:00,Search,South,Low,Memory,994.27,Auto generated incident log,Scaled up instances,33
I04360,01-07-2026 15:00,Orders,South,Medium,Throughput,588.15,Auto generated incident log,Scaled up instances,111
I04361,01-07-2026 16:00,Auth,East,Critical,ErrorRate,426.71,Auto generated incident log,Optimized queries,90
I04362,01-07-2026 17:00,Search,West,High,ErrorRate,356.42,Auto generated incident log,Restarted service,27
I04363,01-07-2026 18:00,Search,East,Medium,Memory,711.02,Auto generated incident log,Optimized queries,54
I04364,01-07-2026 19:00,Orders,East,Low,Memory,651.69,Auto generated incident log,Scaled up instances,56
I04365,01-07-2026 20:00,Payment,East,High,CPU,198.19,Auto generated incident log,Scaled up instances,83
I04366,01-07-2026 21:00,Orders,North,High,Throughput,603.89,Auto generated incident log,Rolled back deployment,34
I04367,01-07-2026 22:00,Search,North,Low,Latency,603.35,Auto generated incident log,Restarted service,111
I04368,01-07-2026 23:00,Search,North,High,ErrorRate,258.04,Auto generated incident log,Scaled up instances,65
I04369,02-07-2026 00:00,Auth,East,Low,Memory,193.08,Auto generated incident log,Restarted service,38
I04370,02-07-2026 01:00,Payment,East,Critical,Throughput,107.45,Auto generated incident log,Increased cache,102
I04371,02-07-2026 02:00,Search,South,High,Throughput,830.41,Auto generated incident log,Rolled back deployment,39
I04372,02-07-2026 03:00,Orders,North,High,ErrorRate,97.18,Auto generated incident log,Restarted service,14
I04373,02-07-2026 04:00,Payment,North,Low,CPU,515.86,Auto generated incident log,Increased cache,68
I04374,02-07-2026 05:00,Search,North,Low,Throughput,261.94,Auto generated incident log,Restarted service,66
I04375,02-07-2026 06:00,Auth,South,Low,Latency,244.06,Auto generated incident log,Restarted service,17
I04376,02-07-2026 07:00,Search,East,Medium,Latency,250.1,Auto generated incident log,Rolled back deployment,53
I04377,02-07-2026 08:00,Payment,North,Medium,Throughput,748.02,Auto generated incident log,Restarted service,103
I04378,02-07-2026 09:00,Payment,West,Medium,Latency,363.85,Auto generated incident log,Scaled up instances,69
I04379,02-07-2026 10:00,Billing,East,Medium,Memory,121.57,Auto generated incident log,Optimized queries,6
I04380,02-07-2026 11:00,Billing,North,Medium,Throughput,321.28,Auto generated incident log,Scaled up instances,52
I04381,02-07-2026 12:00,Search,South,High,Throughput,726.54,Auto generated incident log,Restarted service,94
I04382,02-07-2026 13:00,Search,West,Low,CPU,561.36,Auto generated incident log,Restarted service,77
I04383,02-07-2026 14:00,Search,North,High,Throughput,130.24,Auto generated incident log,Optimized queries,39
I04384,02-07-2026 15:00,Billing,East,High,CPU,537.41,Auto generated incident log,Scaled up instances,76
I04385,02-07-2026 16:00,Billing,West,Critical,Throughput,741.5,Auto generated incident log,Restarted service,93
I04386,02-07-2026 17:00,Orders,West,Low,Latency,934.12,Auto generated incident log,Scaled up instances,73
I04387,02-07-2026 18:00,Auth,North,Medium,Throughput,265.56,Auto generated incident log,Scaled up instances,102
I04388,02-07-2026 19:00,Search,East,Critical,Latency,908.83,Auto generated incident log,Rolled back deployment,12
I04389,02-07-2026 20:00,Orders,East,Critical,Latency,865.44,Auto generated incident log,Optimized queries,109
I04390,02-07-2026 21:00,Search,North,Critical,Latency,809.22,Auto generated incident log,Optimized queries,26
I04391,02-07-2026 22:00,Auth,North,Medium,CPU,488.02,Auto generated incident log,Rolled back deployment,81
I04392,02-07-2026 23:00,Billing,East,Low,Latency,787.56,Auto generated incident log,Increased cache,92
I04393,03-07-2026 00:00,Payment,East,Low,Latency,294.54,Auto generated incident log,Rolled back deployment,37
I04394,03-07-2026 01:00,Payment,South,Low,Throughput,570.24,Auto generated incident log,Restarted service,89
I04395,03-07-2026 02:00,Auth,West,Medium,Latency,472.37,Auto generated incident log,Scaled up instances,73
I04396,03-07-2026 03:00,Billing,North,High,Memory,635.52,Auto generated incident log,Restarted service,40
I04397,03-07-2026 04:00,Orders,East,Low,Memory,357.74,Auto generated incident log,Scaled up instances,40
I04398,03-07-2026 05:00,Search,East,Medium,Latency,519.19,Auto generated incident log,Optimized queries,36
I04399,03-07-2026 06:00,Search,East,Medium,CPU,863.21,Auto generated incident log,Restarted service,30
I04400,03-07-2026 07:00,Search,West,Low,CPU,50.13,Auto generated incident log,Optimized queries,106
I04401,03-07-2026 08:00,Auth,West,Low,Throughput,46.7,Auto generated incident log,Increased cache,14
I04402,03-07-2026 09:00,Payment,East,Critical,Throughput,221.72,Auto generated incident log,Scaled up instances,109
I04403,03-07-2026 10:00,Billing,South,Low,Throughput,177.22,Auto generated incident log,Restarted service,9
I04404,03-07-2026 11:00,Search,East,High,Throughput,716.53,Auto generated incident log,Rolled back deployment,13
I04405,03-07-2026 12:00,Search,South,Medium,CPU,360.22,Auto generated incident log,Scaled up instances,25
I04406,03-07-2026 13:00,Billing,North,Low,CPU,339.28,Auto generated incident log,Optimized queries,97
I04407,03-07-2026 14:00,Orders,South,Medium,CPU,154.5,Auto generated incident log,Scaled up instances,43
I04408,03-07-2026 15:00,Payment,South,Medium,Latency,721.5,Auto generated incident log,Optimized queries,15
I04409,03-07-2026 16:00,Orders,West,High,Memory,756.77,Auto generated incident log,Restarted service,118
I04410,03-07-2026 17:00,Billing,West,High,ErrorRate,884.04,Auto generated incident log,Restarted service,38
I04411,03-07-2026 18:00,Auth,North,High,Memory,957.97,Auto generated incident log,Rolled back deployment,6
I04412,03-07-2026 19:00,Billing,North,Critical,Memory,37.45,Auto generated incident log,Restarted service,30
I04413,03-07-2026 20:00,Orders,East,High,CPU,785.04,Auto generated incident log,Restarted service,100
I04414,03-07-2026 21:00,Auth,West,Low,ErrorRate,74.46,Auto generated incident log,Optimized queries,100
I04415,03-07-2026 22:00,Orders,East,Low,Latency,739.58,Auto generated incident log,Increased cache,112
I04416,03-07-2026 23:00,Payment,South,Low,Memory,293.69,Auto generated incident log,Rolled back deployment,46
I04417,04-07-2026 00:00,Orders,North,Low,ErrorRate,468.12,Auto generated incident log,Rolled back deployment,42
I04418,04-07-2026 01:00,Billing,East,Low,Latency,457.83,Auto generated incident log,Scaled up instances,113
I04419,04-07-2026 02:00,Billing,West,Low,ErrorRate,515.37,Auto generated incident log,Restarted service,117
I04420,04-07-2026 03:00,Search,East,Low,CPU,824.94,Auto generated incident log,Rolled back deployment,21
I04421,04-07-2026 04:00,Billing,South,Low,Latency,726.98,Auto generated incident log,Optimized queries,64
I04422,04-07-2026 05:00,Search,South,Low,Latency,501.45,Auto generated incident log,Optimized queries,55
I04423,04-07-2026 06:00,Billing,West,Low,ErrorRate,52.35,Auto generated incident log,Increased cache,22
I04424,04-07-2026 07:00,Payment,East,High,Latency,174.94,Auto generated incident log,Increased cache,43
I04425,04-07-2026 08:00,Search,East,Medium,Latency,453.35,Auto generated incident log,Rolled back deployment,86
I04426,04-07-2026 09:00,Billing,East,Medium,Throughput,45.19,Auto generated incident log,Increased cache,17
I04427,04-07-2026 10:00,Search,South,Medium,ErrorRate,696.53,Auto generated incident log,Restarted service,51
I04428,04-07-2026 11:00,Billing,South,High,Throughput,299.64,Auto generated incident log,Increased cache,109
I04429,04-07-2026 12:00,Billing,West,High,Throughput,805.8,Auto generated incident log,Optimized queries,56
I04430,04-07-2026 13:00,Auth,East,Medium,ErrorRate,541.59,Auto generated incident log,Scaled up instances,89
I04431,04-07-2026 14:00,Search,East,Low,Throughput,878.89,Auto generated incident log,Scaled up instances,58
I04432,04-07-2026 15:00,Search,South,Medium,Throughput,947.53,Auto generated incident log,Optimized queries,85
I04433,04-07-2026 16:00,Orders,North,Critical,CPU,832.79,Auto generated incident log,Rolled back deployment,51
I04434,04-07-2026 17:00,Search,East,Critical,Memory,998.79,Auto generated incident log,Scaled up instances,66
I04435,04-07-2026 18:00,Billing,North,Medium,ErrorRate,492.84,Auto generated incident log,Increased cache,108
I04436,04-07-2026 19:00,Orders,South,Medium,CPU,399.98,Auto generated incident log,Increased cache,33
I04437,04-07-2026 20:00,Billing,East,Low,ErrorRate,170.04,Auto generated incident log,Restarted service,12
I04438,04-07-2026 21:00,Search,North,Medium,Latency,360.98,Auto generated incident log,Optimized queries,24
I04439,04-07-2026 22:00,Payment,East,High,Throughput,896.67,Auto generated incident log,Increased cache,79
I04440,04-07-2026 23:00,Payment,South,Critical,CPU,927.23,Auto generated incident log,Scaled up instances,75
I04441,05-07-2026 00:00,Payment,West,Low,Memory,195.3,Auto generated incident log,Rolled back deployment,39
I04442,05-07-2026 01:00,Payment,West,High,ErrorRate,575.47,Auto generated incident log,Optimized queries,61
I04443,05-07-2026 02:00,Orders,North,Medium,CPU,254.61,Auto generated incident log,Increased cache,81
I04444,05-07-2026 03:00,Orders,South,Low,Latency,797.03,Auto generated incident log,Optimized queries,18
I04445,05-07-2026 04:00,Auth,West,Low,Memory,557.05,Auto generated incident log,Increased cache,53
I04446,05-07-2026 05:00,Auth,West,Medium,Latency,906.1,Auto generated incident log,Rolled back deployment,52
I04447,05-07-2026 06:00,Billing,West,High,ErrorRate,577.91,Auto generated incident log,Restarted service,86
I04448,05-07-2026 07:00,Auth,West,Low,ErrorRate,132.44,Auto generated incident log,Scaled up instances,93
I04449,05-07-2026 08:00,Search,South,High,Memory,444.8,Auto generated incident log,Restarted service,17
I04450,05-07-2026 09:00,Orders,South,Medium,Memory,34.13,Auto generated incident log,Scaled up instances,91
I04451,05-07-2026 10:00,Auth,West,Medium,ErrorRate,701.27,Auto generated incident log,Rolled back deployment,113
I04452,05-07-2026 11:00,Billing,North,Low,Latency,108.78,Auto generated incident log,Optimized queries,91
I04453,05-07-2026 12:00,Billing,North,Critical,Latency,368.88,Auto generated incident log,Rolled back deployment,105
I04454,05-07-2026 13:00,Billing,North,Low,Throughput,202.38,Auto generated incident log,Increased cache,46
I04455,05-07-2026 14:00,Payment,West,Medium,Throughput,182.91,Auto generated incident log,Optimized queries,68
I04456,05-07-2026 15:00,Search,West,Low,Memory,420.32,Auto generated incident log,Increased cache,87
I04457,05-07-2026 16:00,Auth,East,Medium,ErrorRate,761.13,Auto generated incident log,Restarted service,84
I04458,05-07-2026 17:00,Payment,East,Critical,CPU,830.39,Auto generated incident log,Optimized queries,35
I04459,05-07-2026 18:00,Payment,West,Medium,Throughput,580.75,Auto generated incident log,Scaled up instances,15
I04460,05-07-2026 19:00,Payment,South,Low,Memory,315.68,Auto generated incident log,Increased cache,32
I04461,05-07-2026 20:00,Orders,East,Medium,Throughput,317.59,Auto generated incident log,Restarted service,39
I04462,05-07-2026 21:00,Auth,North,Medium,CPU,682,Auto generated incident log,Scaled up instances,12
I04463,05-07-2026 22:00,Orders,West,High,Throughput,130.53,Auto generated incident log,Increased cache,36
I04464,05-07-2026 23:00,Orders,North,Low,Throughput,439.81,Auto generated incident log,Restarted service,84
I04465,06-07-2026 00:00,Payment,West,High,Latency,33.79,Auto generated incident log,Restarted service,5
I04466,06-07-2026 01:00,Auth,North,Low,CPU,850.04,Auto generated incident log,Scaled up instances,29
I04467,06-07-2026 02:00,Search,North,High,Latency,519.56,Auto generated incident log,Optimized queries,108
I04468,06-07-2026 03:00,Billing,North,Low,ErrorRate,413.8,Auto generated incident log,Optimized queries,14
I04469,06-07-2026 04:00,Orders,East,Medium,Latency,586.85,Auto generated incident log,Scaled up instances,102
I04470,06-07-2026 05:00,Orders,North,Low,ErrorRate,108.83,Auto generated incident log,Scaled up instances,54
I04471,06-07-2026 06:00,Payment,North,Low,Latency,293.72,Auto generated incident log,Increased cache,9
I04472,06-07-2026 07:00,Search,South,Low,Memory,331.74,Auto generated incident log,Increased cache,19
I04473,06-07-2026 08:00,Search,West,Low,Throughput,527.37,Auto generated incident log,Optimized queries,11
I04474,06-07-2026 09:00,Payment,East,Low,CPU,165.58,Auto generated incident log,Scaled up instances,75
I04475,06-07-2026 10:00,Orders,South,Low,Latency,474.81,Auto generated incident log,Rolled back deployment,57
I04476,06-07-2026 11:00,Billing,East,Medium,Throughput,691.27,Auto generated incident log,Optimized queries,21
I04477,06-07-2026 12:00,Billing,South,Medium,Latency,203.35,Auto generated incident log,Scaled up instances,6
I04478,06-07-2026 13:00,Payment,North,Low,Latency,730.55,Auto generated incident log,Scaled up instances,102
I04479,06-07-2026 14:00,Payment,North,Medium,Throughput,53.01,Auto generated incident log,Increased cache,73
I04480,06-07-2026 15:00,Auth,East,Low,Memory,946.73,Auto generated incident log,Restarted service,39
I04481,06-07-2026 16:00,Billing,East,Low,Latency,762.92,Auto generated incident log,Scaled up instances,73
I04482,06-07-2026 17:00,Payment,East,High,ErrorRate,173.55,Auto generated incident log,Rolled back deployment,79
I04483,06-07-2026 18:00,Orders,North,Low,Memory,491.08,Auto generated incident log,Increased cache,65
I04484,06-07-2026 19:00,Payment,West,High,Throughput,222.41,Auto generated incident log,Restarted service,78
I04485,06-07-2026 20:00,Billing,East,Low,CPU,6.87,Auto generated incident log,Increased cache,84
I04486,06-07-2026 21:00,Orders,East,Medium,Throughput,413.78,Auto generated incident log,Increased cache,107
I04487,06-07-2026 22:00,Orders,West,Low,Memory,454.21,Auto generated incident log,Optimized queries,49
I04488,06-07-2026 23:00,Search,South,Low,Memory,984.5,Auto generated incident log,Restarted service,35
I04489,07-07-2026 00:00,Search,North,High,Throughput,272.9,Auto generated incident log,Restarted service,75
I04490,07-07-2026 01:00,Search,North,Medium,ErrorRate,130.69,Auto generated incident log,Scaled up instances,37
I04491,07-07-2026 02:00,Orders,North,Medium,Latency,446.28,Auto generated incident log,Rolled back deployment,56
I04492,07-07-2026 03:00,Auth,North,Medium,ErrorRate,462,Auto generated incident log,Increased cache,5
I04493,07-07-2026 04:00,Orders,North,Medium,ErrorRate,132.81,Auto generated incident log,Scaled up instances,77
I04494,07-07-2026 05:00,Auth,South,Medium,Latency,347.23,Auto generated incident log,Increased cache,25
I04495,07-07-2026 06:00,Search,West,Low,ErrorRate,424.38,Auto generated incident log,Restarted service,89
I04496,07-07-2026 07:00,Billing,East,Critical,ErrorRate,824.25,Auto generated incident log,Restarted service,42
I04497,07-07-2026 08:00,Search,West,Low,Throughput,241.36,Auto generated incident log,Increased cache,95
I04498,07-07-2026 09:00,Billing,South,Low,CPU,667.69,Auto generated incident log,Increased cache,63
I04499,07-07-2026 10:00,Payment,North,High,Memory,718.36,Auto generated incident log,Optimized queries,40
I04500,07-07-2026 11:00,Payment,South,Low,Latency,275.06,Auto generated incident log,Restarted service,104
I04501,07-07-2026 12:00,Search,South,High,Throughput,521.87,Auto generated incident log,Optimized queries,95
I04502,07-07-2026 13:00,Auth,North,Medium,Memory,713.88,Auto generated incident log,Optimized queries,114
I04503,07-07-2026 14:00,Orders,North,Low,Throughput,18.59,Auto generated incident log,Scaled up instances,46
I04504,07-07-2026 15:00,Auth,West,High,Memory,331.02,Auto generated incident log,Rolled back deployment,73
I04505,07-07-2026 16:00,Billing,North,High,Throughput,717.46,Auto generated incident log,Rolled back deployment,36
I04506,07-07-2026 17:00,Billing,East,Medium,Memory,614.88,Auto generated incident log,Rolled back deployment,90
I04507,07-07-2026 18:00,Payment,South,Low,CPU,640.91,Auto generated incident log,Rolled back deployment,46
I04508,07-07-2026 19:00,Auth,North,Low,Throughput,905.01,Auto generated incident log,Restarted service,36
I04509,07-07-2026 20:00,Auth,North,High,Memory,700.97,Auto generated incident log,Restarted service,17
I04510,07-07-2026 21:00,Payment,East,High,Throughput,411.52,Auto generated incident log,Scaled up instances,115
I04511,07-07-2026 22:00,Search,East,Medium,Latency,606.78,Auto generated incident log,Increased cache,18
I04512,07-07-2026 23:00,Billing,East,High,Throughput,852.43,Auto generated incident log,Optimized queries,71
I04513,08-07-2026 00:00,Payment,East,Low,Memory,657.28,Auto generated incident log,Increased cache,92
I04514,08-07-2026 01:00,Orders,East,Low,ErrorRate,909.68,Auto generated incident log,Scaled up instances,66
I04515,08-07-2026 02:00,Search,South,Low,CPU,567.6,Auto generated incident log,Restarted service,67
I04516,08-07-2026 03:00,Payment,South,High,Latency,679.36,Auto generated incident log,Optimized queries,69
I04517,08-07-2026 04:00,Orders,West,High,Throughput,167.92,Auto generated incident log,Rolled back deployment,118
I04518,08-07-2026 05:00,Payment,South,Low,Latency,558.26,Auto generated incident log,Rolled back deployment,28
I04519,08-07-2026 06:00,Search,East,Low,Latency,683.09,Auto generated incident log,Rolled back deployment,14
I04520,08-07-2026 07:00,Search,South,Medium,ErrorRate,605.21,Auto generated incident log,Rolled back deployment,34
I04521,08-07-2026 08:00,Auth,North,High,CPU,546.85,Auto generated incident log,Rolled back deployment,36
I04522,08-07-2026 09:00,Payment,West,Low,CPU,942.98,Auto generated incident log,Optimized queries,110
I04523,08-07-2026 10:00,Search,East,High,Throughput,458.18,Auto generated incident log,Increased cache,51
I04524,08-07-2026 11:00,Auth,East,Medium,Latency,68.99,Auto generated incident log,Scaled up instances,48
I04525,08-07-2026 12:00,Orders,North,Medium,ErrorRate,751.02,Auto generated incident log,Restarted service,22
I04526,08-07-2026 13:00,Orders,South,Medium,CPU,422.26,Auto generated incident log,Rolled back deployment,6
I04527,08-07-2026 14:00,Orders,South,Low,CPU,153.31,Auto generated incident log,Restarted service,26
I04528,08-07-2026 15:00,Orders,West,Low,Memory,845.99,Auto generated incident log,Increased cache,101
I04529,08-07-2026 16:00,Auth,North,Low,ErrorRate,278.73,Auto generated incident log,Restarted service,77
I04530,08-07-2026 17:00,Auth,West,Low,Throughput,901.85,Auto generated incident log,Restarted service,110
I04531,08-07-2026 18:00,Billing,South,Low,Latency,377.33,Auto generated incident log,Rolled back deployment,20
I04532,08-07-2026 19:00,Payment,North,Low,Memory,772.9,Auto generated incident log,Increased cache,101
I04533,08-07-2026 20:00,Auth,South,Low,Latency,527.34,Auto generated incident log,Restarted service,13
I04534,08-07-2026 21:00,Billing,South,Medium,Latency,544.75,Auto generated incident log,Increased cache,88
I04535,08-07-2026 22:00,Billing,East,High,Memory,132.6,Auto generated incident log,Rolled back deployment,85
I04536,08-07-2026 23:00,Auth,West,Low,CPU,310.84,Auto generated incident log,Optimized queries,101
I04537,09-07-2026 00:00,Auth,West,Critical,ErrorRate,146.46,Auto generated incident log,Scaled up instances,32
I04538,09-07-2026 01:00,Orders,East,Critical,Memory,327.46,Auto generated incident log,Restarted service,55
I04539,09-07-2026 02:00,Auth,North,Low,Memory,633.43,Auto generated incident log,Optimized queries,93
I04540,09-07-2026 03:00,Payment,North,Critical,ErrorRate,93.04,Auto generated incident log,Restarted service,101
I04541,09-07-2026 04:00,Orders,North,Low,Memory,595.32,Auto generated incident log,Increased cache,45
I04542,09-07-2026 05:00,Auth,North,Low,Throughput,668.16,Auto generated incident log,Optimized queries,75
I04543,09-07-2026 06:00,Billing,West,High,ErrorRate,81.94,Auto generated incident log,Restarted service,54
I04544,09-07-2026 07:00,Auth,West,Low,CPU,759.15,Auto generated incident log,Increased cache,68
I04545,09-07-2026 08:00,Payment,West,Medium,ErrorRate,362.12,Auto generated incident log,Rolled back deployment,22
I04546,09-07-2026 09:00,Search,East,Low,Latency,55.27,Auto generated incident log,Rolled back deployment,107
I04547,09-07-2026 10:00,Auth,West,Medium,Throughput,87.52,Auto generated incident log,Optimized queries,89
I04548,09-07-2026 11:00,Search,South,Low,ErrorRate,95.72,Auto generated incident log,Increased cache,119
I04549,09-07-2026 12:00,Auth,East,Medium,ErrorRate,949.32,Auto generated incident log,Restarted service,86
I04550,09-07-2026 13:00,Payment,West,High,Throughput,580.09,Auto generated incident log,Restarted service,46
I04551,09-07-2026 14:00,Search,West,High,Throughput,980.79,Auto generated incident log,Rolled back deployment,86
I04552,09-07-2026 15:00,Search,East,Low,Throughput,304,Auto generated incident log,Rolled back deployment,89
I04553,09-07-2026 16:00,Auth,North,Medium,Throughput,42.33,Auto generated incident log,Rolled back deployment,115
I04554,09-07-2026 17:00,Billing,South,Low,ErrorRate,49.39,Auto generated incident log,Increased cache,19
I04555,09-07-2026 18:00,Billing,South,Critical,Memory,240.68,Auto generated incident log,Restarted service,17
I04556,09-07-2026 19:00,Search,West,Critical,Throughput,538.47,Auto generated incident log,Scaled up instances,44
I04557,09-07-2026 20:00,Auth,West,High,ErrorRate,744.26,Auto generated incident log,Rolled back deployment,66
I04558,09-07-2026 21:00,Billing,North,Low,Memory,200.4,Auto generated incident log,Optimized queries,118
I04559,09-07-2026 22:00,Billing,West,Medium,Memory,426.18,Auto generated incident log,Rolled back deployment,68
I04560,09-07-2026 23:00,Payment,North,Medium,Memory,892.72,Auto generated incident log,Rolled back deployment,17
I04561,10-07-2026 00:00,Orders,South,Low,CPU,160.27,Auto generated incident log,Increased cache,35
I04562,10-07-2026 01:00,Billing,West,Low,CPU,281.81,Auto generated incident log,Rolled back deployment,118
I04563,10-07-2026 02:00,Payment,West,Critical,Throughput,524.82,Auto generated incident log,Scaled up instances,34
I04564,10-07-2026 03:00,Payment,West,Low,Memory,776.45,Auto generated incident log,Scaled up instances,37
I04565,10-07-2026 04:00,Auth,South,High,Memory,803.56,Auto generated incident log,Restarted service,113
I04566,10-07-2026 05:00,Search,East,Low,CPU,947.47,Auto generated incident log,Scaled up instances,69
I04567,10-07-2026 06:00,Auth,South,Low,CPU,952.65,Auto generated incident log,Increased cache,46
I04568,10-07-2026 07:00,Auth,North,Medium,ErrorRate,300.47,Auto generated incident log,Optimized queries,39
I04569,10-07-2026 08:00,Auth,South,High,ErrorRate,195.58,Auto generated incident log,Restarted service,103
I04570,10-07-2026 09:00,Billing,West,Low,Throughput,384.34,Auto generated incident log,Scaled up instances,53
I04571,10-07-2026 10:00,Billing,West,High,Throughput,44.65,Auto generated incident log,Scaled up instances,50
I04572,10-07-2026 11:00,Search,West,High,Throughput,131.42,Auto generated incident log,Increased cache,98
I04573,10-07-2026 12:00,Billing,East,High,Throughput,91.28,Auto generated incident log,Restarted service,31
I04574,10-07-2026 13:00,Payment,East,Low,Memory,785.64,Auto generated incident log,Rolled back deployment,110
I04575,10-07-2026 14:00,Billing,West,Low,Latency,660.09,Auto generated incident log,Restarted service,94
I04576,10-07-2026 15:00,Payment,East,Low,Latency,334.79,Auto generated incident log,Scaled up instances,69
I04577,10-07-2026 16:00,Billing,South,Low,ErrorRate,552.81,Auto generated incident log,Optimized queries,103
I04578,10-07-2026 17:00,Payment,South,Low,Throughput,882.86,Auto generated incident log,Scaled up instances,55
I04579,10-07-2026 18:00,Search,South,Medium,Throughput,116.75,Auto generated incident log,Optimized queries,99
I04580,10-07-2026 19:00,Auth,South,Critical,CPU,296.51,Auto generated incident log,Optimized queries,24
I04581,10-07-2026 20:00,Auth,West,Low,CPU,888.21,Auto generated incident log,Scaled up instances,72
I04582,10-07-2026 21:00,Billing,East,Medium,ErrorRate,172.18,Auto generated incident log,Restarted service,78
I04583,10-07-2026 22:00,Billing,North,Low,CPU,714.51,Auto generated incident log,Restarted service,75
I04584,10-07-2026 23:00,Orders,North,Low,Memory,151.92,Auto generated incident log,Increased cache,26
I04585,11-07-2026 00:00,Search,North,Low,Memory,126.02,Auto generated incident log,Restarted service,118
I04586,11-07-2026 01:00,Billing,West,High,ErrorRate,239.73,Auto generated incident log,Rolled back deployment,70
I04587,11-07-2026 02:00,Auth,North,Medium,Throughput,428.46,Auto generated incident log,Increased cache,101
I04588,11-07-2026 03:00,Auth,East,High,ErrorRate,726.92,Auto generated incident log,Increased cache,58
I04589,11-07-2026 04:00,Auth,South,Low,Latency,482.98,Auto generated incident log,Restarted service,117
I04590,11-07-2026 05:00,Payment,East,High,Memory,456.89,Auto generated incident log,Optimized queries,82
I04591,11-07-2026 06:00,Auth,West,Critical,ErrorRate,666.47,Auto generated incident log,Rolled back deployment,72
I04592,11-07-2026 07:00,Payment,North,Low,ErrorRate,779.09,Auto generated incident log,Scaled up instances,98
I04593,11-07-2026 08:00,Billing,North,Medium,ErrorRate,974.98,Auto generated incident log,Restarted service,94
I04594,11-07-2026 09:00,Orders,East,Low,ErrorRate,385.72,Auto generated incident log,Rolled back deployment,118
I04595,11-07-2026 10:00,Orders,South,High,CPU,128.35,Auto generated incident log,Restarted service,86
I04596,11-07-2026 11:00,Auth,West,Low,ErrorRate,61.15,Auto generated incident log,Rolled back deployment,59
I04597,11-07-2026 12:00,Search,East,Low,ErrorRate,43.29,Auto generated incident log,Optimized queries,15
I04598,11-07-2026 13:00,Search,North,Low,Throughput,106.84,Auto generated incident log,Increased cache,36
I04599,11-07-2026 14:00,Search,East,Low,CPU,275.08,Auto generated incident log,Increased cache,97
I04600,11-07-2026 15:00,Orders,East,Low,CPU,70.98,Auto generated incident log,Restarted service,117
I04601,11-07-2026 16:00,Search,East,Medium,Memory,624.82,Auto generated incident log,Optimized queries,13
I04602,11-07-2026 17:00,Billing,East,Critical,Memory,143.27,Auto generated incident log,Rolled back deployment,67
I04603,11-07-2026 18:00,Billing,East,High,Memory,32.44,Auto generated incident log,Rolled back deployment,65
I04604,11-07-2026 19:00,Auth,West,Medium,ErrorRate,747.66,Auto generated incident log,Scaled up instances,83
I04605,11-07-2026 20:00,Auth,East,Low,Latency,965.8,Auto generated incident log,Optimized queries,97
I04606,11-07-2026 21:00,Billing,South,Low,ErrorRate,875.63,Auto generated incident log,Scaled up instances,79
I04607,11-07-2026 22:00,Payment,West,Medium,Latency,874.74,Auto generated incident log,Scaled up instances,15
I04608,11-07-2026 23:00,Payment,South,Low,Memory,583.21,Auto generated incident log,Scaled up instances,118
I04609,12-07-2026 00:00,Orders,South,Medium,Throughput,41.87,Auto generated incident log,Restarted service,33
I04610,12-07-2026 01:00,Auth,East,Critical,CPU,683.89,Auto generated incident log,Restarted service,104
I04611,12-07-2026 02:00,Payment,South,High,Latency,499.32,Auto generated incident log,Restarted service,39
I04612,12-07-2026 03:00,Billing,North,Low,ErrorRate,105.92,Auto generated incident log,Increased cache,87
I04613,12-07-2026 04:00,Billing,West,Medium,Latency,374.28,Auto generated incident log,Optimized queries,109
I04614,12-07-2026 05:00,Billing,North,Medium,Throughput,407.74,Auto generated incident log,Restarted service,43
I04615,12-07-2026 06:00,Search,North,High,Memory,86.86,Auto generated incident log,Restarted service,99
I04616,12-07-2026 07:00,Billing,North,Low,CPU,973.72,Auto generated incident log,Restarted service,112
I04617,12-07-2026 08:00,Search,North,Medium,CPU,775.8,Auto generated incident log,Rolled back deployment,103
I04618,12-07-2026 09:00,Search,West,Low,ErrorRate,202.88,Auto generated incident log,Increased cache,26
I04619,12-07-2026 10:00,Billing,East,Medium,Latency,562.88,Auto generated incident log,Increased cache,65
I04620,12-07-2026 11:00,Search,North,Medium,Memory,345.2,Auto generated incident log,Scaled up instances,104
I04621,12-07-2026 12:00,Billing,South,Low,CPU,235.02,Auto generated incident log,Optimized queries,76
I04622,12-07-2026 13:00,Orders,East,Low,CPU,690.16,Auto generated incident log,Rolled back deployment,51
I04623,12-07-2026 14:00,Search,South,Medium,Throughput,943.22,Auto generated incident log,Increased cache,52
I04624,12-07-2026 15:00,Billing,West,Low,Latency,354.46,Auto generated incident log,Restarted service,41
I04625,12-07-2026 16:00,Billing,North,Low,Latency,456.97,Auto generated incident log,Scaled up instances,60
I04626,12-07-2026 17:00,Orders,West,Low,CPU,982,Auto generated incident log,Rolled back deployment,36
I04627,12-07-2026 18:00,Orders,East,High,Throughput,155.62,Auto generated incident log,Scaled up instances,109
I04628,12-07-2026 19:00,Auth,West,Low,Latency,235.72,Auto generated incident log,Optimized queries,24
I04629,12-07-2026 20:00,Search,North,Critical,ErrorRate,240,Auto generated incident log,Scaled up instances,106
I04630,12-07-2026 21:00,Auth,South,Critical,Latency,180.07,Auto generated incident log,Scaled up instances,34
I04631,12-07-2026 22:00,Payment,South,Medium,Throughput,879.28,Auto generated incident log,Restarted service,94
I04632,12-07-2026 23:00,Orders,North,High,Latency,913.23,Auto generated incident log,Optimized queries,69
I04633,13-07-2026 00:00,Orders,East,Medium,Memory,911.03,Auto generated incident log,Scaled up instances,92
I04634,13-07-2026 01:00,Billing,South,Low,Latency,962.3,Auto generated incident log,Rolled back deployment,76
I04635,13-07-2026 02:00,Payment,West,Medium,Latency,752.93,Auto generated incident log,Optimized queries,58
I04636,13-07-2026 03:00,Auth,North,Low,Latency,905.72,Auto generated incident log,Restarted service,46
I04637,13-07-2026 04:00,Auth,North,Low,CPU,642.93,Auto generated incident log,Optimized queries,112
I04638,13-07-2026 05:00,Orders,East,Low,Latency,118.92,Auto generated incident log,Rolled back deployment,115
I04639,13-07-2026 06:00,Auth,West,Low,Throughput,743.08,Auto generated incident log,Optimized queries,42
I04640,13-07-2026 07:00,Auth,West,Low,Throughput,984.56,Auto generated incident log,Optimized queries,35
I04641,13-07-2026 08:00,Search,South,Low,Latency,585.27,Auto generated incident log,Scaled up instances,48
I04642,13-07-2026 09:00,Search,East,Critical,Latency,538.86,Auto generated incident log,Scaled up instances,69
I04643,13-07-2026 10:00,Orders,North,High,ErrorRate,479.11,Auto generated incident log,Scaled up instances,50
I04644,13-07-2026 11:00,Auth,East,High,Memory,276.34,Auto generated incident log,Rolled back deployment,60
I04645,13-07-2026 12:00,Auth,West,Medium,Latency,268.6,Auto generated incident log,Restarted service,96
I04646,13-07-2026 13:00,Payment,South,Critical,ErrorRate,20.82,Auto generated incident log,Scaled up instances,103
I04647,13-07-2026 14:00,Auth,West,Medium,Memory,941.26,Auto generated incident log,Restarted service,73
I04648,13-07-2026 15:00,Auth,East,Low,CPU,349.09,Auto generated incident log,Rolled back deployment,40
I04649,13-07-2026 16:00,Payment,West,Low,Throughput,740.7,Auto generated incident log,Restarted service,102
I04650,13-07-2026 17:00,Search,West,Medium,ErrorRate,317.94,Auto generated incident log,Increased cache,5
I04651,13-07-2026 18:00,Auth,East,Medium,Latency,241.78,Auto generated incident log,Rolled back deployment,108
I04652,13-07-2026 19:00,Orders,South,Medium,ErrorRate,473.81,Auto generated incident log,Scaled up instances,52
I04653,13-07-2026 20:00,Orders,South,Medium,Memory,125,Auto generated incident log,Rolled back deployment,61
I04654,13-07-2026 21:00,Orders,West,High,ErrorRate,371.1,Auto generated incident log,Optimized queries,64
I04655,13-07-2026 22:00,Orders,South,Critical,CPU,278.97,Auto generated incident log,Optimized queries,31
I04656,13-07-2026 23:00,Search,West,Low,CPU,637.54,Auto generated incident log,Increased cache,10
I04657,14-07-2026 00:00,Search,South,High,CPU,656.99,Auto generated incident log,Scaled up instances,114
I04658,14-07-2026 01:00,Search,West,Medium,ErrorRate,408.47,Auto generated incident log,Rolled back deployment,12
I04659,14-07-2026 02:00,Billing,North,Medium,CPU,321.18,Auto generated incident log,Optimized queries,89
I04660,14-07-2026 03:00,Auth,East,Low,Latency,473.81,Auto generated incident log,Scaled up instances,40
I04661,14-07-2026 04:00,Payment,West,High,Throughput,644.71,Auto generated incident log,Restarted service,6
I04662,14-07-2026 05:00,Orders,East,Medium,Throughput,117.19,Auto generated incident log,Optimized queries,41
I04663,14-07-2026 06:00,Search,West,Low,Memory,482.59,Auto generated incident log,Scaled up instances,117
I04664,14-07-2026 07:00,Billing,West,Medium,ErrorRate,142.81,Auto generated incident log,Scaled up instances,43
I04665,14-07-2026 08:00,Payment,South,Medium,Latency,134.21,Auto generated incident log,Rolled back deployment,113
I04666,14-07-2026 09:00,Billing,East,Medium,Throughput,623.86,Auto generated incident log,Scaled up instances,111
I04667,14-07-2026 10:00,Search,West,Critical,Throughput,888.36,Auto generated incident log,Increased cache,15
I04668,14-07-2026 11:00,Payment,East,High,Memory,426.15,Auto generated incident log,Restarted service,13
I04669,14-07-2026 12:00,Orders,West,Low,ErrorRate,186.54,Auto generated incident log,Rolled back deployment,83
I04670,14-07-2026 13:00,Auth,West,Medium,ErrorRate,416.95,Auto generated incident log,Rolled back deployment,78
I04671,14-07-2026 14:00,Billing,North,Medium,CPU,217.81,Auto generated incident log,Increased cache,101
I04672,14-07-2026 15:00,Payment,South,Critical,Latency,257.69,Auto generated incident log,Rolled back deployment,89
I04673,14-07-2026 16:00,Orders,South,Low,Memory,224.93,Auto generated incident log,Increased cache,102
I04674,14-07-2026 17:00,Orders,North,High,Latency,604.48,Auto generated incident log,Optimized queries,38
I04675,14-07-2026 18:00,Search,South,Low,Memory,234.37,Auto generated incident log,Optimized queries,79
I04676,14-07-2026 19:00,Orders,North,High,Latency,959.51,Auto generated incident log,Scaled up instances,86
I04677,14-07-2026 20:00,Search,West,High,CPU,790.23,Auto generated incident log,Increased cache,61
I04678,14-07-2026 21:00,Auth,East,Medium,CPU,226.42,Auto generated incident log,Scaled up instances,53
I04679,14-07-2026 22:00,Payment,West,Low,Memory,185.93,Auto generated incident log,Restarted service,13
I04680,14-07-2026 23:00,Payment,East,Medium,CPU,889.38,Auto generated incident log,Scaled up instances,72
I04681,15-07-2026 00:00,Orders,East,Low,ErrorRate,894.35,Auto generated incident log,Optimized queries,10
I04682,15-07-2026 01:00,Payment,North,Critical,Memory,251.69,Auto generated incident log,Optimized queries,100
I04683,15-07-2026 02:00,Billing,North,Low,CPU,835.58,Auto generated incident log,Rolled back deployment,118
I04684,15-07-2026 03:00,Orders,West,Critical,Throughput,993.64,Auto generated incident log,Optimized queries,103
I04685,15-07-2026 04:00,Payment,East,Low,ErrorRate,95.72,Auto generated incident log,Scaled up instances,22
I04686,15-07-2026 05:00,Auth,West,Medium,Throughput,14.66,Auto generated incident log,Scaled up instances,59
I04687,15-07-2026 06:00,Search,East,Low,ErrorRate,586.38,Auto generated incident log,Scaled up instances,33
I04688,15-07-2026 07:00,Auth,South,High,Memory,426.8,Auto generated incident log,Optimized queries,19
I04689,15-07-2026 08:00,Payment,West,Critical,Throughput,900.6,Auto generated incident log,Optimized queries,49
I04690,15-07-2026 09:00,Payment,North,Medium,ErrorRate,629.62,Auto generated incident log,Optimized queries,55
I04691,15-07-2026 10:00,Orders,North,High,ErrorRate,294.24,Auto generated incident log,Scaled up instances,8
I04692,15-07-2026 11:00,Auth,East,Medium,Memory,288.08,Auto generated incident log,Scaled up instances,87
I04693,15-07-2026 12:00,Search,South,Medium,ErrorRate,367.68,Auto generated incident log,Restarted service,116
I04694,15-07-2026 13:00,Orders,South,Low,Memory,372.69,Auto generated incident log,Scaled up instances,68
I04695,15-07-2026 14:00,Orders,East,Low,Memory,215.82,Auto generated incident log,Scaled up instances,14
I04696,15-07-2026 15:00,Search,South,Medium,Memory,375.94,Auto generated incident log,Optimized queries,20
I04697,15-07-2026 16:00,Orders,East,Critical,CPU,427.21,Auto generated incident log,Scaled up instances,86
I04698,15-07-2026 17:00,Payment,North,Medium,ErrorRate,974.51,Auto generated incident log,Restarted service,75
I04699,15-07-2026 18:00,Billing,East,High,Throughput,404.41,Auto generated incident log,Optimized queries,118
I04700,15-07-2026 19:00,Payment,North,Low,CPU,425.54,Auto generated incident log,Scaled up instances,54
I04701,15-07-2026 20:00,Auth,East,Medium,Latency,519.51,Auto generated incident log,Increased cache,83
I04702,15-07-2026 21:00,Payment,South,Medium,CPU,948.64,Auto generated incident log,Rolled back deployment,53
I04703,15-07-2026 22:00,Orders,West,Medium,Latency,567.08,Auto generated incident log,Rolled back deployment,8
I04704,15-07-2026 23:00,Billing,North,Low,ErrorRate,451.06,Auto generated incident log,Rolled back deployment,26
I04705,16-07-2026 00:00,Orders,North,Medium,Throughput,814.6,Auto generated incident log,Scaled up instances,104
I04706,16-07-2026 01:00,Payment,South,Medium,Throughput,66.3,Auto generated incident log,Scaled up instances,61
I04707,16-07-2026 02:00,Billing,South,High,Latency,687.51,Auto generated incident log,Scaled up instances,104
I04708,16-07-2026 03:00,Payment,East,Low,ErrorRate,139.24,Auto generated incident log,Restarted service,40
I04709,16-07-2026 04:00,Payment,East,Low,CPU,198.46,Auto generated incident log,Restarted service,44
I04710,16-07-2026 05:00,Orders,North,Low,Throughput,349.64,Auto generated incident log,Optimized queries,101
I04711,16-07-2026 06:00,Orders,West,Medium,ErrorRate,976.26,Auto generated incident log,Rolled back deployment,30
I04712,16-07-2026 07:00,Search,North,Medium,Memory,270.96,Auto generated incident log,Increased cache,92
I04713,16-07-2026 08:00,Payment,South,Medium,Latency,948.64,Auto generated incident log,Scaled up instances,77
I04714,16-07-2026 09:00,Orders,West,High,Latency,392.78,Auto generated incident log,Rolled back deployment,34
I04715,16-07-2026 10:00,Search,North,Medium,Throughput,167.42,Auto generated incident log,Optimized queries,90
I04716,16-07-2026 11:00,Billing,North,Low,CPU,810.84,Auto generated incident log,Optimized queries,79
I04717,16-07-2026 12:00,Payment,South,Medium,Memory,73.01,Auto generated incident log,Restarted service,20
I04718,16-07-2026 13:00,Payment,West,Low,Memory,826.27,Auto generated incident log,Optimized queries,37
I04719,16-07-2026 14:00,Payment,North,Low,Latency,1.61,Auto generated incident log,Increased cache,52
I04720,16-07-2026 15:00,Billing,South,Medium,CPU,14.81,Auto generated incident log,Optimized queries,102
I04721,16-07-2026 16:00,Search,East,High,Throughput,275.56,Auto generated incident log,Increased cache,66
I04722,16-07-2026 17:00,Billing,North,High,ErrorRate,396.8,Auto generated incident log,Optimized queries,85
I04723,16-07-2026 18:00,Orders,South,High,CPU,944.79,Auto generated incident log,Scaled up instances,119
I04724,16-07-2026 19:00,Auth,North,Low,Memory,982.16,Auto generated incident log,Rolled back deployment,91
I04725,16-07-2026 20:00,Orders,North,High,CPU,261.15,Auto generated incident log,Optimized queries,57
I04726,16-07-2026 21:00,Auth,East,High,Throughput,591.21,Auto generated incident log,Optimized queries,31
I04727,16-07-2026 22:00,Search,North,High,CPU,834.27,Auto generated incident log,Optimized queries,46
I04728,16-07-2026 23:00,Orders,North,Low,ErrorRate,372.44,Auto generated incident log,Scaled up instances,60
I04729,17-07-2026 00:00,Orders,East,Low,Memory,791.32,Auto generated incident log,Increased cache,71
I04730,17-07-2026 01:00,Billing,East,High,CPU,438.58,Auto generated incident log,Rolled back deployment,50
I04731,17-07-2026 02:00,Auth,South,Low,CPU,500.16,Auto generated incident log,Optimized queries,24
I04732,17-07-2026 03:00,Billing,South,Low,Latency,586.13,Auto generated incident log,Scaled up instances,94
I04733,17-07-2026 04:00,Billing,East,Medium,Memory,876.72,Auto generated incident log,Restarted service,96
I04734,17-07-2026 05:00,Billing,East,Low,Latency,745.88,Auto generated incident log,Scaled up instances,43
I04735,17-07-2026 06:00,Payment,South,Low,CPU,178.09,Auto generated incident log,Optimized queries,22
I04736,17-07-2026 07:00,Billing,East,High,Latency,182.94,Auto generated incident log,Restarted service,17
I04737,17-07-2026 08:00,Auth,West,High,Throughput,275.42,Auto generated incident log,Optimized queries,6
I04738,17-07-2026 09:00,Auth,South,Critical,Latency,311.81,Auto generated incident log,Rolled back deployment,8
I04739,17-07-2026 10:00,Search,West,Low,Throughput,240.67,Auto generated incident log,Restarted service,86
I04740,17-07-2026 11:00,Orders,North,Low,Latency,539.69,Auto generated incident log,Scaled up instances,85
I04741,17-07-2026 12:00,Orders,North,Medium,CPU,694.05,Auto generated incident log,Optimized queries,43
I04742,17-07-2026 13:00,Search,West,Low,CPU,537.88,Auto generated incident log,Optimized queries,32
I04743,17-07-2026 14:00,Auth,North,Medium,Latency,284.52,Auto generated incident log,Restarted service,41
I04744,17-07-2026 15:00,Search,North,Medium,CPU,873.57,Auto generated incident log,Scaled up instances,55
I04745,17-07-2026 16:00,Billing,East,Low,Throughput,20.88,Auto generated incident log,Optimized queries,92
I04746,17-07-2026 17:00,Billing,South,High,Latency,340.18,Auto generated incident log,Optimized queries,29
I04747,17-07-2026 18:00,Auth,West,Medium,Memory,767.11,Auto generated incident log,Rolled back deployment,114
I04748,17-07-2026 19:00,Auth,West,Low,CPU,382.25,Auto generated incident log,Rolled back deployment,18
I04749,17-07-2026 20:00,Orders,East,Critical,Memory,195.81,Auto generated incident log,Scaled up instances,15
I04750,17-07-2026 21:00,Search,South,Medium,Latency,774.38,Auto generated incident log,Increased cache,96
I04751,17-07-2026 22:00,Orders,South,High,Memory,375.05,Auto generated incident log,Scaled up instances,9
I04752,17-07-2026 23:00,Payment,South,Low,Throughput,103.98,Auto generated incident log,Scaled up instances,31
I04753,18-07-2026 00:00,Payment,West,High,Memory,10.13,Auto generated incident log,Increased cache,105
I04754,18-07-2026 01:00,Auth,South,High,Throughput,254.38,Auto generated incident log,Restarted service,61
I04755,18-07-2026 02:00,Search,South,High,Memory,828.09,Auto generated incident log,Scaled up instances,41
I04756,18-07-2026 03:00,Auth,West,High,Throughput,649.78,Auto generated incident log,Scaled up instances,32
I04757,18-07-2026 04:00,Auth,West,Medium,ErrorRate,835.51,Auto generated incident log,Rolled back deployment,95
I04758,18-07-2026 05:00,Payment,East,Low,CPU,640.94,Auto generated incident log,Rolled back deployment,29
I04759,18-07-2026 06:00,Search,West,Medium,Throughput,631.8,Auto generated incident log,Scaled up instances,26
I04760,18-07-2026 07:00,Billing,East,Medium,Throughput,113.28,Auto generated incident log,Restarted service,110
I04761,18-07-2026 08:00,Payment,North,Medium,CPU,556.34,Auto generated incident log,Increased cache,97
I04762,18-07-2026 09:00,Orders,West,Medium,CPU,709.96,Auto generated incident log,Optimized queries,72
I04763,18-07-2026 10:00,Payment,North,Low,Memory,148.58,Auto generated incident log,Restarted service,91
I04764,18-07-2026 11:00,Orders,South,Low,CPU,295.85,Auto generated incident log,Optimized queries,58
I04765,18-07-2026 12:00,Billing,North,Medium,CPU,671.59,Auto generated incident log,Optimized queries,59
I04766,18-07-2026 13:00,Billing,West,High,Memory,509.37,Auto generated incident log,Increased cache,14
I04767,18-07-2026 14:00,Payment,South,Medium,CPU,40.83,Auto generated incident log,Increased cache,100
I04768,18-07-2026 15:00,Auth,North,Medium,Throughput,353.81,Auto generated incident log,Rolled back deployment,14
I04769,18-07-2026 16:00,Billing,East,Low,Memory,707.95,Auto generated incident log,Rolled back deployment,64
I04770,18-07-2026 17:00,Billing,North,Low,Latency,105.42,Auto generated incident log,Increased cache,80
I04771,18-07-2026 18:00,Auth,West,Low,Latency,610.05,Auto generated incident log,Scaled up instances,20
I04772,18-07-2026 19:00,Auth,West,Low,ErrorRate,860.59,Auto generated incident log,Scaled up instances,93
I04773,18-07-2026 20:00,Billing,South,Critical,Throughput,353.13,Auto generated incident log,Scaled up instances,59
I04774,18-07-2026 21:00,Payment,East,Low,Throughput,697.65,Auto generated incident log,Increased cache,82
I04775,18-07-2026 22:00,Orders,South,Low,ErrorRate,123.67,Auto generated incident log,Increased cache,92
I04776,18-07-2026 23:00,Payment,North,Medium,ErrorRate,163.2,Auto generated incident log,Rolled back deployment,113
I04777,19-07-2026 00:00,Billing,East,Low,Latency,601.41,Auto generated incident log,Scaled up instances,118
I04778,19-07-2026 01:00,Search,East,Critical,CPU,533.81,Auto generated incident log,Scaled up instances,87
I04779,19-07-2026 02:00,Payment,South,Low,Latency,145.72,Auto generated incident log,Optimized queries,45
I04780,19-07-2026 03:00,Orders,South,Low,ErrorRate,447.11,Auto generated incident log,Optimized queries,106
I04781,19-07-2026 04:00,Orders,North,Low,Memory,417.92,Auto generated incident log,Rolled back deployment,34
I04782,19-07-2026 05:00,Auth,North,Critical,CPU,138.45,Auto generated incident log,Optimized queries,36
I04783,19-07-2026 06:00,Orders,North,Medium,ErrorRate,646.97,Auto generated incident log,Optimized queries,102
I04784,19-07-2026 07:00,Auth,East,Medium,ErrorRate,719.09,Auto generated incident log,Optimized queries,113
I04785,19-07-2026 08:00,Search,South,Medium,CPU,756.87,Auto generated incident log,Rolled back deployment,111
I04786,19-07-2026 09:00,Search,South,High,Throughput,89.62,Auto generated incident log,Restarted service,49
I04787,19-07-2026 10:00,Billing,North,High,ErrorRate,513.58,Auto generated incident log,Scaled up instances,118
I04788,19-07-2026 11:00,Orders,West,Medium,Latency,805.41,Auto generated incident log,Rolled back deployment,73
I04789,19-07-2026 12:00,Billing,South,High,Latency,722.74,Auto generated incident log,Restarted service,81
I04790,19-07-2026 13:00,Search,North,Low,ErrorRate,611.7,Auto generated incident log,Optimized queries,7
I04791,19-07-2026 14:00,Billing,North,High,Latency,213.58,Auto generated incident log,Scaled up instances,58
I04792,19-07-2026 15:00,Billing,West,Medium,ErrorRate,501.68,Auto generated incident log,Optimized queries,106
I04793,19-07-2026 16:00,Auth,West,High,Memory,749.62,Auto generated incident log,Increased cache,56
I04794,19-07-2026 17:00,Search,East,Low,ErrorRate,230.48,Auto generated incident log,Restarted service,77
I04795,19-07-2026 18:00,Auth,East,Critical,Latency,403.1,Auto generated incident log,Restarted service,17
I04796,19-07-2026 19:00,Orders,East,Low,Latency,686.79,Auto generated incident log,Rolled back deployment,44
I04797,19-07-2026 20:00,Billing,East,Low,Memory,432.52,Auto generated incident log,Increased cache,45
I04798,19-07-2026 21:00,Billing,East,High,Throughput,696.04,Auto generated incident log,Rolled back deployment,44
I04799,19-07-2026 22:00,Auth,East,Low,CPU,852.32,Auto generated incident log,Rolled back deployment,92
I04800,19-07-2026 23:00,Billing,South,Low,Latency,38.78,Auto generated incident log,Increased cache,89
I04801,20-07-2026 00:00,Billing,East,High,Memory,876.52,Auto generated incident log,Scaled up instances,37
I04802,20-07-2026 01:00,Billing,North,Critical,Memory,636.8,Auto generated incident log,Increased cache,17
I04803,20-07-2026 02:00,Orders,North,High,Memory,696.39,Auto generated incident log,Scaled up instances,95
I04804,20-07-2026 03:00,Orders,North,Low,ErrorRate,351.51,Auto generated incident log,Increased cache,80
I04805,20-07-2026 04:00,Orders,East,High,ErrorRate,586.22,Auto generated incident log,Scaled up instances,69
I04806,20-07-2026 05:00,Orders,North,High,Latency,220.63,Auto generated incident log,Restarted service,88
I04807,20-07-2026 06:00,Search,North,Low,CPU,767.23,Auto generated incident log,Optimized queries,8
I04808,20-07-2026 07:00,Billing,South,Medium,Throughput,655.46,Auto generated incident log,Increased cache,61
I04809,20-07-2026 08:00,Billing,North,Critical,Throughput,450.31,Auto generated incident log,Restarted service,45
I04810,20-07-2026 09:00,Orders,East,Low,Latency,338.43,Auto generated incident log,Increased cache,81
I04811,20-07-2026 10:00,Auth,North,High,Memory,784.09,Auto generated incident log,Increased cache,47
I04812,20-07-2026 11:00,Payment,South,Low,Memory,671.01,Auto generated incident log,Increased cache,92
I04813,20-07-2026 12:00,Auth,West,Medium,Latency,800.35,Auto generated incident log,Increased cache,118
I04814,20-07-2026 13:00,Billing,East,High,Memory,212.73,Auto generated incident log,Scaled up instances,113
I04815,20-07-2026 14:00,Search,East,High,Throughput,535.17,Auto generated incident log,Increased cache,29
I04816,20-07-2026 15:00,Orders,South,Low,Throughput,664.57,Auto generated incident log,Restarted service,35
I04817,20-07-2026 16:00,Auth,West,Medium,Throughput,227.42,Auto generated incident log,Increased cache,87
I04818,20-07-2026 17:00,Orders,South,Medium,ErrorRate,945.65,Auto generated incident log,Optimized queries,106
I04819,20-07-2026 18:00,Auth,South,Low,Memory,625.44,Auto generated incident log,Restarted service,5
I04820,20-07-2026 19:00,Billing,West,Low,Memory,838.53,Auto generated incident log,Increased cache,71
I04821,20-07-2026 20:00,Payment,South,High,Memory,543.83,Auto generated incident log,Restarted service,70
I04822,20-07-2026 21:00,Payment,South,Medium,Latency,913.09,Auto generated incident log,Rolled back deployment,60
I04823,20-07-2026 22:00,Search,West,Low,ErrorRate,390.43,Auto generated incident log,Restarted service,101
I04824,20-07-2026 23:00,Search,North,Low,Latency,139.13,Auto generated incident log,Increased cache,54
I04825,21-07-2026 00:00,Search,East,Medium,Memory,880.36,Auto generated incident log,Restarted service,36
I04826,21-07-2026 01:00,Auth,East,Low,Throughput,272.2,Auto generated incident log,Restarted service,22
I04827,21-07-2026 02:00,Orders,North,Medium,Memory,82.51,Auto generated incident log,Increased cache,108
I04828,21-07-2026 03:00,Payment,North,High,ErrorRate,40.45,Auto generated incident log,Scaled up instances,81
I04829,21-07-2026 04:00,Search,West,High,CPU,489.12,Auto generated incident log,Rolled back deployment,109
I04830,21-07-2026 05:00,Payment,West,Medium,CPU,680.09,Auto generated incident log,Scaled up instances,36
I04831,21-07-2026 06:00,Search,West,Low,Throughput,495.34,Auto generated incident log,Restarted service,83
I04832,21-07-2026 07:00,Billing,North,Critical,Latency,435.61,Auto generated incident log,Optimized queries,29
I04833,21-07-2026 08:00,Auth,South,Medium,ErrorRate,431.92,Auto generated incident log,Rolled back deployment,77
I04834,21-07-2026 09:00,Auth,North,Medium,ErrorRate,938.63,Auto generated incident log,Increased cache,99
I04835,21-07-2026 10:00,Payment,North,Critical,CPU,655.2,Auto generated incident log,Restarted service,84
I04836,21-07-2026 11:00,Search,South,Low,Throughput,127.07,Auto generated incident log,Scaled up instances,21
I04837,21-07-2026 12:00,Search,East,Low,Throughput,311.48,Auto generated incident log,Increased cache,99
I04838,21-07-2026 13:00,Orders,East,High,Latency,346.74,Auto generated incident log,Increased cache,113
I04839,21-07-2026 14:00,Search,East,Medium,Throughput,257.8,Auto generated incident log,Increased cache,102
I04840,21-07-2026 15:00,Orders,East,Low,Latency,842.33,Auto generated incident log,Restarted service,50
I04841,21-07-2026 16:00,Auth,West,Medium,ErrorRate,921.26,Auto generated incident log,Scaled up instances,95
I04842,21-07-2026 17:00,Auth,East,Medium,Latency,885.91,Auto generated incident log,Increased cache,8
I04843,21-07-2026 18:00,Orders,South,Low,Throughput,568.24,Auto generated incident log,Rolled back deployment,33
I04844,21-07-2026 19:00,Orders,North,Low,CPU,843.53,Auto generated incident log,Scaled up instances,46
I04845,21-07-2026 20:00,Billing,East,High,Latency,596.19,Auto generated incident log,Scaled up instances,86
I04846,21-07-2026 21:00,Orders,South,Medium,Latency,492.72,Auto generated incident log,Restarted service,79
I04847,21-07-2026 22:00,Payment,West,Critical,CPU,43.07,Auto generated incident log,Rolled back deployment,12
I04848,21-07-2026 23:00,Payment,North,Critical,Latency,943.67,Auto generated incident log,Optimized queries,54
I04849,22-07-2026 00:00,Billing,West,High,Throughput,379.93,Auto generated incident log,Increased cache,58
I04850,22-07-2026 01:00,Payment,West,Medium,ErrorRate,31.74,Auto generated incident log,Rolled back deployment,95
I04851,22-07-2026 02:00,Billing,North,Medium,Throughput,660.92,Auto generated incident log,Optimized queries,95
I04852,22-07-2026 03:00,Billing,East,High,ErrorRate,777.38,Auto generated incident log,Restarted service,91
I04853,22-07-2026 04:00,Billing,North,Low,Memory,397.43,Auto generated incident log,Rolled back deployment,74
I04854,22-07-2026 05:00,Search,West,Low,CPU,820.33,Auto generated incident log,Increased cache,76
I04855,22-07-2026 06:00,Billing,West,Low,ErrorRate,705.53,Auto generated incident log,Scaled up instances,59
I04856,22-07-2026 07:00,Billing,East,Low,ErrorRate,883,Auto generated incident log,Restarted service,91
I04857,22-07-2026 08:00,Orders,East,Medium,CPU,730.91,Auto generated incident log,Increased cache,75
I04858,22-07-2026 09:00,Billing,West,Medium,CPU,919.82,Auto generated incident log,Increased cache,54
I04859,22-07-2026 10:00,Search,West,High,ErrorRate,293.16,Auto generated incident log,Optimized queries,117
I04860,22-07-2026 11:00,Billing,West,Critical,Memory,2.29,Auto generated incident log,Increased cache,7
I04861,22-07-2026 12:00,Orders,North,High,Throughput,966.77,Auto generated incident log,Rolled back deployment,96
I04862,22-07-2026 13:00,Orders,East,Medium,Latency,723.7,Auto generated incident log,Scaled up instances,28
I04863,22-07-2026 14:00,Billing,South,Medium,ErrorRate,331.55,Auto generated incident log,Optimized queries,37
I04864,22-07-2026 15:00,Billing,South,Low,CPU,349.46,Auto generated incident log,Scaled up instances,76
I04865,22-07-2026 16:00,Payment,East,Low,ErrorRate,24.81,Auto generated incident log,Increased cache,59
I04866,22-07-2026 17:00,Billing,North,Low,CPU,315.44,Auto generated incident log,Restarted service,7
I04867,22-07-2026 18:00,Billing,East,Medium,Throughput,392.59,Auto generated incident log,Increased cache,78
I04868,22-07-2026 19:00,Search,East,Low,Throughput,844.21,Auto generated incident log,Scaled up instances,23
I04869,22-07-2026 20:00,Orders,West,Critical,Memory,536.23,Auto generated incident log,Scaled up instances,105
I04870,22-07-2026 21:00,Payment,West,High,Latency,269.74,Auto generated incident log,Optimized queries,74
I04871,22-07-2026 22:00,Billing,South,High,Throughput,891.07,Auto generated incident log,Rolled back deployment,119
I04872,22-07-2026 23:00,Orders,North,Low,Latency,782.82,Auto generated incident log,Increased cache,33
I04873,23-07-2026 00:00,Payment,East,Low,CPU,438.21,Auto generated incident log,Restarted service,14
I04874,23-07-2026 01:00,Orders,West,Low,Throughput,251.38,Auto generated incident log,Rolled back deployment,65
I04875,23-07-2026 02:00,Search,West,Low,ErrorRate,448.17,Auto generated incident log,Increased cache,113
I04876,23-07-2026 03:00,Billing,North,Low,Memory,793.96,Auto generated incident log,Scaled up instances,105
I04877,23-07-2026 04:00,Billing,East,High,Memory,383.2,Auto generated incident log,Restarted service,34
I04878,23-07-2026 05:00,Auth,South,Low,Memory,988.05,Auto generated incident log,Restarted service,23
I04879,23-07-2026 06:00,Orders,North,Critical,CPU,849.3,Auto generated incident log,Increased cache,115
I04880,23-07-2026 07:00,Auth,East,Medium,Memory,376.3,Auto generated incident log,Increased cache,56
I04881,23-07-2026 08:00,Billing,South,Low,Throughput,85.19,Auto generated incident log,Scaled up instances,84
I04882,23-07-2026 09:00,Payment,West,Critical,Latency,728.43,Auto generated incident log,Rolled back deployment,12
I04883,23-07-2026 10:00,Billing,North,Low,Latency,618.7,Auto generated incident log,Restarted service,88
I04884,23-07-2026 11:00,Billing,West,High,Memory,857.07,Auto generated incident log,Rolled back deployment,103
I04885,23-07-2026 12:00,Auth,West,Medium,ErrorRate,628.55,Auto generated incident log,Optimized queries,117
I04886,23-07-2026 13:00,Auth,West,Medium,Memory,442,Auto generated incident log,Optimized queries,18
I04887,23-07-2026 14:00,Search,South,Critical,Memory,429.79,Auto generated incident log,Increased cache,98
I04888,23-07-2026 15:00,Auth,West,Medium,Latency,283.22,Auto generated incident log,Increased cache,30
I04889,23-07-2026 16:00,Search,South,Critical,Memory,902.36,Auto generated incident log,Scaled up instances,108
I04890,23-07-2026 17:00,Orders,East,High,ErrorRate,987.01,Auto generated incident log,Restarted service,17
I04891,23-07-2026 18:00,Orders,South,Low,CPU,409.43,Auto generated incident log,Scaled up instances,48
I04892,23-07-2026 19:00,Billing,West,High,Throughput,887.19,Auto generated incident log,Rolled back deployment,51
I04893,23-07-2026 20:00,Billing,East,Medium,Throughput,862.93,Auto generated incident log,Scaled up instances,31
I04894,23-07-2026 21:00,Auth,North,Low,CPU,682.53,Auto generated incident log,Optimized queries,69
I04895,23-07-2026 22:00,Payment,East,Low,CPU,449.35,Auto generated incident log,Scaled up instances,50
I04896,23-07-2026 23:00,Billing,South,Low,Latency,474.03,Auto generated incident log,Scaled up instances,57
I04897,24-07-2026 00:00,Payment,East,Low,ErrorRate,388.74,Auto generated incident log,Increased cache,34
I04898,24-07-2026 01:00,Auth,East,Critical,CPU,182.66,Auto generated incident log,Increased cache,9
I04899,24-07-2026 02:00,Billing,West,Medium,ErrorRate,115.96,Auto generated incident log,Scaled up instances,97
I04900,24-07-2026 03:00,Orders,North,Critical,Throughput,53.43,Auto generated incident log,Optimized queries,11
I04901,24-07-2026 04:00,Search,East,Low,CPU,928.89,Auto generated incident log,Rolled back deployment,36
I04902,24-07-2026 05:00,Auth,East,High,ErrorRate,843.08,Auto generated incident log,Restarted service,70
I04903,24-07-2026 06:00,Billing,North,Low,Throughput,35.08,Auto generated incident log,Restarted service,53
I04904,24-07-2026 07:00,Payment,West,Critical,ErrorRate,704.64,Auto generated incident log,Restarted service,54
I04905,24-07-2026 08:00,Auth,South,High,Latency,236.68,Auto generated incident log,Rolled back deployment,84
I04906,24-07-2026 09:00,Orders,North,Low,Latency,891.93,Auto generated incident log,Increased cache,107
I04907,24-07-2026 10:00,Search,East,Medium,Latency,957.95,Auto generated incident log,Rolled back deployment,61
I04908,24-07-2026 11:00,Search,North,Medium,ErrorRate,974.88,Auto generated incident log,Increased cache,106
I04909,24-07-2026 12:00,Auth,North,Medium,Memory,696.5,Auto generated incident log,Optimized queries,60
I04910,24-07-2026 13:00,Orders,West,Low,Latency,406.76,Auto generated incident log,Increased cache,36
I04911,24-07-2026 14:00,Auth,South,High,CPU,37.48,Auto generated incident log,Scaled up instances,30
I04912,24-07-2026 15:00,Orders,East,Low,Memory,183.84,Auto generated incident log,Scaled up instances,106
I04913,24-07-2026 16:00,Orders,West,Low,CPU,188.56,Auto generated incident log,Rolled back deployment,40
I04914,24-07-2026 17:00,Search,North,Medium,ErrorRate,682.98,Auto generated incident log,Optimized queries,71
I04915,24-07-2026 18:00,Orders,West,Low,Throughput,250.33,Auto generated incident log,Increased cache,110
I04916,24-07-2026 19:00,Auth,East,Low,ErrorRate,171.35,Auto generated incident log,Increased cache,79
I04917,24-07-2026 20:00,Search,East,Medium,ErrorRate,789.3,Auto generated incident log,Scaled up instances,73
I04918,24-07-2026 21:00,Search,East,Low,Latency,608.41,Auto generated incident log,Increased cache,10
I04919,24-07-2026 22:00,Orders,West,Low,CPU,303.48,Auto generated incident log,Increased cache,119
I04920,24-07-2026 23:00,Search,West,Low,CPU,408.72,Auto generated incident log,Optimized queries,10
I04921,25-07-2026 00:00,Payment,North,Low,Memory,667.38,Auto generated incident log,Optimized queries,45
I04922,25-07-2026 01:00,Search,East,Low,Throughput,988.12,Auto generated incident log,Restarted service,20
I04923,25-07-2026 02:00,Orders,North,Low,Throughput,286.92,Auto generated incident log,Optimized queries,60
I04924,25-07-2026 03:00,Search,East,High,CPU,252.96,Auto generated incident log,Scaled up instances,73
I04925,25-07-2026 04:00,Orders,East,High,Throughput,889.91,Auto generated incident log,Scaled up instances,32
I04926,25-07-2026 05:00,Orders,North,Low,Throughput,231.04,Auto generated incident log,Increased cache,21
I04927,25-07-2026 06:00,Search,South,High,CPU,489.24,Auto generated incident log,Optimized queries,95
I04928,25-07-2026 07:00,Orders,West,Critical,ErrorRate,853.87,Auto generated incident log,Rolled back deployment,108
I04929,25-07-2026 08:00,Payment,West,Medium,Latency,688.16,Auto generated incident log,Restarted service,91
I04930,25-07-2026 09:00,Orders,West,High,Memory,19.44,Auto generated incident log,Rolled back deployment,47
I04931,25-07-2026 10:00,Billing,North,Critical,Throughput,431.62,Auto generated incident log,Scaled up instances,59
I04932,25-07-2026 11:00,Payment,North,Low,CPU,30.58,Auto generated incident log,Restarted service,14
I04933,25-07-2026 12:00,Auth,South,Low,Throughput,382.74,Auto generated incident log,Scaled up instances,53
I04934,25-07-2026 13:00,Search,North,Medium,ErrorRate,194,Auto generated incident log,Rolled back deployment,19
I04935,25-07-2026 14:00,Auth,South,Medium,Latency,638.37,Auto generated incident log,Scaled up instances,52
I04936,25-07-2026 15:00,Auth,West,Medium,ErrorRate,130.58,Auto generated incident log,Rolled back deployment,74
I04937,25-07-2026 16:00,Payment,East,High,Memory,244.44,Auto generated incident log,Rolled back deployment,49
I04938,25-07-2026 17:00,Billing,East,Medium,Throughput,606.96,Auto generated incident log,Increased cache,47
I04939,25-07-2026 18:00,Search,West,Low,ErrorRate,294.97,Auto generated incident log,Optimized queries,111
I04940,25-07-2026 19:00,Auth,North,Medium,Latency,915.08,Auto generated incident log,Restarted service,63
I04941,25-07-2026 20:00,Search,West,Medium,ErrorRate,234.68,Auto generated incident log,Restarted service,69
I04942,25-07-2026 21:00,Orders,North,High,Latency,279.7,Auto generated incident log,Increased cache,91
I04943,25-07-2026 22:00,Billing,East,High,ErrorRate,413.56,Auto generated incident log,Rolled back deployment,102
I04944,25-07-2026 23:00,Search,East,Low,ErrorRate,72.44,Auto generated incident log,Rolled back deployment,18
I04945,26-07-2026 00:00,Billing,East,Medium,ErrorRate,753.16,Auto generated incident log,Optimized queries,57
I04946,26-07-2026 01:00,Payment,North,Critical,ErrorRate,632.31,Auto generated incident log,Increased cache,68
I04947,26-07-2026 02:00,Auth,West,Low,Throughput,677.63,Auto generated incident log,Increased cache,117
I04948,26-07-2026 03:00,Payment,South,Medium,Memory,824.43,Auto generated incident log,Rolled back deployment,50
I04949,26-07-2026 04:00,Search,East,Low,ErrorRate,594.47,Auto generated incident log,Scaled up instances,116
I04950,26-07-2026 05:00,Search,North,Medium,Throughput,286.13,Auto generated incident log,Rolled back deployment,41
I04951,26-07-2026 06:00,Orders,West,Low,Memory,660.54,Auto generated incident log,Rolled back deployment,104
I04952,26-07-2026 07:00,Billing,East,Critical,Memory,421.56,Auto generated incident log,Increased cache,46
I04953,26-07-2026 08:00,Auth,East,Medium,ErrorRate,848.34,Auto generated incident log,Optimized queries,83
I04954,26-07-2026 09:00,Billing,East,High,Memory,836.71,Auto generated incident log,Optimized queries,30
I04955,26-07-2026 10:00,Orders,South,High,Memory,607.37,Auto generated incident log,Optimized queries,72
I04956,26-07-2026 11:00,Payment,West,Critical,Throughput,349.64,Auto generated incident log,Rolled back deployment,92
I04957,26-07-2026 12:00,Orders,West,High,CPU,739.92,Auto generated incident log,Optimized queries,65
I04958,26-07-2026 13:00,Orders,East,High,Latency,145.55,Auto generated incident log,Restarted service,99
I04959,26-07-2026 14:00,Payment,North,High,ErrorRate,402.03,Auto generated incident log,Optimized queries,91
I04960,26-07-2026 15:00,Payment,West,Medium,Throughput,617.02,Auto generated incident log,Rolled back deployment,119
I04961,26-07-2026 16:00,Billing,North,Medium,Latency,290.68,Auto generated incident log,Increased cache,16
I04962,26-07-2026 17:00,Search,West,Low,Latency,992.31,Auto generated incident log,Increased cache,94
I04963,26-07-2026 18:00,Search,West,Medium,ErrorRate,909.56,Auto generated incident log,Rolled back deployment,43
I04964,26-07-2026 19:00,Billing,South,Critical,ErrorRate,545.72,Auto generated incident log,Rolled back deployment,98
I04965,26-07-2026 20:00,Auth,East,High,Latency,24.59,Auto generated incident log,Restarted service,105
I04966,26-07-2026 21:00,Auth,North,High,ErrorRate,689.02,Auto generated incident log,Rolled back deployment,16
I04967,26-07-2026 22:00,Billing,South,Critical,Latency,642.25,Auto generated incident log,Optimized queries,103
I04968,26-07-2026 23:00,Orders,South,Low,CPU,742.42,Auto generated incident log,Scaled up instances,31
I04969,27-07-2026 00:00,Auth,West,High,Memory,757.75,Auto generated incident log,Restarted service,44
I04970,27-07-2026 01:00,Billing,West,Medium,Latency,707.23,Auto generated incident log,Rolled back deployment,98
I04971,27-07-2026 02:00,Search,West,Low,Memory,821.38,Auto generated incident log,Restarted service,14
I04972,27-07-2026 03:00,Search,East,High,ErrorRate,583.01,Auto generated incident log,Rolled back deployment,116
I04973,27-07-2026 04:00,Search,North,Low,Throughput,675.02,Auto generated incident log,Scaled up instances,102
I04974,27-07-2026 05:00,Orders,West,High,CPU,956.05,Auto generated incident log,Increased cache,34
I04975,27-07-2026 06:00,Search,North,Medium,CPU,183.43,Auto generated incident log,Increased cache,45
I04976,27-07-2026 07:00,Orders,South,High,CPU,999.54,Auto generated incident log,Increased cache,10
I04977,27-07-2026 08:00,Payment,West,Medium,Throughput,441.84,Auto generated incident log,Restarted service,35
I04978,27-07-2026 09:00,Payment,West,Medium,CPU,78.52,Auto generated incident log,Rolled back deployment,42
I04979,27-07-2026 10:00,Payment,North,High,CPU,81.73,Auto generated incident log,Optimized queries,78
I04980,27-07-2026 11:00,Search,South,High,Latency,790.2,Auto generated incident log,Increased cache,73
I04981,27-07-2026 12:00,Billing,North,Low,Throughput,864.18,Auto generated incident log,Restarted service,84
I04982,27-07-2026 13:00,Billing,South,Low,Latency,326.39,Auto generated incident log,Restarted service,68
I04983,27-07-2026 14:00,Payment,South,Critical,Latency,871.14,Auto generated incident log,Increased cache,41
I04984,27-07-2026 15:00,Payment,North,High,ErrorRate,958.81,Auto generated incident log,Optimized queries,89
I04985,27-07-2026 16:00,Billing,West,Medium,ErrorRate,191.65,Auto generated incident log,Scaled up instances,68
I04986,27-07-2026 17:00,Search,South,Low,Memory,645.18,Auto generated incident log,Rolled back deployment,41
I04987,27-07-2026 18:00,Orders,North,Medium,Latency,145.46,Auto generated incident log,Rolled back deployment,18
I04988,27-07-2026 19:00,Orders,West,High,ErrorRate,551.69,Auto generated incident log,Increased cache,18
I04989,27-07-2026 20:00,Auth,East,Medium,ErrorRate,890.01,Auto generated incident log,Restarted service,18
I04990,27-07-2026 21:00,Orders,South,Medium,CPU,113.04,Auto generated incident log,Increased cache,105
I04991,27-07-2026 22:00,Orders,South,Critical,CPU,763.18,Auto generated incident log,Increased cache,11
I04992,27-07-2026 23:00,Orders,East,Low,Throughput,522.96,Auto generated incident log,Scaled up instances,100
I04993,28-07-2026 00:00,Billing,East,Low,Latency,724.6,Auto generated incident log,Increased cache,42
I04994,28-07-2026 01:00,Billing,East,High,ErrorRate,331.67,Auto generated incident log,Optimized queries,111
I04995,28-07-2026 02:00,Auth,North,Critical,ErrorRate,779.87,Auto generated incident log,Increased cache,76
I04996,28-07-2026 03:00,Orders,South,Medium,Latency,928.84,Auto generated incident log,Scaled up instances,105
I04997,28-07-2026 04:00,Search,East,Critical,CPU,485.25,Auto generated incident log,Scaled up instances,12
I04998,28-07-2026 05:00,Search,West,Critical,Latency,714.39,Auto generated incident log,Scaled up instances,102
I04999,28-07-2026 06:00,Billing,North,Medium,Memory,792.54,Auto generated incident log,Restarted service,45
I05000,28-07-2026 07:00,Orders,South,Low,Latency,385.77,Auto generated incident log,Rolled back deployment,88
